id,store_id,employee_code,full_name,national_id,role,hired_at,hourly_rate,active
1,1,EMP-00001,Ángel Osuna Benavente,10005938H,Department manager,2018-02-18,18.84,true
2,8,EMP-00002,Socorro Tomás Clavero,74212741K,Butcher,2022-12-04,14.24,true
3,8,EMP-00003,Rosalinda Ribera Catalá,50064658Y,Department manager,2022-11-24,21.77,true
4,7,EMP-00004,Virgilio del Bueno,62956967X,Shelf stacker,2023-06-04,9.37,true
5,2,EMP-00005,Florencia Redondo Somoza,25213311K,Cashier,2019-11-27,9.70,true
6,7,EMP-00006,Javiera Barrena,75874255S,Security,2022-04-22,11.25,true
7,4,EMP-00007,Yésica del Carro,23548752H,Security,2019-09-04,11.58,true
8,5,EMP-00008,Clara Ibarra Villanueva,56734829Q,Cashier,2022-11-12,9.99,true
9,3,EMP-00009,Oriana Riba Rodrigo,20076322J,Cashier,2023-01-26,12.69,true
10,7,EMP-00010,Gabriela Carmen Galvez Cuadrado,26922672E,Cashier,2023-05-05,9.05,true
11,1,EMP-00011,Ana Piedad Garcia Tena,96725075R,Department manager,2011-10-05,19.40,false
12,5,EMP-00012,Carmelita de Nieto,82272611R,Shelf stacker,2023-07-15,10.71,true
13,4,EMP-00013,Elba Martinez Marti,62442536C,Shelf stacker,2024-04-26,9.39,true
14,5,EMP-00014,Ileana de Contreras,41231148Z,Security,2024-01-27,12.00,false
15,1,EMP-00015,Julio César Villena Castillo,52781591H,Shelf stacker,2018-01-13,11.62,true
16,5,EMP-00016,Isaura Téllez Raya,65625075A,Cashier,2024-11-06,9.00,true
17,2,EMP-00017,Paulina Valbuena Lucena,82861432E,Shelf stacker,2014-06-16,9.84,true
18,7,EMP-00018,Donato Vicens Avilés,27558780L,Cashier,2022-01-14,9.18,true
19,4,EMP-00019,Gil Bermudez Alemán,05843556S,Security,2024-05-15,12.18,true
20,3,EMP-00020,Victor Mayol Morales,41487274N,Baker,2022-02-23,11.34,true
21,8,EMP-00021,Mariano Peinado Solana,20355585X,Cashier,2023-05-21,10.73,true
22,6,EMP-00022,Ruben Gimeno,62920178K,Store manager,2011-04-23,23.30,true
23,6,EMP-00023,Herberto de Montserrat,09385466V,Cashier,2012-08-20,11.33,true
24,5,EMP-00024,Mariano de Amores,53072104H,Fishmonger,2023-05-19,14.30,true
25,1,EMP-00025,Ignacio Cobos Baños,70329909A,Baker,2011-08-09,13.80,true
26,5,EMP-00026,Ruth Sobrino Araujo,38160744H,Baker,2024-09-04,11.07,true
27,4,EMP-00027,Modesta Barco Reguera,64443399K,Department manager,2021-10-11,17.72,false
28,8,EMP-00028,Victoria Maxi Pozuelo Palma,71308001C,Cashier,2024-12-02,10.36,true
29,8,EMP-00029,Poncio Ledesma Lucena,01028823X,Cashier,2021-03-26,9.58,true
30,7,EMP-00030,Reynaldo Torrijos Rubio,74916523A,Cashier,2022-07-09,9.00,true
31,5,EMP-00031,Roberta Borja Vera,87626841S,Cashier,2025-05-14,10.32,true
32,2,EMP-00032,José Luis Donoso Riera,92503231Z,Shelf stacker,2023-11-05,9.76,true
33,7,EMP-00033,Rosario Pomares Fuertes,86550559H,Cashier,2023-09-13,10.07,true
34,2,EMP-00034,Pedro Frías Gisbert,34223534V,Baker,2019-05-18,12.60,true
35,6,EMP-00035,Ovidio Arranz Viana,71165875B,Security,2016-02-12,10.46,false
36,7,EMP-00036,Ceferino Valera,16176647B,Baker,2023-07-09,13.53,true
37,2,EMP-00037,Esmeralda Lluch Vazquez,96590488X,Store manager,2015-10-14,19.47,true
38,6,EMP-00038,Carolina de Valdés,70997624M,Fishmonger,2011-12-13,13.32,true
39,2,EMP-00039,Feliciana de Peláez,27282600T,Cashier,2023-08-09,9.62,false
40,4,EMP-00040,Ambrosio del Vázquez,53036407V,Department manager,2020-12-10,13.16,true
41,3,EMP-00041,Elías Blanco Becerra,87492923A,Fishmonger,2024-02-22,13.67,true
42,2,EMP-00042,Erasmo Mercader Pellicer,38119156Z,Cashier,2021-10-09,10.67,true
43,8,EMP-00043,Francisco Salas,46231179Y,Butcher,2024-08-12,15.01,true
44,7,EMP-00044,Porfirio Alberdi Zamora,38041912G,Store manager,2023-05-31,23.23,true
45,6,EMP-00045,Jimena Jara Llano,82092523A,Fishmonger,2021-05-01,12.70,true
46,1,EMP-00046,Édgar del Galiano,80612238K,Butcher,2010-03-09,14.93,true
47,8,EMP-00047,Mercedes Falcón Rocamora,25482242J,Cashier,2024-03-26,9.51,true
48,8,EMP-00048,Eligia de Álvaro,42089704A,Department manager,2023-10-27,16.19,true
49,6,EMP-00049,Dimas de Sastre,99335626Y,Fishmonger,2022-04-05,12.00,true
50,5,EMP-00050,Florencio Santana Aguilera,23451825J,Shelf stacker,2024-10-10,9.23,true
51,1,EMP-00051,Felicia Rodriguez Plaza,58297893T,Department manager,2022-07-11,17.20,true
52,3,EMP-00052,María Teresa Fabregat Cabezas,20798120W,Cashier,2021-12-03,10.20,false
53,5,EMP-00053,Bernarda Blanca Verdejo,85702717W,Butcher,2025-02-07,13.62,true
54,1,EMP-00054,María Luisa Hierro Otero,41524619M,Baker,2017-05-05,15.63,true
55,7,EMP-00055,Porfirio Pi-Bosch,34683304V,Cashier,2023-09-24,10.73,true
56,5,EMP-00056,Iker del Menendez,26360954X,Butcher,2023-10-15,15.96,true
57,4,EMP-00057,Crescencia Bustamante,82912893D,Department manager,2022-11-09,14.41,true
58,1,EMP-00058,Olimpia Jara Portero,21133879F,Baker,2021-03-18,12.42,true
59,5,EMP-00059,Lucila Verdú Oliveras,73358680L,Fishmonger,2023-04-27,12.81,true
60,1,EMP-00060,Estrella Llamas Calzada,83319677S,Department manager,2019-06-22,13.58,true
61,8,EMP-00061,Florinda Bou Carreño,68019730J,Cashier,2020-08-30,9.00,true
62,6,EMP-00062,Marita Bas Salinas,38422044S,Cashier,2016-03-27,11.75,true
63,3,EMP-00063,Plácido Grau,81103410M,Butcher,2020-09-19,14.24,true
64,6,EMP-00064,Rosario Pedraza Vicens,87328519A,Shelf stacker,2022-07-21,10.35,true
65,8,EMP-00065,Viviana Bolaños-Cardona,23147331Q,Cashier,2021-07-11,13.46,true
66,8,EMP-00066,Gerónimo Hurtado Frutos,44097825V,Security,2020-09-29,9.90,true
67,7,EMP-00067,Asunción Custodia Sáez Dávila,72658394Z,Butcher,2023-08-01,17.23,true
68,3,EMP-00068,Cristian Fajardo,58476061X,Fishmonger,2024-09-11,14.83,false
69,4,EMP-00069,Begoña del Paz,18743821V,Cashier,2019-12-14,9.19,true
70,1,EMP-00070,Bienvenida Bertrán Borrell,00831439N,Department manager,2014-10-16,11.38,true
71,6,EMP-00071,Reyes Ruy Luz Valencia,95465999Z,Cashier,2023-09-14,10.23,true
72,1,EMP-00072,Matilde del Pomares,26962243X,Cashier,2014-11-06,9.00,true
73,7,EMP-00073,Erasmo Jordán Caro,18647379Z,Cashier,2025-02-16,11.16,true
74,8,EMP-00074,Paz Echeverría Vazquez,97638273F,Baker,2021-10-31,14.94,true
75,1,EMP-00075,Serafina Alarcón Aguiló,94248425Z,Butcher,2021-05-07,12.12,true
76,6,EMP-00076,Dalila de Vazquez,49286721K,Cashier,2012-05-22,9.81,true
77,2,EMP-00077,Claudio León-Segura,27273245Y,Cashier,2019-03-27,9.96,true
78,3,EMP-00078,Cristian Mir-Elorza,42838090S,Baker,2020-08-25,14.12,true
79,1,EMP-00079,Renato Cuenca Sabater,29839779Q,Department manager,2015-03-15,16.35,true
80,2,EMP-00080,Isidoro Valbuena-Mariscal,17750994P,Fishmonger,2016-09-27,14.80,true
81,1,EMP-00081,Maristela Cañellas-Díaz,58714772G,Shelf stacker,2022-07-11,10.66,true
82,5,EMP-00082,Silvia Amelia Amigó Llabrés,44878367P,Department manager,2023-01-25,16.63,true
83,8,EMP-00083,Javi Rovira Royo,04910123Z,Shelf stacker,2024-01-24,10.12,false
84,8,EMP-00084,Severiano Colomer Andres,21902768Y,Cashier,2025-01-04,9.92,true
85,2,EMP-00085,Amando de Gálvez,50671106J,Cashier,2012-01-27,9.00,true
86,8,EMP-00086,Domitila Briones Toro,85410552Y,Shelf stacker,2023-10-26,9.00,true
87,7,EMP-00087,Amaya Bosch Marti,00659571T,Department manager,2023-09-26,17.10,true
88,3,EMP-00088,Eugenia Gabaldón Portero,39254656G,Shelf stacker,2020-09-24,9.29,true
89,5,EMP-00089,Íñigo Morera Jordán,16332887N,Cashier,2023-12-24,10.58,true
90,8,EMP-00090,Glauco Malo Aguilar,66144326Y,Shelf stacker,2024-10-18,9.67,true
91,4,EMP-00091,Clímaco del Anaya,67787778Q,Cashier,2020-02-11,10.47,true
92,7,EMP-00092,Tiburcio Ariza Rincón,68835635Q,Shelf stacker,2022-12-18,10.06,true
93,7,EMP-00093,Florentina Evelia Anglada Cal,43989242V,Cashier,2025-03-09,10.51,false
94,8,EMP-00094,Luisina Criado,82416948J,Cashier,2024-07-19,9.97,true
95,6,EMP-00095,Marianela del Juárez,89402131G,Cashier,2024-05-13,9.28,true
96,3,EMP-00096,Alberto Osorio Murillo,60450725D,Butcher,2020-10-05,11.58,true
97,6,EMP-00097,Oriana Paz Antúnez Durán,16887147H,Butcher,2018-07-17,15.08,true
98,2,EMP-00098,Aureliano Roca Torralba,24420606B,Cashier,2016-02-16,11.03,true
99,5,EMP-00099,Patricia Valero Blanch,34735922B,Cashier,2022-11-26,9.03,true
100,5,EMP-00100,Jose de Paz,22191334Z,Shelf stacker,2023-04-18,9.48,true
101,4,EMP-00101,Caridad Rocha Salvador,14904973F,Shelf stacker,2019-12-31,9.47,true
102,8,EMP-00102,Emilio Moliner Ruiz,32996393H,Department manager,2020-10-10,22.91,true
103,8,EMP-00103,Mohamed Alonso Pera,00259099G,Cashier,2022-04-20,9.61,true
104,5,EMP-00104,Lucía de Fuente,85309923W,Butcher,2021-07-13,10.34,false
105,3,EMP-00105,Tania del Pardo,82705630E,Fishmonger,2025-05-24,13.69,false
106,5,EMP-00106,Yolanda Duque,96370403N,Baker,2024-05-27,10.45,true
107,1,EMP-00107,Calixta Segovia Salom,07898300P,Shelf stacker,2011-10-22,10.94,true
108,2,EMP-00108,Fidel Amo Hierro,08612078G,Shelf stacker,2012-12-20,10.71,true
109,7,EMP-00109,Ramón Piña Blanes,56847359F,Cashier,2022-10-02,9.34,true
110,3,EMP-00110,Macarena Viviana Malo Cifuentes,47215100X,Cashier,2022-01-03,9.52,false
