id,store_id,product_id,quantity_on_hand,reorder_level,last_restocked_at
1,1,3,36,12,2025-06-27
2,1,19,29,12,2025-06-18
3,1,20,68,25,2025-06-28
4,1,22,41,10,2025-06-27
5,1,24,88,30,2025-06-10
6,1,26,32,25,2025-06-07
7,1,29,52,20,2025-06-18
8,1,33,13,15,2025-06-06
9,1,42,34,15,2025-05-18
10,1,53,27,25,2025-06-22
11,1,56,47,15,2025-06-25
12,1,58,27,10,2025-05-20
13,1,59,25,12,2025-06-14
14,1,60,32,8,2025-06-27
15,1,61,25,8,2025-06-29
16,1,64,16,8,2025-06-14
17,1,71,105,30,2025-06-11
18,1,75,88,25,2025-06-26
19,1,79,22,15,2025-05-21
20,1,80,36,10,2025-06-04
21,1,84,20,8,2025-06-28
22,1,86,29,10,2025-06-06
23,1,92,33,12,2025-06-25
24,1,96,11,8,2025-06-02
25,1,97,26,12,2025-06-22
26,1,102,75,25,2025-06-30
27,1,103,24,15,2025-06-09
28,1,109,37,20,2025-06-27
29,1,114,40,15,2025-06-29
30,1,116,34,12,2025-06-30
31,1,121,89,25,2025-06-29
32,1,125,28,8,2025-06-03
33,1,126,26,8,2025-05-22
34,1,134,27,15,2025-05-26
35,1,150,67,30,2025-06-10
36,1,152,16,10,2025-06-21
37,1,154,22,12,2025-05-29
38,1,157,19,8,2025-05-30
39,1,159,36,10,2025-05-22
40,1,161,67,25,2025-05-19
41,1,162,12,12,2025-06-29
42,1,164,64,20,2025-06-29
43,1,166,11,8,2025-06-26
44,1,168,36,25,2025-05-16
45,1,174,45,15,2025-06-27
46,1,176,38,15,2025-05-25
47,1,183,59,25,2025-06-27
48,1,184,0,20,2025-06-03
49,1,201,26,12,2025-06-29
50,1,205,9,10,2025-05-18
51,1,206,0,12,2025-06-23
52,1,210,76,25,2025-05-29
53,1,219,32,10,2025-06-30
54,1,221,18,8,2025-06-29
55,1,222,66,20,2025-06-16
56,1,227,39,15,2025-05-21
57,1,231,22,10,2025-06-28
58,1,233,40,30,2025-05-23
59,1,234,46,20,2025-06-10
60,1,242,22,25,2025-06-05
61,1,249,41,15,2025-05-31
62,1,254,21,12,2025-06-08
63,1,260,39,20,2025-06-29
64,1,263,0,12,2025-06-30
65,1,271,60,30,2025-06-30
66,1,276,19,20,2025-06-27
67,1,278,61,25,2025-05-21
68,1,281,21,20,2025-05-28
69,1,282,17,8,2025-05-16
70,1,286,28,25,2025-06-08
71,1,293,38,25,2025-06-30
72,1,297,35,10,2025-05-23
73,1,299,32,25,2025-06-28
74,1,315,47,20,2025-06-19
75,1,317,0,15,2025-05-22
76,1,319,26,12,2025-06-08
77,1,323,34,10,2025-05-22
78,1,324,28,10,2025-06-30
79,1,326,25,15,2025-06-12
80,1,337,25,10,2025-06-23
81,1,343,45,25,2025-06-24
82,1,344,13,8,2025-05-21
83,1,346,17,8,2025-06-07
84,1,352,65,15,2025-06-08
85,1,362,47,20,2025-06-18
86,1,363,53,20,2025-06-12
87,1,372,25,15,2025-06-15
88,1,376,40,25,2025-06-01
89,1,377,29,10,2025-06-16
90,1,381,16,10,2025-06-27
91,1,383,53,20,2025-05-24
92,1,386,131,30,2025-05-28
93,1,395,31,15,2025-06-12
94,1,403,23,8,2025-06-03
95,1,409,57,25,2025-06-18
96,1,415,11,15,2025-05-30
97,1,419,95,30,2025-06-12
98,1,423,51,30,2025-06-13
99,1,424,41,25,2025-06-28
100,1,425,47,20,2025-05-16
101,1,431,64,25,2025-05-28
102,1,438,19,10,2025-06-24
103,1,453,89,25,2025-06-07
104,1,485,28,8,2025-06-28
105,1,490,26,12,2025-06-12
106,1,491,51,30,2025-06-14
107,1,495,51,30,2025-05-27
108,1,507,75,20,2025-06-26
109,1,513,17,8,2025-06-27
110,1,516,28,12,2025-06-28
111,1,524,47,25,2025-06-14
112,1,529,37,20,2025-06-21
113,1,533,66,25,2025-06-13
114,1,541,34,25,2025-05-21
115,1,547,78,30,2025-06-27
116,1,552,30,10,2025-06-29
117,1,559,13,10,2025-06-02
118,1,567,20,12,2025-06-03
119,1,570,15,8,2025-06-24
120,1,571,45,15,2025-05-28
121,1,573,26,10,2025-05-30
122,1,579,80,30,2025-05-19
123,1,584,37,15,2025-05-31
124,1,593,14,12,2025-05-28
125,1,597,11,8,2025-06-02
126,2,2,0,30,2025-06-01
127,2,4,92,30,2025-06-07
128,2,6,24,8,2025-05-19
129,2,8,29,10,2025-06-28
130,2,23,98,30,2025-06-30
131,2,24,74,25,2025-06-13
132,2,26,25,10,2025-05-28
133,2,31,80,30,2025-06-27
134,2,37,36,12,2025-06-06
135,2,45,36,15,2025-06-01
136,2,53,22,12,2025-06-22
137,2,55,90,20,2025-06-27
138,2,57,15,12,2025-06-23
139,2,64,22,8,2025-05-26
140,2,67,79,25,2025-05-22
141,2,74,22,10,2025-05-25
142,2,76,60,25,2025-06-27
143,2,77,11,10,2025-06-01
144,2,79,90,30,2025-06-14
145,2,81,22,20,2025-06-29
146,2,98,47,20,2025-06-05
147,2,100,81,30,2025-05-20
148,2,101,36,10,2025-06-30
149,2,105,91,30,2025-06-06
150,2,110,85,30,2025-06-08
151,2,111,56,30,2025-06-21
152,2,120,16,8,2025-06-09
153,2,124,22,12,2025-06-29
154,2,140,46,20,2025-06-16
155,2,146,27,10,2025-05-30
156,2,148,73,25,2025-05-29
157,2,150,78,20,2025-06-25
158,2,153,50,20,2025-06-29
159,2,161,24,10,2025-05-19
160,2,164,81,30,2025-05-22
161,2,168,13,8,2025-06-04
162,2,171,59,15,2025-05-25
163,2,177,53,25,2025-06-12
164,2,179,16,10,2025-06-27
165,2,183,21,10,2025-06-30
166,2,184,40,15,2025-06-13
167,2,192,30,10,2025-06-28
168,2,201,108,30,2025-06-30
169,2,207,47,20,2025-05-16
170,2,210,34,15,2025-05-16
171,2,215,16,12,2025-05-19
172,2,217,23,8,2025-05-17
173,2,218,53,20,2025-06-30
174,2,227,17,10,2025-05-26
175,2,229,18,8,2025-05-19
176,2,239,28,12,2025-06-19
177,2,248,15,15,2025-06-09
178,2,250,77,30,2025-06-10
179,2,255,22,10,2025-06-05
180,2,256,40,12,2025-06-14
181,2,257,23,10,2025-06-01
182,2,262,30,8,2025-06-30
183,2,263,20,10,2025-06-29
184,2,266,47,30,2025-06-14
185,2,268,0,8,2025-06-29
186,2,274,37,25,2025-05-16
187,2,278,33,20,2025-05-18
188,2,286,0,30,2025-05-17
189,2,287,94,30,2025-06-17
190,2,291,28,12,2025-06-18
191,2,292,16,12,2025-06-15
192,2,294,20,10,2025-06-27
193,2,299,54,25,2025-06-28
194,2,300,21,10,2025-06-24
195,2,301,91,25,2025-06-07
196,2,311,24,8,2025-06-16
197,2,315,26,12,2025-06-14
198,2,322,61,20,2025-05-17
199,2,327,13,8,2025-06-16
200,2,333,31,20,2025-06-25
201,2,336,61,30,2025-06-21
202,2,356,19,8,2025-06-02
203,2,371,57,25,2025-06-28
204,2,374,66,20,2025-06-30
205,2,375,48,30,2025-06-28
206,2,379,37,12,2025-06-27
207,2,385,96,30,2025-06-07
208,2,387,88,30,2025-05-17
209,2,394,21,8,2025-06-16
210,2,413,40,15,2025-06-22
211,2,417,65,25,2025-06-21
212,2,420,61,20,2025-06-27
213,2,421,0,15,2025-06-30
214,2,422,54,20,2025-06-03
215,2,428,27,12,2025-05-28
216,2,434,97,25,2025-06-27
217,2,438,41,15,2025-06-09
218,2,442,48,25,2025-06-09
219,2,450,28,8,2025-05-25
220,2,455,59,25,2025-06-17
221,2,456,71,25,2025-06-30
222,2,457,28,15,2025-06-09
223,2,462,77,20,2025-06-25
224,2,464,22,10,2025-06-14
225,2,466,22,20,2025-06-12
226,2,470,15,8,2025-06-01
227,2,471,38,15,2025-06-30
228,2,473,25,12,2025-05-24
229,2,474,100,30,2025-06-22
230,2,481,23,20,2025-06-29
231,2,487,19,8,2025-06-27
232,2,498,8,10,2025-06-15
233,2,499,11,10,2025-06-23
234,2,500,38,12,2025-05-26
235,2,502,24,10,2025-06-22
236,2,504,46,15,2025-06-11
237,2,505,51,30,2025-06-13
238,2,515,26,15,2025-06-29
239,2,516,99,25,2025-06-27
240,2,518,14,8,2025-06-30
241,2,520,40,15,2025-05-24
242,2,535,15,25,2025-05-28
243,2,538,22,8,2025-05-23
244,2,543,36,20,2025-05-27
245,2,552,21,8,2025-06-30
246,2,554,20,20,2025-05-20
247,2,566,49,20,2025-06-27
248,2,567,17,12,2025-06-15
249,2,569,15,10,2025-06-24
250,2,571,28,10,2025-06-14
251,2,575,25,10,2025-06-05
252,2,582,29,12,2025-05-18
253,2,584,19,8,2025-06-02
254,2,587,49,25,2025-06-24
255,2,590,88,30,2025-06-09
256,2,595,37,12,2025-06-26
257,2,596,19,12,2025-05-21
258,3,1,52,30,2025-05-16
259,3,2,47,25,2025-05-17
260,3,3,14,10,2025-05-21
261,3,4,44,25,2025-06-15
262,3,5,101,30,2025-06-20
263,3,6,63,25,2025-06-06
264,3,7,81,30,2025-06-03
265,3,8,16,12,2025-06-30
266,3,9,20,25,2025-06-07
267,3,10,33,20,2025-05-29
268,3,11,54,30,2025-06-29
269,3,12,15,8,2025-06-29
270,3,13,0,15,2025-05-31
271,3,14,80,30,2025-06-03
272,3,15,72,25,2025-06-13
273,3,16,27,12,2025-06-01
274,3,19,54,20,2025-06-28
275,3,20,12,8,2025-06-30
276,3,21,32,8,2025-05-19
277,3,22,37,15,2025-05-29
278,3,23,61,20,2025-06-27
279,3,24,44,25,2025-05-17
280,3,25,25,20,2025-06-19
281,3,27,48,25,2025-06-27
282,3,28,21,8,2025-06-25
283,3,29,67,25,2025-06-03
284,3,30,78,20,2025-06-25
285,3,31,54,30,2025-06-27
286,3,32,0,8,2025-06-12
287,3,33,20,8,2025-05-24
288,3,34,46,15,2025-05-29
289,3,35,42,15,2025-05-25
290,3,36,16,10,2025-05-21
291,3,37,22,30,2025-05-18
292,3,38,24,15,2025-05-20
293,3,39,34,30,2025-06-02
294,3,40,11,20,2025-06-18
295,3,41,19,8,2025-06-17
296,3,42,42,25,2025-06-26
297,3,43,18,8,2025-06-05
298,3,44,34,15,2025-05-29
299,3,45,12,8,2025-05-16
300,3,46,24,10,2025-06-29
301,3,48,52,20,2025-06-25
302,3,49,76,30,2025-05-26
303,3,51,14,8,2025-05-23
304,3,52,61,30,2025-06-30
305,3,53,6,15,2025-06-17
306,3,54,122,30,2025-05-23
307,3,55,0,30,2025-06-30
308,3,56,32,15,2025-06-03
309,3,57,22,8,2025-06-13
310,3,58,21,15,2025-06-18
311,3,59,60,20,2025-06-24
312,3,61,28,10,2025-06-29
313,3,62,17,8,2025-06-17
314,3,63,98,30,2025-06-16
315,3,64,28,15,2025-06-03
316,3,65,30,10,2025-06-30
317,3,66,48,20,2025-06-25
318,3,67,35,12,2025-06-18
319,3,68,74,25,2025-05-30
320,3,69,13,8,2025-05-23
321,3,70,83,30,2025-06-15
322,3,71,60,20,2025-05-26
323,3,72,39,30,2025-05-17
324,3,73,0,30,2025-06-23
325,3,74,58,20,2025-06-09
326,3,75,20,12,2025-06-16
327,3,76,31,12,2025-06-28
328,3,77,0,8,2025-05-18
329,3,78,59,20,2025-06-22
330,3,79,32,8,2025-06-11
331,3,80,48,20,2025-05-20
332,3,81,44,20,2025-06-28
333,3,82,11,10,2025-06-10
334,3,83,26,8,2025-05-28
335,3,84,12,8,2025-06-29
336,3,85,50,30,2025-05-28
337,3,86,25,12,2025-06-06
338,3,87,15,10,2025-05-24
339,3,88,81,30,2025-05-24
340,3,89,36,20,2025-06-09
341,3,90,21,12,2025-05-22
342,3,91,7,8,2025-06-09
343,3,92,28,10,2025-05-25
344,3,93,35,20,2025-06-28
345,3,94,38,20,2025-05-31
346,3,95,20,10,2025-05-22
347,3,96,103,30,2025-05-29
348,3,97,18,12,2025-05-26
349,3,98,15,12,2025-05-24
350,3,99,57,30,2025-05-22
351,3,100,13,8,2025-06-04
352,3,101,36,15,2025-06-29
353,3,102,0,30,2025-06-29
354,3,103,48,20,2025-05-19
355,3,104,16,10,2025-06-27
356,3,105,29,15,2025-05-19
357,3,106,19,12,2025-05-27
358,3,107,19,8,2025-06-06
359,3,108,106,30,2025-05-21
360,3,109,46,15,2025-06-30
361,3,110,30,12,2025-06-10
362,3,111,0,10,2025-06-15
363,3,112,36,15,2025-06-20
364,3,113,15,8,2025-06-29
365,3,114,26,8,2025-06-27
366,3,115,18,12,2025-05-16
367,3,116,58,30,2025-06-30
368,3,117,32,12,2025-06-11
369,3,118,85,25,2025-06-14
370,3,119,0,30,2025-06-25
371,3,120,75,30,2025-05-31
372,3,121,27,25,2025-06-27
373,3,122,15,12,2025-06-28
374,3,123,40,8,2025-06-02
375,3,124,50,20,2025-06-29
376,3,125,21,8,2025-06-15
377,3,126,65,30,2025-05-28
378,3,127,14,8,2025-05-21
379,3,128,61,15,2025-05-20
380,3,129,32,10,2025-05-19
381,3,131,19,10,2025-06-28
382,3,133,14,20,2025-06-23
383,3,134,61,30,2025-06-17
384,3,135,74,30,2025-05-17
385,3,136,18,10,2025-06-05
386,3,137,33,15,2025-06-17
387,3,138,65,20,2025-05-24
388,3,139,53,15,2025-06-30
389,3,140,19,8,2025-05-20
390,3,142,52,15,2025-06-30
391,3,143,43,20,2025-06-27
392,3,144,50,15,2025-06-19
393,3,145,0,10,2025-05-20
394,3,147,22,8,2025-05-23
395,3,148,45,30,2025-06-24
396,3,149,63,25,2025-06-18
397,3,150,67,30,2025-06-24
398,3,151,16,8,2025-06-29
399,3,152,59,25,2025-06-29
400,3,154,35,12,2025-06-07
401,3,155,21,10,2025-06-17
402,3,156,25,8,2025-05-31
403,3,157,0,12,2025-06-28
404,3,158,12,10,2025-05-22
405,3,159,12,10,2025-05-24
406,3,160,21,8,2025-05-29
407,3,162,32,15,2025-05-21
408,3,163,26,8,2025-06-27
409,3,164,58,20,2025-05-29
410,3,165,32,15,2025-06-30
411,3,166,97,25,2025-06-03
412,3,167,40,15,2025-06-28
413,3,168,105,25,2025-06-14
414,3,169,11,8,2025-06-28
415,3,170,27,8,2025-05-27
416,3,171,37,25,2025-06-11
417,3,172,19,8,2025-05-16
418,3,173,20,10,2025-06-27
419,3,174,21,12,2025-06-29
420,3,175,46,25,2025-06-18
421,3,176,26,15,2025-05-31
422,3,177,10,12,2025-05-21
423,3,178,19,10,2025-06-19
424,3,179,30,8,2025-06-29
425,3,181,87,25,2025-06-26
426,3,182,70,25,2025-06-29
427,3,183,0,30,2025-06-28
428,3,184,8,12,2025-06-22
429,3,185,48,20,2025-06-19
430,3,187,26,12,2025-06-06
431,3,188,21,8,2025-05-25
432,3,189,51,15,2025-06-27
433,3,191,15,12,2025-06-22
434,3,192,34,12,2025-06-28
435,3,194,45,15,2025-06-19
436,3,195,28,10,2025-06-03
437,3,196,42,20,2025-06-29
438,3,197,34,12,2025-05-30
439,3,198,33,25,2025-06-27
440,3,199,46,15,2025-06-27
441,3,202,27,10,2025-06-23
442,3,203,24,12,2025-06-26
443,3,204,27,10,2025-06-27
444,3,205,32,30,2025-06-29
445,3,206,13,8,2025-05-21
446,3,207,35,15,2025-05-30
447,3,208,67,30,2025-06-23
448,3,209,53,30,2025-06-22
449,3,210,66,25,2025-06-19
450,3,211,17,15,2025-06-22
451,3,212,50,20,2025-06-28
452,3,213,24,20,2025-06-11
453,3,214,0,15,2025-05-28
454,3,215,18,8,2025-06-21
455,3,216,12,12,2025-05-30
456,3,217,27,8,2025-06-24
457,3,218,87,30,2025-06-28
458,3,219,40,12,2025-06-29
459,3,220,44,25,2025-06-22
460,3,221,13,8,2025-06-28
461,3,222,72,20,2025-06-29
462,3,223,36,15,2025-05-23
463,3,224,13,15,2025-06-27
464,3,225,18,8,2025-06-28
465,3,226,22,8,2025-05-28
466,3,227,34,25,2025-06-08
467,3,228,21,12,2025-06-30
468,3,229,29,12,2025-05-20
469,3,230,70,25,2025-05-22
470,3,231,38,20,2025-06-27
471,3,232,29,10,2025-06-09
472,3,234,11,30,2025-06-05
473,3,236,90,30,2025-06-01
474,3,237,19,8,2025-06-28
475,3,239,47,15,2025-06-30
476,3,240,100,20,2025-05-25
477,3,241,24,8,2025-06-05
478,3,242,48,15,2025-05-21
479,3,243,69,20,2025-05-26
480,3,244,74,30,2025-06-30
481,3,245,31,15,2025-06-14
482,3,248,17,8,2025-06-10
483,3,249,19,12,2025-06-22
484,3,250,0,10,2025-06-25
485,3,251,88,30,2025-06-28
486,3,252,29,10,2025-05-31
487,3,253,14,10,2025-05-24
488,3,254,37,20,2025-06-20
489,3,255,20,8,2025-05-25
490,3,256,48,15,2025-06-06
491,3,257,45,25,2025-06-07
492,3,260,22,12,2025-06-28
493,3,261,34,25,2025-05-21
494,3,262,55,25,2025-06-27
495,3,264,50,20,2025-06-20
496,3,266,44,25,2025-06-01
497,3,267,11,10,2025-06-27
498,3,268,75,30,2025-06-26
499,3,269,43,30,2025-06-29
500,3,270,66,30,2025-06-30
501,3,271,64,30,2025-06-29
502,3,273,38,25,2025-06-13
503,3,275,48,25,2025-06-28
504,3,276,36,15,2025-06-29
505,3,277,55,20,2025-06-05
506,3,278,33,15,2025-06-01
507,3,279,64,25,2025-05-27
508,3,280,38,15,2025-06-30
509,3,281,79,25,2025-06-08
510,3,282,44,25,2025-06-21
511,3,283,51,20,2025-05-16
512,3,284,0,10,2025-05-29
513,3,285,73,30,2025-06-07
514,3,286,49,25,2025-05-18
515,3,287,20,12,2025-05-30
516,3,288,39,25,2025-06-09
517,3,289,0,25,2025-06-26
518,3,290,36,25,2025-06-01
519,3,291,76,20,2025-05-27
520,3,292,67,25,2025-06-20
521,3,293,63,25,2025-06-28
522,3,294,50,20,2025-06-28
523,3,295,25,8,2025-06-27
524,3,297,9,8,2025-06-12
525,3,299,41,20,2025-06-27
526,3,300,0,10,2025-06-21
527,3,301,34,15,2025-06-15
528,3,302,10,10,2025-05-24
529,3,303,49,15,2025-06-17
530,3,304,63,25,2025-06-18
531,3,305,69,30,2025-06-21
532,3,306,49,20,2025-06-27
533,3,307,29,15,2025-05-28
534,3,308,44,25,2025-06-09
535,3,309,15,10,2025-05-28
536,3,310,34,10,2025-06-25
537,3,311,33,25,2025-06-29
538,3,312,86,30,2025-06-29
539,3,314,62,20,2025-06-30
540,3,315,16,10,2025-06-24
541,3,317,31,12,2025-05-19
542,3,318,15,20,2025-06-04
543,3,319,21,8,2025-05-25
544,3,320,23,12,2025-06-14
545,3,321,23,12,2025-06-10
546,3,322,43,12,2025-06-27
547,3,323,22,15,2025-05-24
548,3,324,50,30,2025-06-30
549,3,325,0,10,2025-06-24
550,3,327,13,12,2025-05-27
551,3,328,28,10,2025-06-30
552,3,329,33,10,2025-05-26
553,3,330,27,20,2025-06-27
554,3,331,63,20,2025-06-28
555,3,332,25,15,2025-05-21
556,3,334,55,25,2025-06-05
557,3,335,54,15,2025-05-21
558,3,336,54,25,2025-06-17
559,3,337,37,20,2025-06-07
560,3,338,29,12,2025-06-25
561,3,339,21,20,2025-05-19
562,3,340,26,10,2025-05-21
563,3,343,39,25,2025-06-03
564,3,344,0,8,2025-06-16
565,3,345,17,8,2025-05-27
566,3,349,51,20,2025-06-21
567,3,350,87,25,2025-06-09
568,3,351,69,25,2025-06-13
569,3,352,18,10,2025-05-28
570,3,353,21,20,2025-06-28
571,3,354,20,8,2025-06-27
572,3,355,105,30,2025-06-03
573,3,357,54,25,2025-06-11
574,3,359,28,10,2025-06-30
575,3,360,75,30,2025-06-20
576,3,362,26,12,2025-06-10
577,3,363,51,25,2025-06-26
578,3,364,83,30,2025-06-28
579,3,365,57,30,2025-06-15
580,3,368,67,25,2025-06-26
581,3,369,77,30,2025-06-06
582,3,371,36,20,2025-06-27
583,3,372,52,15,2025-06-03
584,3,374,2,30,2025-05-26
585,3,375,66,30,2025-06-28
586,3,376,40,10,2025-05-16
587,3,377,25,10,2025-05-20
588,3,378,21,8,2025-05-30
589,3,379,105,30,2025-05-28
590,3,381,36,20,2025-06-30
591,3,382,13,12,2025-06-01
592,3,383,21,10,2025-06-18
593,3,385,40,20,2025-06-03
594,3,386,84,30,2025-06-21
595,3,387,26,10,2025-06-16
596,3,388,24,30,2025-05-25
597,3,389,27,15,2025-06-29
598,3,390,26,8,2025-06-29
599,3,391,18,12,2025-06-27
600,3,393,89,25,2025-06-30
601,3,394,12,8,2025-05-30
602,3,395,16,8,2025-06-20
603,3,396,97,25,2025-05-26
604,3,397,32,10,2025-06-03
605,3,398,64,30,2025-05-28
606,3,399,65,30,2025-06-23
607,3,400,66,25,2025-06-03
608,3,401,27,12,2025-06-12
609,3,403,67,25,2025-06-14
610,3,407,20,20,2025-06-15
611,3,408,33,15,2025-05-28
612,3,409,14,8,2025-06-18
613,3,410,56,25,2025-06-14
614,3,411,30,8,2025-05-25
615,3,412,68,20,2025-05-17
616,3,413,32,8,2025-05-31
617,3,416,26,8,2025-06-29
618,3,417,55,20,2025-05-25
619,3,418,34,15,2025-06-21
620,3,419,17,10,2025-06-27
621,3,420,83,25,2025-06-29
622,3,422,24,10,2025-06-17
623,3,423,37,15,2025-06-03
624,3,424,23,8,2025-06-11
625,3,425,64,25,2025-06-17
626,3,426,35,8,2025-06-03
627,3,427,9,8,2025-06-19
628,3,428,28,10,2025-06-19
629,3,429,31,20,2025-06-03
630,3,430,19,8,2025-06-24
631,3,431,69,25,2025-06-19
632,3,432,22,10,2025-06-27
633,3,433,37,10,2025-06-28
634,3,434,0,12,2025-06-29
635,3,435,23,10,2025-05-18
636,3,436,59,15,2025-06-28
637,3,437,64,20,2025-06-01
638,3,438,17,8,2025-05-16
639,3,439,66,30,2025-05-21
640,3,440,32,10,2025-05-19
641,3,441,12,20,2025-05-22
642,3,442,58,25,2025-05-17
643,3,443,27,12,2025-05-26
644,3,444,55,30,2025-06-20
645,3,445,15,10,2025-05-28
646,3,446,59,20,2025-06-28
647,3,448,18,8,2025-06-11
648,3,449,1,10,2025-06-25
649,3,450,36,15,2025-06-18
650,3,451,9,10,2025-06-25
651,3,452,0,8,2025-05-21
652,3,453,84,25,2025-06-13
653,3,454,73,25,2025-06-17
654,3,455,25,10,2025-06-14
655,3,457,52,25,2025-06-27
656,3,458,51,12,2025-05-21
657,3,459,43,15,2025-06-16
658,3,460,54,15,2025-06-02
659,3,461,38,25,2025-06-06
660,3,462,51,25,2025-06-19
661,3,463,23,8,2025-06-28
662,3,464,58,30,2025-06-06
663,3,465,65,25,2025-06-21
664,3,466,36,15,2025-06-06
665,3,467,17,8,2025-06-10
666,3,468,0,10,2025-06-27
667,3,469,23,12,2025-05-18
668,3,470,31,12,2025-05-27
669,3,471,26,12,2025-06-28
670,3,472,13,8,2025-06-27
671,3,473,31,20,2025-06-06
672,3,474,18,8,2025-06-14
673,3,475,58,30,2025-05-17
674,3,476,23,12,2025-06-25
675,3,477,6,8,2025-06-03
676,3,479,68,30,2025-06-17
677,3,480,44,15,2025-06-29
678,3,481,63,30,2025-06-30
679,3,482,40,10,2025-06-28
680,3,483,40,10,2025-06-29
681,3,484,4,10,2025-06-28
682,3,485,24,12,2025-06-27
683,3,486,31,20,2025-06-27
684,3,487,41,15,2025-06-30
685,3,488,57,25,2025-06-17
686,3,489,53,20,2025-06-28
687,3,490,19,10,2025-05-30
688,3,491,20,8,2025-06-05
689,3,492,86,30,2025-05-30
690,3,493,19,10,2025-06-05
691,3,494,16,8,2025-05-25
692,3,495,29,20,2025-06-15
693,3,496,67,30,2025-06-07
694,3,497,26,10,2025-06-04
695,3,498,35,30,2025-06-14
696,3,499,28,12,2025-06-08
697,3,500,0,10,2025-06-16
698,3,501,108,30,2025-06-30
699,3,502,86,30,2025-06-30
700,3,503,19,8,2025-05-31
701,3,504,29,12,2025-06-23
702,3,505,66,20,2025-05-25
703,3,506,44,12,2025-06-18
704,3,507,16,8,2025-05-18
705,3,508,25,12,2025-05-28
706,3,511,4,12,2025-06-24
707,3,512,31,12,2025-06-30
708,3,513,46,30,2025-06-27
709,3,514,30,15,2025-06-28
710,3,515,16,8,2025-06-29
711,3,518,14,10,2025-06-27
712,3,519,48,30,2025-06-09
713,3,520,31,15,2025-06-08
714,3,522,35,10,2025-06-29
715,3,523,20,12,2025-06-06
716,3,524,22,15,2025-06-03
717,3,525,34,15,2025-06-28
718,3,526,10,8,2025-05-17
719,3,527,0,10,2025-06-22
720,3,528,44,20,2025-05-28
721,3,529,0,15,2025-06-29
722,3,530,30,8,2025-06-29
723,3,531,37,25,2025-05-30
724,3,532,74,25,2025-06-27
725,3,533,10,20,2025-05-29
726,3,534,20,12,2025-06-30
727,3,535,50,20,2025-06-23
728,3,536,17,8,2025-05-23
729,3,537,84,30,2025-05-27
730,3,538,57,20,2025-06-08
731,3,539,12,8,2025-06-28
732,3,541,38,10,2025-05-30
733,3,542,14,8,2025-05-25
734,3,543,50,12,2025-06-21
735,3,544,90,30,2025-06-09
736,3,545,0,12,2025-05-29
737,3,546,14,8,2025-06-28
738,3,547,48,30,2025-06-27
739,3,549,32,20,2025-06-30
740,3,550,28,12,2025-06-27
741,3,551,23,8,2025-05-22
742,3,552,0,25,2025-06-28
743,3,553,34,15,2025-06-27
744,3,554,30,15,2025-05-25
745,3,555,33,20,2025-06-27
746,3,557,40,15,2025-05-28
747,3,558,18,10,2025-05-30
748,3,559,69,25,2025-06-27
749,3,560,39,30,2025-06-14
750,3,561,22,8,2025-06-20
751,3,562,29,8,2025-05-27
752,3,563,28,8,2025-06-03
753,3,565,24,10,2025-06-12
754,3,567,52,25,2025-06-03
755,3,568,80,20,2025-06-30
756,3,569,74,30,2025-06-13
757,3,570,41,12,2025-05-16
758,3,571,49,30,2025-05-25
759,3,574,18,8,2025-06-12
760,3,575,50,25,2025-06-30
761,3,576,21,8,2025-06-25
762,3,579,66,30,2025-05-24
763,3,580,69,25,2025-05-24
764,3,581,29,15,2025-06-30
765,3,582,28,25,2025-06-23
766,3,584,39,30,2025-06-17
767,3,586,45,25,2025-06-30
768,3,587,86,25,2025-05-20
769,3,588,22,8,2025-06-30
770,3,589,24,8,2025-06-30
771,3,590,19,12,2025-06-29
772,3,591,32,12,2025-06-09
773,3,592,39,12,2025-06-30
774,3,593,58,30,2025-06-20
775,3,594,26,20,2025-06-29
776,3,595,9,8,2025-06-20
777,3,596,29,8,2025-06-29
778,3,597,58,15,2025-06-27
779,3,598,0,30,2025-06-15
780,3,599,53,20,2025-05-28
781,3,600,29,25,2025-06-10
782,4,2,56,20,2025-05-31
783,4,4,34,15,2025-06-27
784,4,5,25,12,2025-06-11
785,4,7,44,12,2025-06-11
786,4,8,94,25,2025-06-29
787,4,9,70,25,2025-06-18
788,4,10,59,20,2025-05-23
789,4,11,16,10,2025-05-18
790,4,14,51,30,2025-06-16
791,4,18,22,8,2025-05-31
792,4,20,32,15,2025-06-30
793,4,21,62,25,2025-06-27
794,4,22,41,20,2025-06-08
795,4,24,33,25,2025-05-31
796,4,25,24,12,2025-05-16
797,4,26,15,10,2025-06-30
798,4,27,0,15,2025-06-27
799,4,29,47,25,2025-05-25
800,4,30,22,8,2025-06-09
801,4,32,0,30,2025-05-23
802,4,33,50,15,2025-05-28
803,4,35,50,12,2025-05-30
804,4,37,30,15,2025-05-30
805,4,38,41,25,2025-05-19
806,4,39,30,10,2025-06-12
807,4,40,21,12,2025-05-19
808,4,41,36,15,2025-06-29
809,4,42,77,20,2025-06-06
810,4,43,83,30,2025-06-04
811,4,45,66,25,2025-05-22
812,4,48,29,15,2025-06-27
813,4,49,30,8,2025-06-06
814,4,51,19,10,2025-06-21
815,4,52,21,8,2025-06-30
816,4,53,35,12,2025-05-17
817,4,55,78,20,2025-06-28
818,4,56,59,20,2025-06-19
819,4,57,81,25,2025-06-07
820,4,58,18,10,2025-05-31
821,4,60,12,10,2025-06-28
822,4,61,52,25,2025-06-27
823,4,65,0,30,2025-06-30
824,4,67,54,20,2025-05-23
825,4,68,43,15,2025-05-23
826,4,74,52,30,2025-05-18
827,4,78,38,12,2025-05-29
828,4,79,59,20,2025-06-05
829,4,80,23,20,2025-06-26
830,4,81,84,30,2025-06-28
831,4,82,19,10,2025-06-16
832,4,83,39,20,2025-05-28
833,4,84,12,8,2025-06-28
834,4,85,48,30,2025-06-23
835,4,86,19,12,2025-06-13
836,4,87,94,25,2025-06-17
837,4,88,31,10,2025-06-17
838,4,91,32,10,2025-05-30
839,4,93,26,20,2025-06-28
840,4,94,18,8,2025-06-24
841,4,95,72,25,2025-06-05
842,4,97,19,8,2025-06-06
843,4,98,60,25,2025-06-01
844,4,99,52,25,2025-05-23
845,4,100,43,25,2025-06-04
846,4,101,15,10,2025-06-27
847,4,102,87,20,2025-06-28
848,4,104,28,12,2025-06-29
849,4,105,34,20,2025-05-25
850,4,106,12,25,2025-06-07
851,4,107,24,8,2025-06-29
852,4,108,53,30,2025-06-19
853,4,109,20,12,2025-06-27
854,4,110,53,25,2025-06-02
855,4,111,61,25,2025-06-27
856,4,112,13,8,2025-05-16
857,4,114,28,20,2025-06-29
858,4,115,77,25,2025-05-18
859,4,116,40,15,2025-06-30
860,4,117,19,12,2025-06-23
861,4,119,79,20,2025-06-19
862,4,121,14,8,2025-06-27
863,4,122,22,8,2025-06-28
864,4,123,13,10,2025-06-06
865,4,124,36,20,2025-06-27
866,4,125,126,25,2025-06-29
867,4,126,13,12,2025-06-06
868,4,130,38,15,2025-06-14
869,4,131,25,25,2025-05-16
870,4,134,59,20,2025-05-29
871,4,135,19,12,2025-06-24
872,4,136,21,15,2025-05-23
873,4,137,25,15,2025-06-12
874,4,138,69,25,2025-06-21
875,4,139,53,30,2025-06-28
876,4,142,34,15,2025-06-30
877,4,145,19,8,2025-06-23
878,4,146,15,8,2025-05-17
879,4,151,21,15,2025-06-28
880,4,153,11,8,2025-06-23
881,4,154,81,30,2025-05-18
882,4,157,58,30,2025-06-11
883,4,158,35,15,2025-06-16
884,4,159,30,8,2025-06-19
885,4,162,39,20,2025-06-25
886,4,163,30,20,2025-06-09
887,4,164,76,20,2025-06-20
888,4,165,82,25,2025-06-30
889,4,166,37,20,2025-06-12
890,4,169,70,30,2025-06-27
891,4,170,56,25,2025-05-16
892,4,171,25,12,2025-05-21
893,4,172,25,8,2025-05-20
894,4,173,20,12,2025-06-28
895,4,174,53,12,2025-06-18
896,4,175,91,25,2025-06-18
897,4,176,24,10,2025-05-18
898,4,183,24,12,2025-06-28
899,4,185,37,20,2025-05-23
900,4,188,0,25,2025-05-27
901,4,195,45,20,2025-05-17
902,4,196,28,8,2025-06-28
903,4,197,72,25,2025-05-26
904,4,198,69,20,2025-05-27
905,4,199,33,12,2025-06-04
906,4,201,29,15,2025-06-28
907,4,203,42,15,2025-06-27
908,4,204,18,8,2025-06-15
909,4,205,22,12,2025-05-27
910,4,206,28,12,2025-05-23
911,4,207,76,30,2025-05-23
912,4,208,55,25,2025-05-27
913,4,209,23,10,2025-05-27
914,4,210,68,25,2025-06-13
915,4,211,19,8,2025-05-25
916,4,212,0,20,2025-06-27
917,4,215,14,8,2025-06-28
918,4,216,125,30,2025-06-20
919,4,217,69,20,2025-05-29
920,4,219,25,10,2025-05-16
921,4,220,17,8,2025-05-29
922,4,221,19,15,2025-06-30
923,4,224,17,10,2025-06-30
924,4,226,26,12,2025-06-16
925,4,228,51,30,2025-06-22
926,4,229,55,20,2025-05-28
927,4,230,31,20,2025-05-31
928,4,231,25,8,2025-06-29
929,4,232,30,8,2025-06-25
930,4,234,43,25,2025-06-18
931,4,236,37,12,2025-06-26
932,4,239,32,20,2025-05-21
933,4,241,36,30,2025-06-09
934,4,243,25,8,2025-06-09
935,4,244,75,30,2025-06-27
936,4,245,85,30,2025-05-31
937,4,246,20,12,2025-06-20
938,4,251,20,8,2025-06-24
939,4,252,23,8,2025-05-29
940,4,253,8,10,2025-06-27
941,4,254,51,20,2025-06-06
942,4,256,72,25,2025-05-18
943,4,257,93,30,2025-06-13
944,4,259,66,30,2025-06-30
945,4,261,46,25,2025-05-24
946,4,263,10,8,2025-06-28
947,4,264,37,15,2025-06-06
948,4,266,73,25,2025-06-11
949,4,268,45,20,2025-06-26
950,4,269,32,12,2025-06-30
951,4,273,34,12,2025-06-01
952,4,274,29,12,2025-06-28
953,4,275,42,30,2025-06-27
954,4,278,40,30,2025-06-28
955,4,279,9,12,2025-06-12
956,4,280,16,10,2025-06-30
957,4,282,31,15,2025-05-27
958,4,283,105,30,2025-05-26
959,4,284,16,8,2025-06-30
960,4,285,42,12,2025-06-02
961,4,286,0,8,2025-06-10
962,4,289,18,15,2025-05-18
963,4,291,18,8,2025-05-22
964,4,292,5,15,2025-06-14
965,4,293,13,8,2025-06-30
966,4,294,67,30,2025-06-28
967,4,297,26,15,2025-06-24
968,4,301,39,15,2025-06-08
969,4,302,93,30,2025-05-21
970,4,303,42,15,2025-05-20
971,4,306,95,30,2025-06-27
972,4,309,67,20,2025-06-02
973,4,311,14,10,2025-06-26
974,4,312,93,25,2025-06-30
975,4,314,102,25,2025-06-29
976,4,317,39,15,2025-06-12
977,4,318,0,30,2025-06-20
978,4,321,79,25,2025-06-13
979,4,322,26,12,2025-06-01
980,4,325,40,20,2025-06-04
981,4,326,82,25,2025-05-31
982,4,328,68,25,2025-06-29
983,4,330,103,30,2025-06-30
984,4,331,16,10,2025-06-29
985,4,332,33,20,2025-05-20
986,4,333,92,25,2025-06-13
987,4,334,77,25,2025-06-28
988,4,335,15,10,2025-06-09
989,4,336,17,8,2025-05-20
990,4,337,46,20,2025-05-27
991,4,339,75,30,2025-06-21
992,4,340,32,15,2025-06-04
993,4,341,88,25,2025-06-07
994,4,342,75,30,2025-05-17
995,4,344,36,8,2025-06-23
996,4,346,75,30,2025-06-11
997,4,349,24,10,2025-06-30
998,4,351,51,15,2025-05-22
999,4,355,95,30,2025-06-15
1000,4,356,39,30,2025-06-08
1001,4,357,32,25,2025-06-16
1002,4,360,16,15,2025-05-30
1003,4,361,25,10,2025-06-27
1004,4,362,30,20,2025-05-16
1005,4,364,43,15,2025-06-30
1006,4,365,18,12,2025-05-28
1007,4,370,79,30,2025-06-24
1008,4,372,24,10,2025-06-15
1009,4,374,48,15,2025-06-21
1010,4,375,0,25,2025-06-29
1011,4,377,32,20,2025-05-21
1012,4,378,69,30,2025-06-13
1013,4,379,39,12,2025-06-18
1014,4,381,56,15,2025-06-29
1015,4,385,44,25,2025-06-21
1016,4,386,41,12,2025-05-28
1017,4,388,69,25,2025-06-02
1018,4,389,36,15,2025-06-27
1019,4,391,45,15,2025-06-30
1020,4,394,0,15,2025-05-28
1021,4,395,0,8,2025-06-03
1022,4,396,42,15,2025-06-22
1023,4,397,17,8,2025-05-22
1024,4,399,43,12,2025-05-24
1025,4,400,80,25,2025-06-05
1026,4,401,20,10,2025-06-23
1027,4,403,113,30,2025-06-22
1028,4,405,21,8,2025-06-10
1029,4,410,53,30,2025-05-17
1030,4,411,16,10,2025-06-05
1031,4,413,57,25,2025-05-26
1032,4,417,17,15,2025-06-18
1033,4,418,28,15,2025-05-31
1034,4,419,32,10,2025-06-05
1035,4,420,48,25,2025-06-29
1036,4,422,43,20,2025-05-16
1037,4,423,56,30,2025-06-23
1038,4,425,22,10,2025-06-13
1039,4,426,26,10,2025-06-17
1040,4,427,12,8,2025-05-29
1041,4,428,64,20,2025-05-16
1042,4,429,12,8,2025-06-07
1043,4,430,47,20,2025-06-15
1044,4,434,0,30,2025-06-29
1045,4,436,39,12,2025-06-29
1046,4,437,3,8,2025-05-31
1047,4,438,11,8,2025-06-29
1048,4,439,12,12,2025-05-25
1049,4,441,16,10,2025-05-25
1050,4,445,19,10,2025-06-03
1051,4,448,52,25,2025-05-24
1052,4,449,33,12,2025-06-10
1053,4,450,0,12,2025-05-29
1054,4,451,38,15,2025-06-11
1055,4,453,80,30,2025-06-13
1056,4,454,24,10,2025-06-07
1057,4,455,54,25,2025-06-11
1058,4,456,39,20,2025-05-20
1059,4,459,18,8,2025-05-23
1060,4,460,21,10,2025-06-17
1061,4,462,31,12,2025-06-29
1062,4,464,10,15,2025-05-18
1063,4,465,46,15,2025-06-11
1064,4,466,16,12,2025-05-22
1065,4,468,8,15,2025-06-28
1066,4,469,21,8,2025-06-19
1067,4,472,38,25,2025-05-21
1068,4,473,70,30,2025-06-20
1069,4,474,69,30,2025-06-13
1070,4,476,22,12,2025-05-18
1071,4,478,23,20,2025-06-23
1072,4,480,49,30,2025-05-17
1073,4,481,34,12,2025-06-28
1074,4,482,70,25,2025-06-30
1075,4,491,96,30,2025-06-15
1076,4,492,32,15,2025-06-07
1077,4,493,44,20,2025-06-09
1078,4,496,27,10,2025-05-27
1079,4,497,68,30,2025-05-16
1080,4,498,25,20,2025-05-28
1081,4,500,85,25,2025-05-23
1082,4,504,66,20,2025-06-19
1083,4,506,13,15,2025-06-07
1084,4,510,55,20,2025-05-29
1085,4,511,37,30,2025-06-20
1086,4,512,41,15,2025-06-29
1087,4,513,94,25,2025-06-30
1088,4,514,18,10,2025-06-30
1089,4,516,20,8,2025-06-28
1090,4,517,23,12,2025-06-27
1091,4,518,37,20,2025-06-27
1092,4,521,49,20,2025-05-26
1093,4,522,65,30,2025-06-02
1094,4,523,35,15,2025-05-20
1095,4,524,12,8,2025-06-03
1096,4,526,19,8,2025-05-23
1097,4,529,24,8,2025-06-02
1098,4,530,37,20,2025-06-28
1099,4,531,53,20,2025-05-23
1100,4,532,20,8,2025-06-04
1101,4,533,16,8,2025-06-02
1102,4,534,34,30,2025-06-29
1103,4,535,97,30,2025-05-21
1104,4,538,48,12,2025-06-30
1105,4,539,28,20,2025-06-28
1106,4,542,59,25,2025-06-18
1107,4,544,62,30,2025-05-26
1108,4,545,53,25,2025-06-18
1109,4,549,54,20,2025-06-29
1110,4,551,28,10,2025-06-08
1111,4,552,22,15,2025-06-30
1112,4,553,32,20,2025-06-30
1113,4,554,32,30,2025-06-25
1114,4,555,22,8,2025-06-27
1115,4,556,50,25,2025-06-27
1116,4,557,39,25,2025-06-03
1117,4,558,118,30,2025-06-17
1118,4,559,53,20,2025-06-26
1119,4,561,25,10,2025-06-08
1120,4,564,27,8,2025-06-30
1121,4,565,14,15,2025-06-15
1122,4,566,30,20,2025-06-30
1123,4,568,32,12,2025-06-28
1124,4,569,54,30,2025-05-31
1125,4,573,30,15,2025-06-21
1126,4,574,53,12,2025-06-22
1127,4,576,76,30,2025-05-22
1128,4,578,25,12,2025-05-31
1129,4,580,17,8,2025-06-09
1130,4,584,23,8,2025-06-29
1131,4,586,77,30,2025-05-31
1132,4,590,63,25,2025-06-16
1133,4,592,24,8,2025-06-29
1134,4,593,30,10,2025-05-28
1135,4,595,85,25,2025-06-19
1136,4,598,53,30,2025-05-24
1137,5,1,25,8,2025-06-30
1138,5,2,53,30,2025-06-05
1139,5,3,63,20,2025-06-18
1140,5,6,55,30,2025-06-29
1141,5,9,9,10,2025-06-10
1142,5,15,25,12,2025-05-30
1143,5,19,59,25,2025-06-11
1144,5,20,74,30,2025-06-27
1145,5,22,30,15,2025-06-24
1146,5,25,30,15,2025-06-11
1147,5,28,46,20,2025-06-23
1148,5,32,29,20,2025-05-28
1149,5,36,8,12,2025-05-20
1150,5,40,17,8,2025-05-25
1151,5,44,36,10,2025-06-30
1152,5,57,44,15,2025-05-30
1153,5,62,43,25,2025-05-28
1154,5,75,77,25,2025-06-21
1155,5,79,21,25,2025-06-27
1156,5,82,64,20,2025-06-08
1157,5,83,32,10,2025-06-19
1158,5,88,17,8,2025-06-29
1159,5,92,26,12,2025-05-23
1160,5,95,29,10,2025-06-30
1161,5,99,37,12,2025-06-27
1162,5,105,44,25,2025-06-15
1163,5,107,31,8,2025-05-16
1164,5,114,9,8,2025-06-28
1165,5,117,38,15,2025-06-10
1166,5,120,18,8,2025-05-26
1167,5,133,31,12,2025-06-26
1168,5,135,104,25,2025-06-28
1169,5,138,20,12,2025-06-12
1170,5,142,0,8,2025-06-30
1171,5,143,46,12,2025-06-29
1172,5,147,89,25,2025-06-21
1173,5,151,25,12,2025-06-30
1174,5,155,66,25,2025-05-26
1175,5,166,87,25,2025-05-22
1176,5,171,63,20,2025-06-04
1177,5,176,32,12,2025-05-16
1178,5,182,53,25,2025-06-30
1179,5,187,30,15,2025-05-24
1180,5,188,31,15,2025-06-05
1181,5,192,27,10,2025-06-29
1182,5,195,63,30,2025-05-25
1183,5,196,69,30,2025-06-28
1184,5,197,18,12,2025-05-22
1185,5,200,20,10,2025-05-29
1186,5,202,43,20,2025-06-10
1187,5,209,30,10,2025-05-19
1188,5,210,5,30,2025-06-29
1189,5,212,48,30,2025-06-29
1190,5,215,29,15,2025-06-06
1191,5,217,17,12,2025-05-16
1192,5,218,10,8,2025-05-18
1193,5,220,57,25,2025-06-14
1194,5,237,23,20,2025-06-27
1195,5,242,24,10,2025-06-11
1196,5,243,35,10,2025-05-21
1197,5,248,32,10,2025-05-31
1198,5,252,47,25,2025-06-06
1199,5,267,11,8,2025-06-28
1200,5,269,18,10,2025-05-23
1201,5,278,31,12,2025-05-17
1202,5,280,106,30,2025-06-19
1203,5,283,23,15,2025-06-29
1204,5,293,40,15,2025-06-28
1205,5,295,19,12,2025-05-17
1206,5,300,66,25,2025-06-03
1207,5,302,89,25,2025-05-23
1208,5,310,24,8,2025-05-27
1209,5,311,1,15,2025-06-10
1210,5,314,32,10,2025-06-30
1211,5,322,23,12,2025-05-17
1212,5,323,0,25,2025-06-05
1213,5,326,52,20,2025-06-16
1214,5,329,78,30,2025-06-24
1215,5,331,55,15,2025-06-27
1216,5,335,1,20,2025-05-18
1217,5,345,48,25,2025-06-02
1218,5,349,63,25,2025-05-28
1219,5,352,55,25,2025-05-18
1220,5,362,18,10,2025-06-03
1221,5,377,11,12,2025-06-21
1222,5,389,28,10,2025-06-27
1223,5,396,67,25,2025-06-30
1224,5,403,29,8,2025-05-18
1225,5,411,33,10,2025-05-19
1226,5,413,26,8,2025-06-12
1227,5,418,20,8,2025-05-18
1228,5,420,28,15,2025-06-28
1229,5,422,19,15,2025-06-19
1230,5,436,32,12,2025-06-27
1231,5,441,23,10,2025-06-14
1232,5,450,27,8,2025-06-05
1233,5,452,12,8,2025-06-16
1234,5,453,71,30,2025-05-25
1235,5,454,37,25,2025-06-14
1236,5,457,45,20,2025-06-19
1237,5,459,34,12,2025-05-23
1238,5,460,32,12,2025-06-26
1239,5,463,49,20,2025-06-28
1240,5,467,79,30,2025-06-23
1241,5,468,0,10,2025-06-29
1242,5,475,11,10,2025-06-06
1243,5,480,0,25,2025-06-27
1244,5,482,89,25,2025-06-27
1245,5,483,14,8,2025-05-22
1246,5,494,45,20,2025-05-28
1247,5,495,17,8,2025-05-17
1248,5,498,57,25,2025-06-20
1249,5,500,74,30,2025-06-23
1250,5,510,23,10,2025-05-27
1251,5,511,26,10,2025-05-24
1252,5,520,61,25,2025-06-15
1253,5,523,25,30,2025-05-16
1254,5,524,35,8,2025-06-10
1255,5,525,39,15,2025-06-28
1256,5,528,96,30,2025-06-17
1257,5,530,21,8,2025-06-27
1258,5,533,61,20,2025-06-30
1259,5,534,40,15,2025-06-28
1260,5,537,22,12,2025-05-20
1261,5,538,16,8,2025-06-13
1262,5,542,25,15,2025-05-26
1263,5,551,12,8,2025-05-16
1264,5,559,20,8,2025-06-10
1265,5,560,35,25,2025-05-21
1266,5,571,57,20,2025-05-30
1267,5,572,95,25,2025-05-24
1268,5,574,70,25,2025-06-26
1269,5,586,19,10,2025-05-19
1270,5,587,16,10,2025-06-23
1271,5,588,22,10,2025-06-29
1272,5,597,70,30,2025-05-22
1273,6,1,33,20,2025-06-06
1274,6,2,58,20,2025-05-25
1275,6,3,23,10,2025-06-10
1276,6,6,43,20,2025-06-19
1277,6,8,83,30,2025-06-28
1278,6,10,35,10,2025-06-14
1279,6,11,24,10,2025-06-24
1280,6,12,20,10,2025-05-29
1281,6,13,79,30,2025-06-08
1282,6,14,30,8,2025-05-25
1283,6,15,56,25,2025-06-04
1284,6,16,14,10,2025-05-17
1285,6,18,55,20,2025-06-02
1286,6,19,54,25,2025-06-17
1287,6,20,36,20,2025-06-30
1288,6,21,57,20,2025-06-28
1289,6,22,21,10,2025-05-18
1290,6,23,65,25,2025-06-28
1291,6,25,83,30,2025-05-27
1292,6,26,32,12,2025-06-23
1293,6,27,21,10,2025-06-28
1294,6,30,68,30,2025-06-04
1295,6,32,47,20,2025-05-19
1296,6,35,105,30,2025-06-03
1297,6,36,18,8,2025-05-30
1298,6,37,39,20,2025-06-02
1299,6,38,21,12,2025-05-30
1300,6,39,42,20,2025-06-30
1301,6,41,14,10,2025-05-19
1302,6,42,18,25,2025-06-23
1303,6,43,23,15,2025-06-21
1304,6,45,30,10,2025-05-19
1305,6,51,65,20,2025-05-17
1306,6,52,0,8,2025-06-28
1307,6,54,48,15,2025-06-29
1308,6,55,84,30,2025-06-27
1309,6,58,45,25,2025-05-17
1310,6,59,29,8,2025-06-15
1311,6,60,14,8,2025-06-04
1312,6,64,97,25,2025-06-21
1313,6,65,44,25,2025-06-28
1314,6,68,64,20,2025-06-16
1315,6,70,26,10,2025-06-23
1316,6,71,77,30,2025-05-16
1317,6,73,68,25,2025-06-12
1318,6,75,0,12,2025-05-30
1319,6,76,92,30,2025-06-30
1320,6,77,12,8,2025-06-29
1321,6,80,43,25,2025-05-30
1322,6,85,44,20,2025-05-16
1323,6,86,54,20,2025-06-07
1324,6,89,39,20,2025-06-14
1325,6,90,78,20,2025-05-28
1326,6,91,35,25,2025-05-30
1327,6,92,37,25,2025-06-13
1328,6,93,43,12,2025-06-30
1329,6,94,34,12,2025-06-19
1330,6,95,39,12,2025-06-20
1331,6,97,32,15,2025-05-31
1332,6,99,43,12,2025-06-16
1333,6,100,35,10,2025-05-25
1334,6,101,32,15,2025-06-30
1335,6,103,24,15,2025-05-19
1336,6,106,50,25,2025-06-13
1337,6,108,32,12,2025-05-31
1338,6,110,60,20,2025-06-02
1339,6,111,29,25,2025-06-17
1340,6,112,38,20,2025-05-23
1341,6,113,42,25,2025-06-30
1342,6,117,13,8,2025-05-21
1343,6,118,72,30,2025-06-10
1344,6,120,39,20,2025-05-21
1345,6,121,10,25,2025-06-27
1346,6,122,48,20,2025-06-28
1347,6,124,45,15,2025-06-29
1348,6,125,0,25,2025-06-23
1349,6,126,18,10,2025-05-28
1350,6,127,42,12,2025-05-26
1351,6,128,36,20,2025-05-22
1352,6,129,50,25,2025-06-16
1353,6,131,73,25,2025-05-31
1354,6,133,17,12,2025-06-14
1355,6,134,48,15,2025-06-06
1356,6,135,18,8,2025-06-30
1357,6,140,56,15,2025-06-17
1358,6,142,36,12,2025-06-28
1359,6,144,26,10,2025-06-04
1360,6,146,48,12,2025-06-21
1361,6,149,52,25,2025-05-16
1362,6,151,17,8,2025-06-29
1363,6,152,29,15,2025-05-21
1364,6,153,86,25,2025-05-23
1365,6,155,79,25,2025-05-19
1366,6,156,35,15,2025-05-31
1367,6,158,32,30,2025-06-16
1368,6,159,29,20,2025-05-29
1369,6,160,62,30,2025-05-23
1370,6,161,26,10,2025-06-15
1371,6,162,12,8,2025-05-16
1372,6,163,0,20,2025-06-26
1373,6,164,81,30,2025-06-21
1374,6,165,71,25,2025-06-30
1375,6,170,97,30,2025-06-07
1376,6,171,18,8,2025-06-22
1377,6,172,47,25,2025-06-19
1378,6,173,87,30,2025-06-29
1379,6,174,31,20,2025-06-05
1380,6,175,61,20,2025-05-26
1381,6,176,70,20,2025-05-25
1382,6,177,30,10,2025-06-02
1383,6,178,101,25,2025-06-27
1384,6,181,20,12,2025-05-27
1385,6,183,28,15,2025-06-30
1386,6,184,19,10,2025-06-21
1387,6,187,34,10,2025-06-04
1388,6,189,41,25,2025-06-28
1389,6,191,24,8,2025-06-19
1390,6,192,58,20,2025-06-30
1391,6,194,13,10,2025-05-23
1392,6,195,41,25,2025-05-26
1393,6,197,48,15,2025-05-24
1394,6,199,33,15,2025-05-22
1395,6,200,53,30,2025-06-02
1396,6,201,22,20,2025-06-30
1397,6,204,37,10,2025-06-26
1398,6,205,0,30,2025-06-22
1399,6,207,12,8,2025-06-23
1400,6,209,36,15,2025-06-17
1401,6,211,46,20,2025-05-20
1402,6,213,38,12,2025-06-05
1403,6,216,63,25,2025-06-26
1404,6,218,9,10,2025-05-16
1405,6,219,44,15,2025-06-04
1406,6,220,78,30,2025-06-22
1407,6,222,77,30,2025-06-14
1408,6,223,0,15,2025-06-21
1409,6,224,57,20,2025-06-30
1410,6,225,57,20,2025-06-29
1411,6,226,36,20,2025-06-26
1412,6,228,88,30,2025-05-24
1413,6,231,0,30,2025-06-27
1414,6,233,16,8,2025-05-18
1415,6,234,40,12,2025-05-30
1416,6,239,11,12,2025-06-19
1417,6,240,18,12,2025-06-02
1418,6,241,38,25,2025-06-30
1419,6,242,66,30,2025-06-07
1420,6,244,30,12,2025-06-28
1421,6,246,30,10,2025-05-25
1422,6,249,70,30,2025-05-23
1423,6,250,51,15,2025-06-04
1424,6,252,25,12,2025-06-20
1425,6,254,36,12,2025-06-20
1426,6,255,36,12,2025-06-03
1427,6,260,16,8,2025-06-29
1428,6,262,20,10,2025-06-29
1429,6,264,27,8,2025-06-04
1430,6,266,30,10,2025-05-21
1431,6,268,38,15,2025-06-19
1432,6,269,37,12,2025-05-20
1433,6,271,0,10,2025-06-27
1434,6,275,104,30,2025-06-28
1435,6,276,32,15,2025-06-30
1436,6,277,52,20,2025-05-18
1437,6,279,91,25,2025-05-25
1438,6,280,20,8,2025-06-25
1439,6,281,4,10,2025-06-08
1440,6,283,55,25,2025-05-25
1441,6,284,21,8,2025-05-28
1442,6,285,67,15,2025-06-09
1443,6,286,39,12,2025-06-02
1444,6,287,88,25,2025-06-23
1445,6,290,61,15,2025-05-17
1446,6,292,15,12,2025-06-12
1447,6,293,33,10,2025-06-30
1448,6,294,27,20,2025-06-27
1449,6,300,17,8,2025-06-25
1450,6,302,62,20,2025-05-23
1451,6,305,17,25,2025-05-18
1452,6,306,78,25,2025-06-29
1453,6,307,38,12,2025-06-29
1454,6,309,34,20,2025-06-05
1455,6,312,22,8,2025-06-30
1456,6,313,23,10,2025-06-14
1457,6,314,0,8,2025-06-30
1458,6,315,57,20,2025-05-23
1459,6,318,49,12,2025-06-17
1460,6,320,16,8,2025-06-24
1461,6,322,30,15,2025-05-27
1462,6,323,13,8,2025-06-19
1463,6,324,64,25,2025-06-29
1464,6,325,13,10,2025-06-17
1465,6,327,32,25,2025-06-15
1466,6,330,22,8,2025-06-30
1467,6,331,88,25,2025-06-29
1468,6,332,69,25,2025-06-20
1469,6,333,34,12,2025-06-09
1470,6,334,20,10,2025-05-18
1471,6,335,25,25,2025-06-28
1472,6,337,49,25,2025-06-23
1473,6,341,65,30,2025-05-19
1474,6,343,17,8,2025-06-06
1475,6,345,13,8,2025-05-23
1476,6,346,59,30,2025-05-30
1477,6,348,78,25,2025-06-11
1478,6,349,25,30,2025-06-05
1479,6,353,50,15,2025-06-20
1480,6,354,52,15,2025-05-26
1481,6,357,61,20,2025-06-29
1482,6,359,31,12,2025-06-28
1483,6,360,34,12,2025-06-23
1484,6,362,124,30,2025-06-12
1485,6,364,22,8,2025-06-28
1486,6,368,23,8,2025-05-16
1487,6,369,25,15,2025-06-29
1488,6,370,10,8,2025-05-24
1489,6,372,45,25,2025-06-23
1490,6,374,46,20,2025-05-31
1491,6,375,86,25,2025-06-27
1492,6,377,0,8,2025-06-12
1493,6,378,27,12,2025-06-13
1494,6,379,65,30,2025-06-21
1495,6,386,20,8,2025-05-26
1496,6,387,30,25,2025-06-01
1497,6,388,26,12,2025-06-13
1498,6,391,79,30,2025-06-30
1499,6,393,10,12,2025-06-29
1500,6,396,44,25,2025-05-26
1501,6,397,69,20,2025-06-15
1502,6,399,65,30,2025-06-08
1503,6,400,65,20,2025-06-10
1504,6,405,30,10,2025-06-29
1505,6,410,23,25,2025-06-13
1506,6,411,73,25,2025-05-27
1507,6,412,30,8,2025-06-22
1508,6,415,40,20,2025-06-10
1509,6,417,0,20,2025-06-27
1510,6,418,23,8,2025-05-22
1511,6,420,45,20,2025-06-28
1512,6,423,39,20,2025-05-28
1513,6,424,31,25,2025-06-19
1514,6,426,0,25,2025-06-10
1515,6,428,57,30,2025-06-09
1516,6,430,58,15,2025-06-06
1517,6,432,21,8,2025-06-30
1518,6,435,59,20,2025-05-23
1519,6,436,33,10,2025-06-29
1520,6,437,0,30,2025-05-25
1521,6,440,82,25,2025-06-24
1522,6,442,31,10,2025-06-06
1523,6,443,88,30,2025-05-19
1524,6,444,22,8,2025-06-28
1525,6,445,37,20,2025-06-12
1526,6,448,39,15,2025-05-28
1527,6,450,17,8,2025-06-06
1528,6,451,81,30,2025-06-18
1529,6,452,17,8,2025-06-08
1530,6,453,49,15,2025-06-05
1531,6,454,15,8,2025-06-05
1532,6,455,27,12,2025-05-16
1533,6,456,45,15,2025-06-08
1534,6,457,21,10,2025-05-28
1535,6,458,75,25,2025-06-28
1536,6,459,20,8,2025-05-29
1537,6,460,33,15,2025-06-30
1538,6,461,35,10,2025-05-24
1539,6,463,56,20,2025-06-30
1540,6,464,112,30,2025-05-16
1541,6,465,71,25,2025-06-24
1542,6,469,38,30,2025-05-23
1543,6,471,20,12,2025-06-30
1544,6,472,60,30,2025-06-25
1545,6,473,17,8,2025-06-21
1546,6,479,24,10,2025-06-20
1547,6,481,65,25,2025-06-29
1548,6,482,19,10,2025-06-27
1549,6,484,13,8,2025-06-30
1550,6,485,41,20,2025-06-28
1551,6,486,39,12,2025-06-28
1552,6,487,19,8,2025-06-28
1553,6,488,37,10,2025-06-26
1554,6,489,5,8,2025-06-27
1555,6,490,39,15,2025-06-03
1556,6,491,46,20,2025-06-18
1557,6,493,75,25,2025-06-09
1558,6,494,45,15,2025-06-24
1559,6,495,33,15,2025-05-31
1560,6,496,32,12,2025-05-20
1561,6,497,39,25,2025-06-20
1562,6,498,45,12,2025-05-19
1563,6,499,31,8,2025-06-28
1564,6,500,22,10,2025-05-17
1565,6,501,23,8,2025-06-30
1566,6,503,15,8,2025-06-25
1567,6,504,59,20,2025-06-17
1568,6,506,47,20,2025-06-12
1569,6,507,30,15,2025-05-24
1570,6,508,26,10,2025-06-15
1571,6,510,48,20,2025-05-19
1572,6,511,16,15,2025-06-08
1573,6,513,41,25,2025-06-29
1574,6,515,33,15,2025-06-28
1575,6,517,53,30,2025-06-28
1576,6,518,68,30,2025-06-30
1577,6,519,16,10,2025-05-22
1578,6,520,32,15,2025-05-26
1579,6,521,23,12,2025-05-28
1580,6,524,21,8,2025-06-24
1581,6,525,24,10,2025-06-30
1582,6,527,15,12,2025-06-27
1583,6,531,41,20,2025-05-18
1584,6,534,72,20,2025-06-28
1585,6,536,17,8,2025-05-16
1586,6,541,38,12,2025-06-30
1587,6,544,29,15,2025-05-17
1588,6,545,50,20,2025-06-02
1589,6,549,57,30,2025-06-11
1590,6,551,80,25,2025-06-13
1591,6,553,64,25,2025-06-28
1592,6,555,0,15,2025-06-28
1593,6,557,15,8,2025-06-08
1594,6,558,58,25,2025-06-29
1595,6,560,38,15,2025-06-16
1596,6,561,16,10,2025-06-04
1597,6,563,29,10,2025-06-11
1598,6,569,57,30,2025-06-06
1599,6,570,55,25,2025-06-18
1600,6,571,30,25,2025-06-05
1601,6,572,53,15,2025-06-17
1602,6,574,22,15,2025-06-06
1603,6,575,18,10,2025-06-27
1604,6,576,73,25,2025-06-20
1605,6,578,80,30,2025-06-29
1606,6,579,54,20,2025-05-24
1607,6,580,46,12,2025-06-01
1608,6,581,32,15,2025-06-27
1609,6,584,37,25,2025-06-20
1610,6,586,11,10,2025-06-03
1611,6,590,45,15,2025-06-07
1612,6,591,40,15,2025-06-03
1613,6,592,32,12,2025-06-30
1614,6,593,26,12,2025-06-04
1615,6,595,28,20,2025-06-10
1616,6,596,17,15,2025-06-12
1617,6,597,26,12,2025-06-20
1618,6,599,42,10,2025-06-17
1619,6,600,30,15,2025-06-14
1620,7,5,25,8,2025-06-20
1621,7,9,28,15,2025-05-21
1622,7,11,49,30,2025-06-24
1623,7,13,35,30,2025-05-24
1624,7,15,1,8,2025-06-28
1625,7,16,45,15,2025-05-30
1626,7,18,54,12,2025-06-28
1627,7,19,80,30,2025-06-17
1628,7,20,44,20,2025-06-30
1629,7,21,34,20,2025-05-22
1630,7,24,127,30,2025-06-12
1631,7,25,42,30,2025-06-01
1632,7,27,13,10,2025-06-28
1633,7,28,95,30,2025-05-27
1634,7,30,92,25,2025-06-25
1635,7,31,65,20,2025-06-29
1636,7,32,39,20,2025-06-07
1637,7,33,45,20,2025-05-18
1638,7,36,31,12,2025-06-29
1639,7,38,20,10,2025-06-17
1640,7,39,0,10,2025-06-09
1641,7,40,43,30,2025-06-25
1642,7,41,22,8,2025-05-18
1643,7,42,32,10,2025-06-08
1644,7,43,15,8,2025-05-25
1645,7,44,15,8,2025-06-15
1646,7,46,38,20,2025-06-28
1647,7,51,20,8,2025-06-23
1648,7,56,54,20,2025-06-04
1649,7,57,59,20,2025-06-16
1650,7,58,73,30,2025-06-09
1651,7,59,7,8,2025-06-17
1652,7,62,27,10,2025-05-31
1653,7,64,25,30,2025-05-26
1654,7,65,39,20,2025-06-27
1655,7,66,32,15,2025-06-07
1656,7,67,95,25,2025-06-08
1657,7,68,20,8,2025-06-22
1658,7,70,44,12,2025-06-18
1659,7,75,53,30,2025-06-12
1660,7,76,34,20,2025-06-28
1661,7,78,15,10,2025-05-29
1662,7,79,45,20,2025-05-17
1663,7,80,45,30,2025-06-04
1664,7,82,99,25,2025-05-29
1665,7,83,26,8,2025-06-27
1666,7,85,21,10,2025-05-26
1667,7,86,26,8,2025-05-19
1668,7,89,22,12,2025-06-13
1669,7,91,31,15,2025-06-01
1670,7,92,0,30,2025-06-08
1671,7,93,50,25,2025-06-30
1672,7,94,121,30,2025-05-18
1673,7,95,61,25,2025-05-17
1674,7,98,17,8,2025-06-04
1675,7,99,28,12,2025-06-15
1676,7,102,30,10,2025-06-30
1677,7,104,63,30,2025-06-27
1678,7,105,17,8,2025-06-03
1679,7,106,116,30,2025-06-09
1680,7,107,22,15,2025-06-17
1681,7,109,28,8,2025-06-28
1682,7,112,67,30,2025-05-30
1683,7,113,36,15,2025-06-30
1684,7,114,38,15,2025-06-27
1685,7,117,77,25,2025-06-23
1686,7,118,51,20,2025-06-23
1687,7,119,95,25,2025-06-13
1688,7,121,58,25,2025-06-28
1689,7,122,27,10,2025-06-29
1690,7,123,34,12,2025-06-10
1691,7,124,26,8,2025-06-28
1692,7,126,99,30,2025-05-27
1693,7,127,16,12,2025-05-18
1694,7,128,32,20,2025-06-04
1695,7,129,63,20,2025-06-04
1696,7,130,41,20,2025-06-09
1697,7,131,42,25,2025-06-24
1698,7,134,33,20,2025-06-21
1699,7,135,42,15,2025-05-26
1700,7,136,14,25,2025-06-19
1701,7,137,48,15,2025-05-22
1702,7,138,36,30,2025-06-05
1703,7,139,42,20,2025-06-27
1704,7,143,36,25,2025-06-29
1705,7,144,23,12,2025-05-20
1706,7,145,29,10,2025-06-06
1707,7,146,27,10,2025-05-21
1708,7,147,15,8,2025-06-02
1709,7,148,25,8,2025-06-09
1710,7,149,5,30,2025-05-21
1711,7,150,33,10,2025-06-09
1712,7,151,0,20,2025-06-30
1713,7,152,95,30,2025-05-22
1714,7,153,44,25,2025-05-20
1715,7,155,22,12,2025-05-31
1716,7,156,56,15,2025-06-11
1717,7,157,13,10,2025-05-19
1718,7,160,30,12,2025-05-25
1719,7,162,38,25,2025-05-17
1720,7,163,29,10,2025-06-30
1721,7,164,0,30,2025-06-05
1722,7,165,30,12,2025-06-27
1723,7,167,29,12,2025-06-27
1724,7,169,21,15,2025-06-28
1725,7,170,12,10,2025-05-30
1726,7,173,25,12,2025-06-27
1727,7,174,19,8,2025-06-10
1728,7,175,44,15,2025-06-13
1729,7,176,59,25,2025-06-21
1730,7,182,26,8,2025-06-27
1731,7,184,78,30,2025-06-28
1732,7,185,99,25,2025-05-21
1733,7,189,18,10,2025-06-28
1734,7,191,46,20,2025-06-24
1735,7,192,48,15,2025-06-28
1736,7,194,9,8,2025-06-08
1737,7,195,22,20,2025-06-26
1738,7,196,73,20,2025-06-27
1739,7,197,26,12,2025-06-20
1740,7,198,125,30,2025-05-19
1741,7,199,110,30,2025-05-27
1742,7,200,44,12,2025-05-31
1743,7,202,28,15,2025-06-23
1744,7,205,35,12,2025-06-11
1745,7,206,30,15,2025-05-19
1746,7,207,84,30,2025-06-11
1747,7,208,33,12,2025-06-01
1748,7,210,23,8,2025-06-05
1749,7,212,10,8,2025-06-27
1750,7,213,21,10,2025-05-27
1751,7,214,16,15,2025-05-26
1752,7,215,21,8,2025-06-19
1753,7,216,49,30,2025-06-15
1754,7,217,39,25,2025-06-05
1755,7,218,12,10,2025-06-29
1756,7,219,40,25,2025-06-07
1757,7,225,19,12,2025-06-28
1758,7,228,20,8,2025-05-20
1759,7,230,15,8,2025-06-22
1760,7,231,35,10,2025-06-30
1761,7,232,100,30,2025-06-21
1762,7,234,30,15,2025-06-09
1763,7,236,62,20,2025-05-26
1764,7,237,30,20,2025-06-29
1765,7,239,22,10,2025-05-16
1766,7,240,27,20,2025-06-01
1767,7,241,38,15,2025-06-13
1768,7,242,114,25,2025-06-11
1769,7,243,0,30,2025-05-27
1770,7,245,55,20,2025-06-19
1771,7,246,77,25,2025-06-29
1772,7,247,61,30,2025-06-28
1773,7,249,3,8,2025-06-16
1774,7,251,82,30,2025-06-14
1775,7,253,14,20,2025-06-23
1776,7,254,18,8,2025-05-29
1777,7,255,21,8,2025-06-21
1778,7,256,43,12,2025-06-30
1779,7,260,0,25,2025-06-28
1780,7,261,50,25,2025-05-18
1781,7,262,0,10,2025-06-29
1782,7,264,119,30,2025-06-27
1783,7,267,80,25,2025-06-27
1784,7,268,37,15,2025-05-28
1785,7,269,48,25,2025-06-05
1786,7,270,21,8,2025-05-23
1787,7,271,43,12,2025-06-27
1788,7,273,33,15,2025-05-25
1789,7,274,52,25,2025-06-29
1790,7,275,38,15,2025-06-28
1791,7,276,20,10,2025-06-30
1792,7,279,35,15,2025-06-17
1793,7,280,27,10,2025-05-21
1794,7,282,55,20,2025-06-18
1795,7,284,58,15,2025-06-24
1796,7,287,99,30,2025-06-25
1797,7,290,9,10,2025-06-04
1798,7,293,35,10,2025-06-28
1799,7,297,20,8,2025-06-14
1800,7,299,43,25,2025-06-28
1801,7,300,73,25,2025-06-08
1802,7,301,16,8,2025-06-30
1803,7,304,84,30,2025-05-23
1804,7,305,24,12,2025-06-27
1805,7,306,97,30,2025-06-30
1806,7,310,27,10,2025-06-10
1807,7,313,35,15,2025-06-14
1808,7,314,34,12,2025-06-29
1809,7,321,42,20,2025-06-08
1810,7,322,17,8,2025-06-27
1811,7,324,56,12,2025-06-28
1812,7,325,38,20,2025-06-09
1813,7,327,0,20,2025-05-21
1814,7,329,62,20,2025-05-24
1815,7,330,18,8,2025-06-29
1816,7,331,28,12,2025-06-28
1817,7,332,13,10,2025-05-16
1818,7,333,52,30,2025-06-22
1819,7,334,33,10,2025-05-28
1820,7,337,38,30,2025-05-31
1821,7,338,56,30,2025-06-12
1822,7,343,72,25,2025-06-19
1823,7,345,15,8,2025-05-17
1824,7,346,41,12,2025-06-15
1825,7,350,19,8,2025-06-18
1826,7,356,34,25,2025-05-26
1827,7,357,25,10,2025-06-10
1828,7,359,32,25,2025-06-29
1829,7,360,23,8,2025-06-27
1830,7,361,105,30,2025-06-30
1831,7,362,18,10,2025-06-03
1832,7,363,51,20,2025-06-01
1833,7,372,55,20,2025-05-21
1834,7,375,23,8,2025-06-27
1835,7,379,16,12,2025-05-31
1836,7,381,64,30,2025-06-27
1837,7,382,35,8,2025-06-22
1838,7,383,13,8,2025-06-02
1839,7,386,52,20,2025-05-27
1840,7,390,13,8,2025-06-27
1841,7,391,93,30,2025-06-29
1842,7,396,59,30,2025-06-16
1843,7,397,35,15,2025-06-17
1844,7,398,63,20,2025-06-07
1845,7,399,123,30,2025-06-09
1846,7,400,18,20,2025-05-27
1847,7,401,74,30,2025-05-26
1848,7,408,26,12,2025-06-07
1849,7,409,63,20,2025-05-25
1850,7,411,54,20,2025-06-25
1851,7,412,36,15,2025-06-13
1852,7,415,19,8,2025-06-20
1853,7,416,12,15,2025-06-25
1854,7,417,92,25,2025-05-30
1855,7,419,31,12,2025-06-24
1856,7,420,25,10,2025-06-29
1857,7,421,88,30,2025-06-29
1858,7,422,54,30,2025-06-18
1859,7,423,25,20,2025-06-29
1860,7,424,63,25,2025-06-01
1861,7,425,0,10,2025-05-16
1862,7,427,25,8,2025-06-11
1863,7,429,105,25,2025-05-31
1864,7,430,47,20,2025-06-23
1865,7,434,50,15,2025-06-30
1866,7,435,52,20,2025-05-28
1867,7,436,48,30,2025-06-27
1868,7,437,36,12,2025-06-18
1869,7,439,56,25,2025-06-13
1870,7,440,19,8,2025-05-20
1871,7,441,35,12,2025-06-24
1872,7,442,30,15,2025-05-22
1873,7,444,21,10,2025-06-15
1874,7,445,28,10,2025-06-18
1875,7,446,67,25,2025-06-30
1876,7,449,53,25,2025-05-26
1877,7,451,89,30,2025-05-29
1878,7,452,17,12,2025-05-17
1879,7,455,10,8,2025-06-06
1880,7,456,20,8,2025-06-26
1881,7,457,47,20,2025-06-30
1882,7,458,64,25,2025-06-04
1883,7,460,14,8,2025-05-29
1884,7,461,11,25,2025-06-06
1885,7,463,0,30,2025-06-27
1886,7,464,46,12,2025-05-19
1887,7,466,135,30,2025-06-27
1888,7,467,62,30,2025-06-09
1889,7,468,65,30,2025-06-29
1890,7,469,8,8,2025-06-04
1891,7,471,17,10,2025-06-27
1892,7,475,83,30,2025-06-02
1893,7,477,69,25,2025-05-24
1894,7,479,15,12,2025-06-24
1895,7,481,37,15,2025-06-28
1896,7,482,24,10,2025-06-29
1897,7,484,61,25,2025-06-28
1898,7,485,55,15,2025-06-27
1899,7,490,22,12,2025-06-18
1900,7,491,71,25,2025-05-19
1901,7,492,59,15,2025-05-31
1902,7,493,42,15,2025-06-26
1903,7,495,86,30,2025-06-11
1904,7,497,27,15,2025-05-18
1905,7,499,45,25,2025-06-23
1906,7,500,96,30,2025-06-29
1907,7,501,70,25,2025-06-29
1908,7,503,24,8,2025-05-30
1909,7,505,47,15,2025-05-26
1910,7,508,28,10,2025-06-16
1911,7,510,35,20,2025-05-27
1912,7,511,79,30,2025-06-22
1913,7,512,36,20,2025-06-30
1914,7,513,0,15,2025-06-30
1915,7,515,25,10,2025-06-27
1916,7,517,0,12,2025-05-30
1917,7,518,0,15,2025-06-30
1918,7,519,36,15,2025-06-13
1919,7,520,46,30,2025-06-28
1920,7,521,0,8,2025-05-19
1921,7,523,22,8,2025-06-05
1922,7,525,26,12,2025-06-27
1923,7,526,96,25,2025-06-24
1924,7,527,13,8,2025-05-22
1925,7,528,50,20,2025-05-22
1926,7,530,18,10,2025-06-30
1927,7,531,68,25,2025-06-25
1928,7,532,33,30,2025-06-04
1929,7,534,33,15,2025-06-28
1930,7,535,109,30,2025-05-29
1931,7,537,21,10,2025-05-28
1932,7,538,17,20,2025-06-11
1933,7,541,28,8,2025-06-29
1934,7,542,30,15,2025-05-27
1935,7,544,47,12,2025-06-08
1936,7,545,31,15,2025-06-20
1937,7,546,49,25,2025-06-27
1938,7,547,19,8,2025-06-28
1939,7,549,14,20,2025-06-08
1940,7,551,52,20,2025-06-14
1941,7,552,16,8,2025-06-29
1942,7,553,115,30,2025-06-29
1943,7,554,31,10,2025-06-27
1944,7,556,29,12,2025-06-06
1945,7,560,19,8,2025-06-24
1946,7,561,15,8,2025-06-18
1947,7,562,27,10,2025-05-27
1948,7,565,28,25,2025-05-17
1949,7,566,29,10,2025-06-27
1950,7,567,38,12,2025-05-27
1951,7,572,24,30,2025-06-01
1952,7,573,44,12,2025-06-20
1953,7,574,59,25,2025-05-18
1954,7,576,33,20,2025-06-11
1955,7,578,48,15,2025-06-30
1956,7,579,13,12,2025-05-27
1957,7,580,24,10,2025-06-25
1958,7,584,52,20,2025-05-31
1959,7,587,0,20,2025-05-21
1960,7,588,0,25,2025-05-17
1961,7,589,62,15,2025-06-28
1962,7,590,41,15,2025-06-18
1963,7,592,23,10,2025-06-27
1964,7,593,6,25,2025-05-21
1965,7,595,112,30,2025-06-20
1966,7,596,20,8,2025-05-22
1967,7,598,33,10,2025-05-25
1968,7,599,50,15,2025-06-13
1969,8,5,54,30,2025-06-05
1970,8,8,18,30,2025-06-28
1971,8,13,45,15,2025-06-02
1972,8,23,88,25,2025-06-27
1973,8,24,25,8,2025-06-10
1974,8,25,22,8,2025-06-26
1975,8,34,31,20,2025-05-27
1976,8,43,0,20,2025-05-30
1977,8,46,86,30,2025-06-29
1978,8,51,14,8,2025-06-13
1979,8,57,31,15,2025-06-08
1980,8,58,39,25,2025-05-31
1981,8,61,0,8,2025-06-28
1982,8,64,49,15,2025-06-05
1983,8,67,66,30,2025-06-14
1984,8,69,39,12,2025-05-31
1985,8,72,34,20,2025-06-16
1986,8,74,18,8,2025-06-05
1987,8,81,26,12,2025-06-29
1988,8,101,8,10,2025-06-28
1989,8,111,63,30,2025-06-05
1990,8,114,30,12,2025-06-29
1991,8,116,16,8,2025-06-30
1992,8,118,43,20,2025-06-11
1993,8,123,12,8,2025-06-25
1994,8,127,46,15,2025-06-21
1995,8,130,26,10,2025-06-23
1996,8,147,9,10,2025-06-12
1997,8,150,32,10,2025-05-20
1998,8,151,22,12,2025-06-27
1999,8,152,69,25,2025-05-19
2000,8,164,15,10,2025-06-16
2001,8,167,21,10,2025-06-30
2002,8,171,7,8,2025-05-29
2003,8,173,44,15,2025-06-28
2004,8,175,39,15,2025-06-10
2005,8,176,19,8,2025-06-07
2006,8,181,79,25,2025-05-23
2007,8,182,0,8,2025-06-28
2008,8,184,27,25,2025-05-26
2009,8,185,23,15,2025-06-01
2010,8,187,88,30,2025-05-23
2011,8,196,46,20,2025-06-29
2012,8,197,95,25,2025-05-19
2013,8,204,21,12,2025-05-21
2014,8,206,44,12,2025-05-18
2015,8,210,14,12,2025-06-28
2016,8,211,25,10,2025-05-17
2017,8,215,99,30,2025-06-28
2018,8,217,39,12,2025-06-17
2019,8,220,87,30,2025-05-31
2020,8,226,46,25,2025-05-19
2021,8,227,31,10,2025-06-07
2022,8,230,38,30,2025-05-16
2023,8,232,65,20,2025-06-29
2024,8,234,80,25,2025-06-23
2025,8,239,37,10,2025-06-08
2026,8,240,47,10,2025-05-26
2027,8,245,73,25,2025-05-30
2028,8,246,22,12,2025-06-08
2029,8,254,13,10,2025-06-07
2030,8,259,16,8,2025-06-30
2031,8,263,70,20,2025-06-28
2032,8,268,25,12,2025-06-19
2033,8,270,34,20,2025-05-29
2034,8,285,34,15,2025-06-16
2035,8,289,33,15,2025-05-29
2036,8,297,38,20,2025-06-30
2037,8,302,58,20,2025-05-28
2038,8,303,49,20,2025-06-21
2039,8,305,37,20,2025-06-05
2040,8,314,49,20,2025-06-29
2041,8,328,47,15,2025-06-29
2042,8,340,21,10,2025-06-05
2043,8,344,37,15,2025-05-23
2044,8,346,41,10,2025-05-27
2045,8,360,10,8,2025-06-18
2046,8,362,20,20,2025-05-17
2047,8,372,0,8,2025-05-19
2048,8,374,0,30,2025-05-22
2049,8,376,38,25,2025-05-20
2050,8,377,38,15,2025-05-26
2051,8,379,19,10,2025-06-21
2052,8,386,17,10,2025-06-16
2053,8,387,17,20,2025-06-12
2054,8,388,33,10,2025-06-24
2055,8,390,0,12,2025-06-30
2056,8,394,53,25,2025-05-22
2057,8,398,124,30,2025-06-09
2058,8,400,14,12,2025-05-25
2059,8,407,43,20,2025-06-03
2060,8,410,0,15,2025-06-19
2061,8,411,17,8,2025-06-01
2062,8,420,33,12,2025-06-28
2063,8,424,11,8,2025-06-20
2064,8,426,55,25,2025-06-24
2065,8,431,72,30,2025-06-13
2066,8,433,12,8,2025-06-28
2067,8,441,58,20,2025-06-25
2068,8,446,54,20,2025-06-30
2069,8,450,41,10,2025-06-04
2070,8,471,57,25,2025-06-27
2071,8,477,72,25,2025-06-14
2072,8,480,23,8,2025-06-05
2073,8,485,45,20,2025-06-28
2074,8,492,74,25,2025-06-05
2075,8,495,43,12,2025-05-20
2076,8,498,22,25,2025-06-02
2077,8,501,86,30,2025-06-28
2078,8,514,64,30,2025-06-30
2079,8,520,34,25,2025-06-14
2080,8,522,82,30,2025-05-26
2081,8,523,83,30,2025-06-17
2082,8,524,32,12,2025-06-05
2083,8,526,36,10,2025-06-26
2084,8,537,22,25,2025-06-12
2085,8,541,17,8,2025-06-30
2086,8,542,82,30,2025-06-30
2087,8,559,38,30,2025-06-27
2088,8,565,30,12,2025-05-20
2089,8,568,80,30,2025-06-28
2090,8,569,22,20,2025-05-25
2091,8,570,28,10,2025-06-24
2092,8,574,28,8,2025-06-27
2093,8,578,18,10,2025-06-23
2094,8,594,23,20,2025-06-28
2095,8,595,94,30,2025-06-26
2096,8,596,47,15,2025-06-25
2097,8,597,17,12,2025-06-27
2098,8,600,21,12,2025-06-27
