id,student_id,course_id,enrolled_on,status,final_grade,grade_band,attendance_rate
1,1,43,2023-09-09,completed,4.17,Suspenso,0.80
2,1,120,2024-09-09,completed,5.54,Aprobado,1.00
3,1,61,2024-09-09,completed,5.00,Aprobado,0.80
4,1,77,2024-09-09,completed,7.10,Notable,1.00
5,2,175,2022-09-09,in_progress,,,0.90
6,2,78,2024-09-09,in_progress,,,1.00
7,2,88,2022-09-09,completed,6.46,Bien,0.80
8,3,30,2023-09-09,completed,4.48,Suspenso,0.90
9,3,81,2024-09-09,completed,4.49,Suspenso,0.80
10,3,282,2023-09-09,completed,2.86,Suspenso,0.70
11,3,67,2022-09-09,completed,5.20,Aprobado,0.70
12,3,252,2023-09-09,completed,4.82,Suspenso,1.00
13,4,257,2022-09-09,in_progress,,,1.00
14,4,52,2022-09-09,completed,6.18,Bien,1.00
15,5,68,2022-09-09,completed,8.46,Notable,1.00
16,5,160,2024-09-09,completed,5.91,Aprobado,1.00
17,5,172,2024-09-09,completed,7.70,Notable,1.00
18,6,93,2024-09-09,completed,7.72,Notable,0.80
19,6,221,2023-09-09,completed,8.38,Notable,1.00
20,6,249,2023-09-09,completed,6.20,Bien,0.90
21,6,245,2023-09-09,withdrawn,6.55,Bien,1.00
22,7,177,2024-09-09,completed,6.08,Bien,1.00
23,7,242,2022-09-09,completed,7.34,Notable,0.90
24,7,16,2022-09-09,completed,8.18,Notable,1.00
25,8,71,2022-09-09,in_progress,,,0.90
26,8,284,2024-09-09,completed,6.94,Bien,0.90
27,8,209,2022-09-09,completed,6.92,Bien,1.00
28,9,293,2022-09-09,completed,3.87,Suspenso,0.80
29,9,158,2024-09-09,completed,5.74,Aprobado,0.90
30,10,105,2024-09-09,completed,4.80,Suspenso,0.80
31,10,46,2024-09-09,in_progress,,,0.70
32,10,148,2023-09-09,completed,6.01,Bien,0.90
33,11,118,2024-09-09,completed,4.19,Suspenso,1.00
34,11,159,2023-09-09,completed,5.96,Aprobado,0.80
35,11,192,2022-09-09,in_progress,,,0.90
36,11,291,2024-09-09,completed,6.88,Bien,0.70
37,12,268,2022-09-09,completed,6.32,Bien,0.90
38,12,149,2024-09-09,in_progress,,,1.00
39,13,29,2024-09-09,completed,6.11,Bien,1.00
40,13,66,2023-09-09,withdrawn,6.86,Bien,0.80
41,14,55,2022-09-09,completed,7.59,Notable,1.00
42,14,183,2024-09-09,completed,6.10,Bien,1.00
43,14,286,2024-09-09,in_progress,,,1.00
44,15,103,2024-09-09,completed,6.61,Bien,0.80
45,15,187,2024-09-09,completed,7.27,Notable,1.00
46,15,83,2022-09-09,completed,3.46,Suspenso,1.00
47,15,219,2024-09-09,in_progress,,,0.70
48,16,60,2022-09-09,completed,8.18,Notable,1.00
49,16,251,2023-09-09,completed,7.40,Notable,1.00
50,16,290,2024-09-09,completed,8.86,Notable,1.00
51,16,86,2023-09-09,completed,7.17,Notable,1.00
52,17,34,2022-09-09,in_progress,,,0.90
53,18,293,2022-09-09,withdrawn,8.61,Notable,1.00
54,18,158,2024-09-09,completed,5.60,Aprobado,1.00
55,19,280,2024-09-09,completed,6.22,Bien,0.90
56,19,51,2023-09-09,completed,6.61,Bien,0.90
57,20,136,2024-09-09,completed,6.57,Bien,1.00
58,20,26,2024-09-09,completed,5.95,Aprobado,1.00
59,21,240,2024-09-09,completed,6.08,Bien,0.90
60,21,24,2023-09-09,completed,6.80,Bien,1.00
61,22,270,2022-09-09,completed,4.95,Suspenso,1.00
62,23,13,2022-09-09,completed,8.31,Notable,0.90
63,23,196,2024-09-09,completed,5.00,Aprobado,1.00
64,23,215,2023-09-09,in_progress,,,1.00
65,24,3,2022-09-09,completed,8.19,Notable,1.00
66,24,193,2024-09-09,completed,7.65,Notable,1.00
67,25,260,2022-09-09,completed,5.98,Aprobado,1.00
68,25,56,2024-09-09,in_progress,,,1.00
69,25,39,2022-09-09,completed,7.90,Notable,1.00
70,25,12,2023-09-09,completed,8.15,Notable,1.00
71,26,228,2023-09-09,in_progress,,,1.00
72,27,139,2024-09-09,completed,7.40,Notable,1.00
73,27,201,2024-09-09,completed,7.16,Notable,1.00
74,27,190,2023-09-09,completed,7.14,Notable,1.00
75,29,67,2022-09-09,completed,6.50,Bien,0.90
76,29,81,2024-09-09,completed,7.46,Notable,1.00
77,29,30,2023-09-09,completed,6.02,Bien,1.00
78,30,246,2023-09-09,completed,6.19,Bien,1.00
79,30,199,2023-09-09,completed,7.86,Notable,1.00
80,30,239,2024-09-09,in_progress,,,1.00
81,32,129,2024-09-09,completed,4.40,Suspenso,0.90
82,32,141,2022-09-09,completed,6.51,Bien,0.90
83,32,255,2022-09-09,completed,6.70,Bien,0.90
84,33,191,2024-09-09,completed,6.98,Bien,1.00
85,33,182,2022-09-09,completed,5.92,Aprobado,1.00
86,33,197,2024-09-09,completed,6.83,Bien,1.00
87,33,8,2024-09-09,completed,6.58,Bien,0.80
88,35,254,2022-09-09,completed,7.55,Notable,1.00
89,35,152,2023-09-09,completed,8.35,Notable,1.00
90,35,299,2022-09-09,in_progress,,,1.00
91,35,49,2022-09-09,completed,5.93,Aprobado,1.00
92,36,104,2022-09-09,completed,7.28,Notable,1.00
93,36,211,2024-09-09,completed,8.31,Notable,1.00
94,36,166,2022-09-09,repeated,8.08,Notable,1.00
95,36,176,2023-09-09,completed,7.72,Notable,1.00
96,36,125,2022-09-09,completed,8.06,Notable,1.00
97,37,278,2023-09-09,completed,3.02,Suspenso,1.00
98,37,247,2022-09-09,completed,7.08,Notable,1.00
99,37,110,2024-09-09,in_progress,,,0.90
100,39,203,2023-09-09,completed,5.80,Aprobado,0.90
101,39,89,2023-09-09,completed,5.27,Aprobado,1.00
102,39,237,2024-09-09,completed,4.98,Suspenso,1.00
103,39,45,2023-09-09,completed,7.08,Notable,0.90
104,40,248,2023-09-09,completed,4.70,Suspenso,0.90
105,40,135,2023-09-09,in_progress,,,0.80
106,40,7,2023-09-09,completed,5.58,Aprobado,1.00
107,41,41,2022-09-09,completed,9.02,Sobresaliente,1.00
108,42,56,2024-09-09,in_progress,,,1.00
109,42,12,2023-09-09,completed,4.77,Suspenso,1.00
110,42,39,2022-09-09,completed,6.78,Bien,1.00
111,42,260,2022-09-09,completed,5.73,Aprobado,1.00
112,43,34,2022-09-09,completed,6.80,Bien,1.00
113,44,78,2024-09-09,completed,7.32,Notable,1.00
114,44,175,2022-09-09,completed,8.80,Notable,1.00
115,45,173,2023-09-09,completed,5.69,Aprobado,0.90
116,45,38,2023-09-09,completed,6.69,Bien,0.80
117,45,195,2022-09-09,in_progress,,,0.90
118,45,250,2022-09-09,completed,3.73,Suspenso,0.60
119,45,122,2022-09-09,completed,3.82,Suspenso,0.90
120,46,138,2024-09-09,completed,5.50,Aprobado,0.90
121,46,47,2022-09-09,completed,6.71,Bien,1.00
122,46,53,2024-09-09,completed,6.48,Bien,1.00
123,46,171,2024-09-09,repeated,6.20,Bien,1.00
124,47,112,2022-09-09,completed,4.99,Suspenso,0.70
125,47,72,2023-09-09,completed,5.48,Aprobado,0.90
126,48,49,2022-09-09,completed,7.51,Notable,1.00
127,48,299,2022-09-09,in_progress,,,1.00
128,48,91,2023-09-09,completed,7.04,Notable,1.00
129,48,254,2022-09-09,completed,5.89,Aprobado,1.00
130,49,257,2022-09-09,completed,6.47,Bien,0.90
131,49,52,2022-09-09,completed,2.69,Suspenso,0.70
132,50,270,2022-09-09,completed,7.36,Notable,0.90
133,51,90,2022-09-09,in_progress,,,0.90
134,51,229,2022-09-09,completed,3.41,Suspenso,0.90
135,52,12,2023-09-09,repeated,3.88,Suspenso,1.00
136,52,56,2024-09-09,completed,5.54,Aprobado,0.70
137,52,39,2022-09-09,completed,4.93,Suspenso,0.80
138,52,260,2022-09-09,repeated,4.74,Suspenso,0.80
139,53,45,2023-09-09,in_progress,,,0.90
140,53,237,2024-09-09,in_progress,,,1.00
141,53,203,2023-09-09,completed,6.86,Bien,1.00
142,53,89,2023-09-09,completed,5.60,Aprobado,0.90
143,54,202,2024-09-09,completed,7.08,Notable,0.80
144,54,150,2022-09-09,completed,8.26,Notable,1.00
145,54,227,2024-09-09,completed,7.22,Notable,1.00
146,55,159,2023-09-09,completed,7.20,Notable,0.90
147,55,291,2024-09-09,repeated,7.40,Notable,1.00
148,55,192,2022-09-09,completed,8.59,Notable,1.00
149,56,286,2024-09-09,withdrawn,6.83,Bien,1.00
150,56,223,2023-09-09,completed,7.58,Notable,1.00
151,56,55,2022-09-09,completed,5.30,Aprobado,1.00
152,57,62,2022-09-09,withdrawn,7.06,Notable,0.90
153,57,296,2024-09-09,completed,5.92,Aprobado,0.80
154,57,113,2022-09-09,completed,5.96,Aprobado,1.00
155,59,105,2024-09-09,completed,7.00,Notable,1.00
156,59,148,2023-09-09,completed,6.62,Bien,1.00
157,59,46,2024-09-09,completed,5.80,Aprobado,1.00
158,60,25,2023-09-09,completed,5.90,Aprobado,0.90
159,60,144,2024-09-09,in_progress,,,1.00
160,61,36,2023-09-09,completed,5.54,Aprobado,0.90
161,61,33,2024-09-09,completed,3.43,Suspenso,0.80
162,61,222,2024-09-09,withdrawn,4.30,Suspenso,0.90
163,62,116,2022-09-09,completed,7.36,Notable,1.00
164,62,36,2023-09-09,completed,9.31,Sobresaliente,1.00
165,62,22,2024-09-09,completed,7.93,Notable,1.00
166,63,140,2023-09-09,completed,6.40,Bien,1.00
167,63,214,2023-09-09,completed,9.16,Sobresaliente,1.00
168,63,275,2022-09-09,completed,8.93,Notable,1.00
169,64,35,2023-09-09,completed,7.89,Notable,1.00
170,64,235,2022-09-09,in_progress,,,1.00
171,64,136,2024-09-09,in_progress,,,1.00
172,64,26,2024-09-09,repeated,8.12,Notable,1.00
173,64,111,2022-09-09,completed,7.52,Notable,1.00
174,65,159,2023-09-09,completed,3.96,Suspenso,0.80
175,65,291,2024-09-09,completed,5.62,Aprobado,0.70
176,65,118,2024-09-09,completed,4.68,Suspenso,0.70
177,65,192,2022-09-09,completed,3.73,Suspenso,1.00
178,66,159,2023-09-09,completed,6.22,Bien,1.00
179,66,192,2022-09-09,completed,5.81,Aprobado,1.00
180,66,291,2024-09-09,completed,6.35,Bien,0.80
181,67,146,2024-09-09,completed,6.64,Bien,1.00
182,67,101,2022-09-09,in_progress,,,1.00
183,67,162,2024-09-09,completed,7.68,Notable,1.00
184,68,165,2024-09-09,completed,8.02,Notable,1.00
185,68,107,2024-09-09,completed,9.36,Sobresaliente,1.00
186,69,133,2023-09-09,completed,7.16,Notable,1.00
187,69,106,2024-09-09,completed,7.83,Notable,1.00
188,69,259,2023-09-09,completed,8.17,Notable,1.00
189,70,16,2022-09-09,in_progress,,,1.00
190,70,178,2022-09-09,in_progress,,,1.00
191,70,177,2024-09-09,in_progress,,,1.00
192,70,242,2022-09-09,completed,8.17,Notable,1.00
193,71,154,2024-09-09,completed,6.84,Bien,0.90
194,72,255,2022-09-09,in_progress,,,0.90
195,72,141,2022-09-09,in_progress,,,1.00
196,72,129,2024-09-09,completed,4.77,Suspenso,0.90
197,73,208,2023-09-09,completed,7.08,Notable,1.00
198,73,149,2024-09-09,withdrawn,7.58,Notable,1.00
199,74,10,2022-09-09,completed,6.73,Bien,0.90
200,74,238,2024-09-09,completed,6.34,Bien,0.90
201,74,220,2023-09-09,completed,5.70,Aprobado,1.00
202,75,198,2022-09-09,completed,6.63,Bien,0.90
203,75,230,2022-09-09,completed,6.31,Bien,0.90
204,76,11,2024-09-09,completed,9.13,Sobresaliente,1.00
205,76,240,2024-09-09,completed,6.74,Bien,1.00
206,76,24,2023-09-09,completed,7.61,Notable,1.00
207,76,102,2023-09-09,completed,7.45,Notable,1.00
208,77,131,2022-09-09,completed,6.22,Bien,1.00
209,77,40,2022-09-09,completed,8.68,Notable,1.00
210,78,190,2023-09-09,in_progress,,,0.70
211,78,262,2022-09-09,completed,4.52,Suspenso,0.80
212,78,180,2024-09-09,completed,4.38,Suspenso,0.90
213,79,216,2024-09-09,completed,6.06,Bien,0.60
214,79,268,2022-09-09,completed,6.38,Bien,1.00
215,79,124,2024-09-09,completed,5.02,Aprobado,0.70
216,79,117,2023-09-09,completed,4.01,Suspenso,1.00
217,80,78,2024-09-09,completed,6.08,Bien,1.00
218,80,175,2022-09-09,completed,5.34,Aprobado,1.00
219,80,88,2022-09-09,withdrawn,5.62,Aprobado,0.90
220,81,15,2023-09-09,in_progress,,,1.00
221,81,100,2024-09-09,completed,4.16,Suspenso,0.90
222,81,123,2024-09-09,completed,6.34,Bien,1.00
223,82,266,2023-09-09,completed,4.94,Suspenso,0.90
224,82,265,2022-09-09,completed,5.16,Aprobado,0.90
225,82,137,2022-09-09,withdrawn,6.81,Bien,1.00
226,84,231,2023-09-09,completed,6.19,Bien,1.00
227,84,300,2023-09-09,completed,6.68,Bien,0.80
228,85,74,2023-09-09,completed,6.42,Bien,0.90
229,85,224,2023-09-09,completed,5.70,Aprobado,1.00
230,85,236,2024-09-09,in_progress,,,1.00
231,85,31,2022-09-09,in_progress,,,1.00
232,85,186,2024-09-09,completed,5.78,Aprobado,1.00
233,86,14,2022-09-09,in_progress,,,0.70
234,86,66,2023-09-09,completed,6.80,Bien,0.90
235,86,29,2024-09-09,completed,6.69,Bien,1.00
236,88,78,2024-09-09,completed,7.60,Notable,1.00
237,88,175,2022-09-09,completed,4.60,Suspenso,1.00
238,89,78,2024-09-09,completed,8.51,Notable,1.00
239,89,88,2022-09-09,completed,8.33,Notable,1.00
240,89,175,2022-09-09,completed,6.98,Bien,1.00
241,90,242,2022-09-09,completed,8.87,Notable,1.00
242,90,178,2022-09-09,completed,7.80,Notable,1.00
243,90,177,2024-09-09,completed,7.41,Notable,1.00
244,90,16,2022-09-09,completed,7.55,Notable,1.00
245,91,164,2024-09-09,completed,6.69,Bien,1.00
246,91,9,2024-09-09,completed,5.70,Aprobado,1.00
247,91,281,2022-09-09,completed,6.81,Bien,1.00
248,92,199,2023-09-09,completed,7.14,Notable,1.00
249,92,239,2024-09-09,completed,7.62,Notable,1.00
250,92,246,2023-09-09,completed,7.57,Notable,1.00
251,93,39,2022-09-09,in_progress,,,1.00
252,93,260,2022-09-09,completed,8.28,Notable,1.00
253,93,12,2023-09-09,completed,6.52,Bien,1.00
254,94,162,2024-09-09,completed,4.54,Suspenso,0.90
255,94,101,2022-09-09,in_progress,,,0.80
256,95,78,2024-09-09,completed,5.88,Aprobado,1.00
257,95,88,2022-09-09,completed,8.66,Notable,1.00
258,95,175,2022-09-09,completed,6.91,Bien,1.00
259,96,48,2022-09-09,completed,5.04,Aprobado,0.90
260,96,163,2022-09-09,completed,7.22,Notable,1.00
261,96,128,2024-09-09,completed,6.75,Bien,1.00
262,97,158,2024-09-09,completed,7.25,Notable,1.00
263,97,293,2022-09-09,in_progress,,,1.00
264,98,17,2023-09-09,completed,3.08,Suspenso,0.90
265,98,80,2023-09-09,completed,6.09,Bien,1.00
266,99,220,2023-09-09,completed,7.63,Notable,1.00
267,99,10,2022-09-09,completed,7.40,Notable,0.90
268,100,276,2023-09-09,completed,8.23,Notable,1.00
269,100,258,2024-09-09,in_progress,,,1.00
270,100,58,2023-09-09,completed,7.13,Notable,1.00
271,100,280,2024-09-09,completed,7.93,Notable,1.00
272,100,28,2022-09-09,completed,8.31,Notable,1.00
273,101,275,2022-09-09,completed,7.48,Notable,1.00
274,101,214,2023-09-09,completed,6.18,Bien,1.00
275,101,140,2023-09-09,completed,5.34,Aprobado,1.00
276,102,120,2024-09-09,completed,7.54,Notable,1.00
277,102,61,2024-09-09,completed,6.12,Bien,1.00
278,102,77,2024-09-09,completed,6.47,Bien,0.90
279,102,43,2023-09-09,completed,7.59,Notable,1.00
280,103,29,2024-09-09,completed,6.35,Bien,0.80
281,103,66,2023-09-09,completed,6.15,Bien,0.70
282,103,127,2023-09-09,completed,4.88,Suspenso,1.00
283,103,14,2022-09-09,completed,5.50,Aprobado,0.90
284,104,82,2024-09-09,completed,4.70,Suspenso,1.00
285,104,186,2024-09-09,in_progress,,,1.00
286,104,31,2022-09-09,completed,5.82,Aprobado,1.00
287,104,74,2023-09-09,completed,8.96,Notable,1.00
288,104,98,2024-09-09,completed,4.63,Suspenso,1.00
289,105,33,2024-09-09,completed,8.83,Notable,0.90
290,105,222,2024-09-09,completed,4.94,Suspenso,0.90
291,105,116,2022-09-09,completed,6.52,Bien,0.90
292,105,22,2024-09-09,completed,8.20,Notable,1.00
293,106,24,2023-09-09,completed,5.19,Aprobado,1.00
294,106,11,2024-09-09,in_progress,,,1.00
295,106,240,2024-09-09,completed,7.76,Notable,0.90
296,107,198,2022-09-09,completed,6.08,Bien,1.00
297,107,230,2022-09-09,completed,6.36,Bien,0.90
298,108,246,2023-09-09,completed,6.78,Bien,0.90
299,108,239,2024-09-09,completed,6.32,Bien,1.00
300,108,199,2023-09-09,withdrawn,6.06,Bien,0.80
301,109,8,2024-09-09,completed,4.62,Suspenso,0.90
302,109,197,2024-09-09,completed,4.58,Suspenso,0.90
303,109,182,2022-09-09,completed,3.96,Suspenso,0.80
304,109,191,2024-09-09,completed,4.57,Suspenso,0.90
305,109,99,2023-09-09,completed,6.05,Bien,0.90
306,110,163,2022-09-09,completed,7.28,Notable,0.90
307,110,204,2023-09-09,withdrawn,6.70,Bien,1.00
308,110,128,2024-09-09,in_progress,,,1.00
309,110,297,2024-09-09,completed,6.35,Bien,1.00
310,110,48,2022-09-09,completed,6.14,Bien,1.00
311,111,86,2023-09-09,completed,5.46,Aprobado,0.80
312,111,251,2023-09-09,completed,5.19,Aprobado,0.80
313,111,290,2024-09-09,completed,4.30,Suspenso,0.90
314,112,231,2023-09-09,completed,6.88,Bien,0.90
315,112,300,2023-09-09,completed,6.58,Bien,0.70
316,113,235,2022-09-09,completed,3.04,Suspenso,0.90
317,113,95,2024-09-09,completed,6.17,Bien,0.90
318,113,111,2022-09-09,completed,5.50,Aprobado,0.90
319,113,35,2023-09-09,in_progress,,,0.90
320,113,136,2024-09-09,completed,4.05,Suspenso,0.90
321,114,284,2024-09-09,withdrawn,7.66,Notable,1.00
322,114,209,2022-09-09,completed,9.61,Sobresaliente,1.00
323,114,71,2022-09-09,completed,8.53,Notable,1.00
324,115,253,2022-09-09,in_progress,,,1.00
325,115,97,2022-09-09,in_progress,,,1.00
326,116,260,2022-09-09,in_progress,,,0.90
327,116,12,2023-09-09,completed,7.20,Notable,1.00
328,116,56,2024-09-09,completed,4.62,Suspenso,0.80
329,117,29,2024-09-09,completed,6.27,Bien,0.70
330,117,14,2022-09-09,completed,5.20,Aprobado,0.90
331,117,127,2023-09-09,completed,5.27,Aprobado,0.80
332,117,66,2023-09-09,completed,4.92,Suspenso,0.90
333,118,68,2022-09-09,completed,5.73,Aprobado,1.00
334,118,172,2024-09-09,completed,6.39,Bien,0.90
335,118,160,2024-09-09,completed,8.12,Notable,1.00
336,119,31,2022-09-09,completed,4.80,Suspenso,0.90
337,119,186,2024-09-09,completed,4.46,Suspenso,1.00
338,120,105,2024-09-09,completed,3.75,Suspenso,1.00
339,120,148,2023-09-09,completed,5.29,Aprobado,1.00
340,120,46,2024-09-09,completed,7.52,Notable,0.90
341,121,172,2024-09-09,completed,7.60,Notable,1.00
342,121,68,2022-09-09,completed,7.86,Notable,1.00
343,121,160,2024-09-09,in_progress,,,1.00
344,122,14,2022-09-09,completed,5.94,Aprobado,1.00
345,122,66,2023-09-09,completed,8.02,Notable,1.00
346,123,211,2024-09-09,completed,5.06,Aprobado,0.90
347,123,63,2023-09-09,completed,5.46,Aprobado,1.00
348,123,185,2023-09-09,completed,5.49,Aprobado,0.80
349,123,125,2022-09-09,completed,5.66,Aprobado,1.00
350,124,223,2023-09-09,completed,6.83,Bien,1.00
351,124,183,2024-09-09,completed,6.67,Bien,1.00
352,125,214,2023-09-09,completed,8.04,Notable,1.00
353,125,275,2022-09-09,completed,6.08,Bien,1.00
354,125,140,2023-09-09,completed,7.69,Notable,0.90
355,126,103,2024-09-09,completed,5.31,Aprobado,0.80
356,126,83,2022-09-09,completed,5.47,Aprobado,0.80
357,126,219,2024-09-09,in_progress,,,1.00
358,127,278,2023-09-09,completed,6.21,Bien,1.00
359,127,247,2022-09-09,in_progress,,,1.00
360,128,171,2024-09-09,completed,5.94,Aprobado,0.90
361,128,53,2024-09-09,completed,5.94,Aprobado,1.00
362,129,173,2023-09-09,completed,5.36,Aprobado,1.00
363,129,250,2022-09-09,repeated,4.53,Suspenso,0.80
364,129,59,2024-09-09,completed,5.62,Aprobado,0.90
365,129,122,2022-09-09,completed,4.65,Suspenso,1.00
366,130,53,2024-09-09,completed,4.75,Suspenso,0.80
367,130,171,2024-09-09,completed,2.89,Suspenso,0.80
368,130,138,2024-09-09,completed,1.32,Suspenso,0.70
369,130,47,2022-09-09,in_progress,,,0.60
370,131,67,2022-09-09,repeated,7.41,Notable,1.00
371,131,81,2024-09-09,completed,5.08,Aprobado,0.90
372,132,231,2023-09-09,completed,5.93,Aprobado,0.90
373,132,300,2023-09-09,completed,6.90,Bien,0.90
374,133,123,2024-09-09,in_progress,,,1.00
375,133,100,2024-09-09,completed,5.66,Aprobado,0.70
376,133,15,2023-09-09,completed,5.28,Aprobado,0.90
377,134,111,2022-09-09,completed,7.35,Notable,1.00
378,134,261,2023-09-09,completed,8.90,Notable,1.00
379,134,235,2022-09-09,completed,8.25,Notable,1.00
380,135,294,2022-09-09,completed,5.94,Aprobado,0.80
381,135,108,2022-09-09,completed,5.87,Aprobado,0.90
382,135,244,2023-09-09,in_progress,,,1.00
383,135,217,2022-09-09,completed,4.01,Suspenso,0.70
384,136,187,2024-09-09,completed,7.68,Notable,1.00
385,136,219,2024-09-09,completed,6.99,Bien,1.00
386,136,83,2022-09-09,completed,5.50,Aprobado,1.00
387,136,32,2024-09-09,completed,4.16,Suspenso,1.00
388,136,103,2024-09-09,completed,5.71,Aprobado,1.00
389,137,171,2024-09-09,completed,9.40,Sobresaliente,1.00
390,137,47,2022-09-09,completed,8.03,Notable,1.00
391,137,53,2024-09-09,completed,6.88,Bien,1.00
392,137,138,2024-09-09,completed,6.86,Bien,1.00
393,138,152,2023-09-09,completed,5.17,Aprobado,1.00
394,138,49,2022-09-09,completed,3.46,Suspenso,0.90
395,138,91,2023-09-09,completed,5.54,Aprobado,0.80
396,138,254,2022-09-09,completed,6.50,Bien,0.90
397,138,299,2022-09-09,completed,4.80,Suspenso,0.60
398,139,244,2023-09-09,completed,5.69,Aprobado,0.60
399,139,108,2022-09-09,completed,4.82,Suspenso,0.90
400,139,294,2022-09-09,completed,5.38,Aprobado,0.70
401,139,217,2022-09-09,completed,5.97,Aprobado,0.90
402,140,3,2022-09-09,in_progress,,,0.90
403,140,54,2023-09-09,in_progress,,,0.70
404,140,193,2024-09-09,completed,6.00,Bien,0.80
405,140,55,2022-09-09,completed,5.90,Aprobado,0.80
406,142,267,2022-09-09,in_progress,,,1.00
407,142,167,2022-09-09,completed,5.96,Aprobado,0.90
408,143,50,2024-09-09,completed,5.56,Aprobado,0.90
409,144,163,2022-09-09,completed,6.54,Bien,1.00
410,144,128,2024-09-09,completed,6.85,Bien,0.90
411,144,48,2022-09-09,completed,5.65,Aprobado,1.00
412,144,204,2023-09-09,completed,7.78,Notable,1.00
413,145,240,2024-09-09,completed,7.34,Notable,1.00
414,145,102,2023-09-09,completed,4.84,Suspenso,0.90
415,145,24,2023-09-09,completed,5.79,Aprobado,1.00
416,146,277,2023-09-09,completed,6.12,Bien,0.90
417,146,174,2022-09-09,completed,6.92,Bien,0.90
418,146,87,2023-09-09,completed,6.86,Bien,1.00
419,146,132,2022-09-09,completed,6.38,Bien,0.90
420,147,56,2024-09-09,completed,7.34,Notable,1.00
421,147,39,2022-09-09,completed,7.89,Notable,1.00
422,148,238,2024-09-09,completed,5.54,Aprobado,0.80
423,148,10,2022-09-09,completed,5.10,Aprobado,0.90
424,148,220,2023-09-09,completed,6.37,Bien,0.90
425,149,79,2022-09-09,completed,5.37,Aprobado,0.60
426,150,52,2022-09-09,completed,6.04,Bien,0.90
427,150,257,2022-09-09,completed,6.04,Bien,0.90
428,151,155,2023-09-09,withdrawn,9.09,Sobresaliente,1.00
429,151,143,2022-09-09,repeated,8.25,Notable,1.00
430,151,234,2022-09-09,completed,8.37,Notable,1.00
431,152,287,2022-09-09,completed,6.19,Bien,1.00
432,152,225,2023-09-09,completed,5.26,Aprobado,1.00
433,152,142,2024-09-09,completed,6.94,Bien,1.00
434,153,13,2022-09-09,completed,5.69,Aprobado,1.00
435,153,215,2023-09-09,completed,5.72,Aprobado,1.00
436,153,196,2024-09-09,completed,7.42,Notable,1.00
437,154,171,2024-09-09,repeated,5.85,Aprobado,1.00
438,154,53,2024-09-09,completed,5.47,Aprobado,0.90
439,154,138,2024-09-09,completed,5.52,Aprobado,1.00
440,154,47,2022-09-09,completed,5.58,Aprobado,1.00
441,155,151,2023-09-09,completed,7.03,Notable,0.80
442,155,232,2024-09-09,completed,5.79,Aprobado,0.90
443,156,77,2024-09-09,completed,4.20,Suspenso,0.90
444,156,61,2024-09-09,completed,5.97,Aprobado,0.90
445,156,43,2023-09-09,completed,4.46,Suspenso,0.70
446,156,120,2024-09-09,completed,7.37,Notable,0.90
447,157,200,2023-09-09,completed,4.08,Suspenso,0.90
448,157,27,2022-09-09,completed,5.81,Aprobado,0.80
449,158,246,2023-09-09,completed,9.34,Sobresaliente,1.00
450,158,199,2023-09-09,completed,7.70,Notable,1.00
451,158,239,2024-09-09,withdrawn,8.03,Notable,1.00
452,159,161,2024-09-09,completed,7.88,Notable,1.00
453,159,18,2022-09-09,completed,4.90,Suspenso,1.00
454,160,32,2024-09-09,completed,7.80,Notable,1.00
455,160,20,2022-09-09,completed,8.05,Notable,1.00
456,160,187,2024-09-09,completed,7.74,Notable,1.00
457,161,248,2023-09-09,in_progress,,,0.90
458,161,212,2023-09-09,completed,6.79,Bien,1.00
459,161,115,2022-09-09,in_progress,,,1.00
460,162,214,2023-09-09,completed,6.96,Bien,0.80
461,162,140,2023-09-09,completed,4.11,Suspenso,1.00
462,162,275,2022-09-09,completed,4.94,Suspenso,1.00
463,163,157,2022-09-09,completed,5.42,Aprobado,1.00
464,163,126,2022-09-09,completed,3.96,Suspenso,0.80
465,164,72,2023-09-09,completed,4.54,Suspenso,0.90
466,164,112,2022-09-09,completed,5.82,Aprobado,0.90
467,165,262,2022-09-09,completed,8.00,Notable,1.00
468,165,201,2024-09-09,in_progress,,,1.00
469,165,190,2023-09-09,completed,6.07,Bien,1.00
470,165,273,2024-09-09,repeated,8.74,Notable,1.00
471,166,53,2024-09-09,completed,4.60,Suspenso,0.80
472,166,47,2022-09-09,completed,5.69,Aprobado,1.00
473,166,171,2024-09-09,withdrawn,5.67,Aprobado,1.00
474,166,138,2024-09-09,completed,3.29,Suspenso,0.70
475,167,90,2022-09-09,in_progress,,,0.90
476,167,144,2024-09-09,completed,6.24,Bien,1.00
477,167,94,2023-09-09,completed,4.60,Suspenso,0.90
478,167,264,2023-09-09,completed,5.26,Aprobado,1.00
479,168,152,2023-09-09,in_progress,,,0.70
480,168,254,2022-09-09,completed,4.49,Suspenso,0.90
481,168,91,2023-09-09,completed,5.01,Aprobado,0.80
482,168,299,2022-09-09,in_progress,,,0.80
483,168,49,2022-09-09,completed,6.42,Bien,0.70
484,169,128,2024-09-09,completed,7.82,Notable,1.00
485,169,297,2024-09-09,completed,6.00,Bien,1.00
486,169,163,2022-09-09,completed,3.69,Suspenso,0.90
487,171,221,2023-09-09,in_progress,,,1.00
488,171,93,2024-09-09,completed,7.14,Notable,0.70
489,171,245,2023-09-09,completed,6.10,Bien,0.90
490,171,249,2023-09-09,completed,5.68,Aprobado,1.00
491,172,60,2022-09-09,completed,6.79,Bien,1.00
492,172,86,2023-09-09,completed,6.92,Bien,1.00
493,172,290,2024-09-09,completed,9.37,Sobresaliente,1.00
494,172,251,2023-09-09,completed,7.94,Notable,1.00
495,173,131,2022-09-09,completed,5.52,Aprobado,1.00
496,173,40,2022-09-09,completed,8.33,Notable,1.00
497,174,143,2022-09-09,completed,9.06,Sobresaliente,1.00
498,174,155,2023-09-09,completed,7.69,Notable,1.00
499,174,234,2022-09-09,completed,7.46,Notable,1.00
500,175,300,2023-09-09,in_progress,,,0.80
501,175,231,2023-09-09,completed,4.38,Suspenso,0.70
502,176,87,2023-09-09,completed,7.35,Notable,1.00
503,176,174,2022-09-09,completed,8.33,Notable,1.00
504,177,16,2022-09-09,completed,5.38,Aprobado,1.00
505,177,242,2022-09-09,completed,5.22,Aprobado,0.90
506,177,177,2024-09-09,completed,4.50,Suspenso,1.00
507,178,261,2023-09-09,completed,5.79,Aprobado,0.90
508,178,35,2023-09-09,repeated,6.14,Bien,1.00
509,178,235,2022-09-09,completed,5.00,Aprobado,0.70
510,179,240,2024-09-09,completed,3.28,Suspenso,0.90
511,179,102,2023-09-09,completed,4.42,Suspenso,0.60
512,180,159,2023-09-09,in_progress,,,0.90
513,180,118,2024-09-09,completed,4.84,Suspenso,0.90
514,180,291,2024-09-09,in_progress,,,0.80
515,180,192,2022-09-09,completed,3.80,Suspenso,0.90
516,181,112,2022-09-09,completed,5.02,Aprobado,0.90
517,181,72,2023-09-09,completed,6.16,Bien,1.00
518,182,57,2022-09-09,completed,9.33,Sobresaliente,1.00
519,182,289,2022-09-09,completed,6.26,Bien,1.00
520,182,256,2022-09-09,completed,7.84,Notable,1.00
521,183,300,2023-09-09,completed,5.98,Aprobado,1.00
522,183,231,2023-09-09,in_progress,,,1.00
523,184,121,2023-09-09,completed,6.75,Bien,1.00
524,184,243,2023-09-09,completed,5.07,Aprobado,1.00
525,185,12,2023-09-09,completed,6.45,Bien,0.90
526,185,260,2022-09-09,completed,4.50,Suspenso,0.80
527,185,39,2022-09-09,completed,6.84,Bien,0.90
528,185,56,2024-09-09,completed,7.35,Notable,0.90
529,186,120,2024-09-09,completed,5.95,Aprobado,1.00
530,186,61,2024-09-09,completed,6.93,Bien,0.90
531,186,77,2024-09-09,completed,5.87,Aprobado,0.90
532,186,43,2023-09-09,completed,6.76,Bien,0.90
533,187,209,2022-09-09,completed,3.74,Suspenso,0.60
534,187,71,2022-09-09,in_progress,,,0.60
535,187,284,2024-09-09,completed,1.27,Suspenso,0.70
536,188,285,2023-09-09,completed,6.36,Bien,0.70
537,188,179,2024-09-09,completed,7.28,Notable,0.90
538,188,188,2023-09-09,in_progress,,,0.90
539,188,84,2022-09-09,completed,6.68,Bien,1.00
540,189,132,2022-09-09,completed,6.30,Bien,1.00
541,189,174,2022-09-09,completed,9.08,Sobresaliente,1.00
542,189,277,2023-09-09,completed,6.44,Bien,1.00
543,189,87,2023-09-09,completed,6.96,Bien,1.00
544,190,132,2022-09-09,in_progress,,,1.00
545,190,174,2022-09-09,completed,3.54,Suspenso,0.70
546,190,277,2023-09-09,in_progress,,,1.00
547,190,87,2023-09-09,completed,7.28,Notable,0.90
548,191,159,2023-09-09,in_progress,,,0.90
549,191,291,2024-09-09,completed,3.56,Suspenso,0.90
550,191,192,2022-09-09,completed,2.51,Suspenso,1.00
551,192,199,2023-09-09,completed,4.82,Suspenso,1.00
552,192,246,2023-09-09,completed,6.93,Bien,1.00
553,192,239,2024-09-09,completed,5.74,Aprobado,0.80
554,193,101,2022-09-09,completed,6.88,Bien,1.00
555,193,162,2024-09-09,completed,8.12,Notable,1.00
556,193,146,2024-09-09,completed,6.09,Bien,1.00
557,194,296,2024-09-09,completed,5.02,Aprobado,0.70
558,194,113,2022-09-09,completed,4.93,Suspenso,0.80
559,194,62,2022-09-09,completed,3.57,Suspenso,0.80
560,195,15,2023-09-09,completed,6.95,Bien,0.80
561,195,100,2024-09-09,completed,6.92,Bien,1.00
562,195,123,2024-09-09,completed,6.70,Bien,0.90
563,196,1,2022-09-09,completed,6.20,Bien,1.00
564,196,295,2023-09-09,completed,5.78,Aprobado,1.00
565,197,258,2024-09-09,completed,8.12,Notable,0.90
566,197,58,2023-09-09,in_progress,,,0.90
567,197,28,2022-09-09,completed,6.40,Bien,1.00
568,197,51,2023-09-09,in_progress,,,1.00
569,198,151,2023-09-09,completed,7.36,Notable,1.00
570,198,274,2024-09-09,completed,8.06,Notable,1.00
571,198,205,2022-09-09,withdrawn,7.84,Notable,1.00
572,198,232,2024-09-09,completed,7.76,Notable,1.00
573,198,42,2024-09-09,in_progress,,,1.00
574,199,81,2024-09-09,in_progress,,,1.00
575,199,252,2023-09-09,completed,6.94,Bien,1.00
576,199,67,2022-09-09,in_progress,,,1.00
577,199,282,2023-09-09,completed,7.35,Notable,1.00
578,199,30,2023-09-09,completed,10.00,Sobresaliente,1.00
579,200,50,2024-09-09,completed,4.85,Suspenso,0.80
580,201,18,2022-09-09,completed,7.94,Notable,1.00
581,201,161,2024-09-09,completed,9.58,Sobresaliente,1.00
582,202,240,2024-09-09,completed,7.79,Notable,0.80
583,202,11,2024-09-09,completed,6.74,Bien,1.00
584,202,24,2023-09-09,completed,6.23,Bien,0.70
585,202,102,2023-09-09,completed,5.75,Aprobado,0.90
586,203,40,2022-09-09,completed,4.56,Suspenso,0.90
587,203,131,2022-09-09,completed,5.48,Aprobado,0.90
588,205,206,2022-09-09,completed,6.82,Bien,0.90
589,205,147,2024-09-09,completed,3.70,Suspenso,0.90
590,206,15,2023-09-09,completed,9.72,Sobresaliente,1.00
591,206,123,2024-09-09,completed,7.97,Notable,1.00
592,206,100,2024-09-09,completed,8.34,Notable,1.00
593,207,34,2022-09-09,completed,3.40,Suspenso,0.90
594,208,70,2022-09-09,completed,4.34,Suspenso,1.00
595,208,217,2022-09-09,completed,6.66,Bien,1.00
596,208,244,2023-09-09,completed,6.58,Bien,1.00
597,209,62,2022-09-09,completed,7.82,Notable,1.00
598,209,113,2022-09-09,completed,6.65,Bien,1.00
599,209,296,2024-09-09,completed,9.16,Sobresaliente,1.00
600,210,73,2023-09-09,completed,5.62,Aprobado,1.00
601,210,144,2024-09-09,completed,5.38,Aprobado,0.80
602,211,175,2022-09-09,completed,6.22,Bien,0.90
603,211,88,2022-09-09,completed,2.89,Suspenso,0.90
604,211,78,2024-09-09,in_progress,,,0.90
605,212,49,2022-09-09,completed,8.18,Notable,1.00
606,212,152,2023-09-09,completed,7.12,Notable,1.00
607,212,254,2022-09-09,completed,7.08,Notable,1.00
608,213,21,2024-09-09,completed,6.33,Bien,1.00
609,213,217,2022-09-09,repeated,7.13,Notable,1.00
610,213,108,2022-09-09,completed,6.34,Bien,1.00
611,214,34,2022-09-09,completed,4.96,Suspenso,0.70
612,215,10,2022-09-09,completed,6.29,Bien,1.00
613,215,238,2024-09-09,completed,8.23,Notable,0.90
614,215,220,2023-09-09,completed,6.20,Bien,1.00
615,216,279,2022-09-09,completed,6.77,Bien,1.00
616,216,169,2024-09-09,in_progress,,,1.00
617,216,4,2022-09-09,in_progress,,,1.00
618,216,2,2023-09-09,completed,8.20,Notable,1.00
619,218,146,2024-09-09,completed,8.46,Notable,1.00
620,218,101,2022-09-09,completed,7.73,Notable,1.00
621,219,41,2022-09-09,completed,5.43,Aprobado,0.90
622,220,256,2022-09-09,in_progress,,,1.00
623,220,57,2022-09-09,completed,7.61,Notable,0.90
624,221,173,2023-09-09,completed,6.15,Bien,1.00
625,221,250,2022-09-09,completed,7.12,Notable,1.00
626,222,167,2022-09-09,completed,5.04,Aprobado,1.00
627,222,267,2022-09-09,in_progress,,,0.90
628,223,95,2024-09-09,completed,8.64,Notable,1.00
629,223,35,2023-09-09,in_progress,,,1.00
630,224,132,2022-09-09,completed,2.50,Suspenso,0.80
631,224,277,2023-09-09,in_progress,,,0.60
632,224,87,2023-09-09,completed,4.34,Suspenso,1.00
633,224,174,2022-09-09,completed,4.79,Suspenso,0.80
634,225,153,2023-09-09,completed,7.30,Notable,1.00
635,225,37,2022-09-09,completed,6.46,Bien,0.90
636,226,191,2024-09-09,completed,5.20,Aprobado,0.80
637,226,44,2023-09-09,completed,6.62,Bien,0.80
638,227,50,2024-09-09,completed,8.48,Notable,1.00
639,228,20,2022-09-09,completed,7.34,Notable,1.00
640,228,200,2023-09-09,withdrawn,7.68,Notable,1.00
641,228,103,2024-09-09,completed,7.72,Notable,1.00
642,228,32,2024-09-09,in_progress,,,1.00
643,229,118,2024-09-09,withdrawn,7.37,Notable,1.00
644,229,192,2022-09-09,completed,9.32,Sobresaliente,1.00
645,229,159,2023-09-09,completed,5.72,Aprobado,1.00
646,230,78,2024-09-09,completed,3.41,Suspenso,0.80
647,230,175,2022-09-09,completed,5.90,Aprobado,0.90
648,230,88,2022-09-09,completed,4.47,Suspenso,0.80
649,231,11,2024-09-09,withdrawn,5.56,Aprobado,0.90
650,231,24,2023-09-09,completed,5.83,Aprobado,0.80
651,231,240,2024-09-09,in_progress,,,0.90
652,231,102,2023-09-09,completed,6.13,Bien,0.90
653,232,159,2023-09-09,completed,8.74,Notable,1.00
654,232,192,2022-09-09,in_progress,,,1.00
655,232,118,2024-09-09,completed,7.44,Notable,1.00
656,232,291,2024-09-09,in_progress,,,1.00
657,233,262,2022-09-09,in_progress,,,0.90
658,233,180,2024-09-09,completed,4.26,Suspenso,1.00
659,233,121,2023-09-09,completed,7.42,Notable,0.90
660,233,139,2024-09-09,completed,5.20,Aprobado,1.00
661,233,190,2023-09-09,in_progress,,,0.90
662,234,232,2024-09-09,completed,5.57,Aprobado,0.70
663,234,292,2024-09-09,completed,3.56,Suspenso,0.60
664,234,205,2022-09-09,completed,2.00,Suspenso,0.90
665,235,131,2022-09-09,completed,7.78,Notable,1.00
666,235,40,2022-09-09,completed,7.54,Notable,1.00
667,236,102,2023-09-09,completed,5.96,Aprobado,0.70
668,236,24,2023-09-09,completed,5.06,Aprobado,0.80
669,236,11,2024-09-09,completed,5.67,Aprobado,1.00
670,236,240,2024-09-09,completed,6.31,Bien,0.70
671,237,105,2024-09-09,withdrawn,7.27,Notable,1.00
672,237,148,2023-09-09,in_progress,,,1.00
673,237,46,2024-09-09,withdrawn,6.41,Bien,0.90
674,238,99,2023-09-09,in_progress,,,0.90
675,238,44,2023-09-09,completed,7.61,Notable,0.70
676,238,191,2024-09-09,in_progress,,,0.90
677,239,209,2022-09-09,completed,6.20,Bien,1.00
678,239,71,2022-09-09,completed,7.00,Notable,0.90
679,240,51,2023-09-09,in_progress,,,1.00
680,240,58,2023-09-09,completed,6.59,Bien,1.00
681,240,276,2023-09-09,completed,7.31,Notable,1.00
682,240,28,2022-09-09,in_progress,,,1.00
683,241,200,2023-09-09,completed,6.54,Bien,0.90
684,241,20,2022-09-09,completed,6.24,Bien,0.80
685,242,11,2024-09-09,in_progress,,,0.80
686,242,102,2023-09-09,completed,5.82,Aprobado,0.80
687,242,24,2023-09-09,repeated,4.66,Suspenso,0.60
688,242,240,2024-09-09,completed,5.67,Aprobado,0.70
689,243,83,2022-09-09,completed,5.64,Aprobado,1.00
690,243,32,2024-09-09,withdrawn,6.94,Bien,0.80
691,243,187,2024-09-09,repeated,6.28,Bien,0.90
692,243,271,2022-09-09,completed,6.26,Bien,1.00
693,243,20,2022-09-09,repeated,5.44,Aprobado,0.90
694,244,114,2024-09-09,completed,5.80,Aprobado,1.00
695,244,288,2024-09-09,completed,7.06,Notable,1.00
696,245,120,2024-09-09,completed,3.49,Suspenso,0.90
697,245,61,2024-09-09,withdrawn,3.94,Suspenso,0.80
698,245,77,2024-09-09,in_progress,,,0.90
699,245,43,2023-09-09,completed,5.56,Aprobado,0.80
700,246,282,2023-09-09,completed,6.60,Bien,1.00
701,246,30,2023-09-09,completed,8.44,Notable,1.00
702,247,196,2024-09-09,completed,6.22,Bien,1.00
703,247,215,2023-09-09,completed,9.09,Sobresaliente,1.00
704,247,13,2022-09-09,completed,6.87,Bien,1.00
705,248,149,2024-09-09,completed,6.26,Bien,0.90
706,248,117,2023-09-09,completed,6.73,Bien,0.90
707,248,216,2024-09-09,in_progress,,,0.90
708,249,214,2023-09-09,completed,6.35,Bien,1.00
709,249,140,2023-09-09,completed,5.34,Aprobado,1.00
710,249,275,2022-09-09,completed,5.67,Aprobado,0.90
711,250,215,2023-09-09,withdrawn,8.50,Notable,0.90
712,250,13,2022-09-09,completed,5.48,Aprobado,1.00
713,250,196,2024-09-09,completed,6.38,Bien,1.00
714,251,300,2023-09-09,completed,5.29,Aprobado,1.00
715,251,231,2023-09-09,completed,5.03,Aprobado,1.00
716,252,179,2024-09-09,completed,7.01,Notable,1.00
717,252,285,2023-09-09,completed,6.77,Bien,1.00
718,252,84,2022-09-09,completed,6.05,Bien,1.00
719,252,188,2023-09-09,completed,6.94,Bien,1.00
720,253,203,2023-09-09,in_progress,,,0.90
721,253,237,2024-09-09,completed,7.10,Notable,0.90
722,253,89,2023-09-09,withdrawn,7.76,Notable,1.00
723,254,78,2024-09-09,completed,4.58,Suspenso,1.00
724,254,175,2022-09-09,completed,5.62,Aprobado,1.00
725,255,67,2022-09-09,completed,6.55,Bien,1.00
726,255,282,2023-09-09,completed,6.83,Bien,1.00
727,255,81,2024-09-09,completed,8.24,Notable,1.00
728,255,30,2023-09-09,completed,8.32,Notable,1.00
729,256,275,2022-09-09,completed,6.58,Bien,0.90
730,256,214,2023-09-09,completed,6.73,Bien,1.00
731,257,102,2023-09-09,completed,7.80,Notable,1.00
732,257,24,2023-09-09,completed,5.38,Aprobado,0.90
733,257,240,2024-09-09,completed,5.59,Aprobado,0.90
734,257,11,2024-09-09,completed,7.20,Notable,0.90
735,258,100,2024-09-09,completed,5.91,Aprobado,1.00
736,258,15,2023-09-09,completed,6.02,Bien,0.90
737,258,123,2024-09-09,in_progress,,,0.90
738,259,239,2024-09-09,repeated,5.14,Aprobado,0.70
739,259,199,2023-09-09,completed,3.04,Suspenso,0.90
740,259,246,2023-09-09,completed,4.62,Suspenso,0.70
741,260,182,2022-09-09,completed,7.81,Notable,0.90
742,260,191,2024-09-09,completed,6.08,Bien,1.00
743,260,8,2024-09-09,completed,8.60,Notable,1.00
744,260,44,2023-09-09,completed,6.24,Bien,1.00
745,260,99,2023-09-09,completed,8.47,Notable,1.00
746,261,257,2022-09-09,completed,6.86,Bien,0.80
747,261,52,2022-09-09,completed,5.42,Aprobado,1.00
748,262,290,2024-09-09,completed,4.90,Suspenso,0.90
749,262,60,2022-09-09,completed,4.64,Suspenso,1.00
750,262,86,2023-09-09,completed,4.97,Suspenso,0.70
751,262,251,2023-09-09,repeated,6.16,Bien,0.70
752,263,264,2023-09-09,completed,2.28,Suspenso,0.50
753,263,144,2024-09-09,in_progress,,,0.60
754,263,94,2023-09-09,completed,1.61,Suspenso,0.60
755,264,234,2022-09-09,completed,6.04,Bien,1.00
756,264,155,2023-09-09,in_progress,,,1.00
757,264,143,2022-09-09,completed,8.18,Notable,0.90
758,265,246,2023-09-09,completed,6.00,Bien,1.00
759,265,199,2023-09-09,completed,6.32,Bien,1.00
760,265,239,2024-09-09,completed,6.33,Bien,0.90
761,266,45,2023-09-09,completed,5.61,Aprobado,0.90
762,266,89,2023-09-09,completed,7.76,Notable,0.90
763,266,203,2023-09-09,completed,7.90,Notable,1.00
764,266,237,2024-09-09,completed,6.16,Bien,0.90
765,267,281,2022-09-09,repeated,7.87,Notable,1.00
766,267,164,2024-09-09,completed,8.86,Notable,1.00
767,267,9,2024-09-09,completed,7.20,Notable,1.00
768,267,170,2022-09-09,completed,7.85,Notable,1.00
769,267,69,2024-09-09,repeated,8.20,Notable,1.00
770,268,125,2022-09-09,in_progress,,,1.00
771,268,194,2024-09-09,completed,6.60,Bien,1.00
772,268,4,2022-09-09,completed,6.47,Bien,1.00
773,269,246,2023-09-09,completed,5.77,Aprobado,0.70
774,269,199,2023-09-09,completed,4.50,Suspenso,0.90
775,269,239,2024-09-09,in_progress,,,0.80
776,270,272,2024-09-09,completed,6.68,Bien,1.00
777,271,227,2024-09-09,withdrawn,8.98,Notable,1.00
778,271,202,2024-09-09,completed,8.60,Notable,1.00
779,271,150,2022-09-09,completed,6.37,Bien,1.00
780,272,99,2023-09-09,completed,8.23,Notable,0.90
781,272,191,2024-09-09,completed,6.02,Bien,1.00
782,272,197,2024-09-09,in_progress,,,0.90
783,272,182,2022-09-09,completed,5.28,Aprobado,0.90
784,272,44,2023-09-09,completed,4.65,Suspenso,0.80
785,274,214,2023-09-09,completed,5.83,Aprobado,0.90
786,274,140,2023-09-09,in_progress,,,0.80
787,274,275,2022-09-09,completed,2.97,Suspenso,1.00
788,275,296,2024-09-09,completed,4.23,Suspenso,0.90
789,275,62,2022-09-09,completed,5.46,Aprobado,0.90
790,275,113,2022-09-09,completed,5.26,Aprobado,0.80
791,276,62,2022-09-09,completed,3.48,Suspenso,1.00
792,276,113,2022-09-09,completed,4.32,Suspenso,0.90
793,276,296,2024-09-09,completed,5.80,Aprobado,0.90
794,278,13,2022-09-09,in_progress,,,1.00
795,278,215,2023-09-09,completed,7.12,Notable,1.00
796,278,196,2024-09-09,completed,5.78,Aprobado,0.70
797,279,249,2023-09-09,completed,5.27,Aprobado,0.80
798,279,221,2023-09-09,completed,5.58,Aprobado,0.70
799,279,93,2024-09-09,in_progress,,,0.70
800,280,41,2022-09-09,repeated,2.98,Suspenso,0.70
801,281,62,2022-09-09,completed,6.28,Bien,0.80
802,281,113,2022-09-09,completed,4.69,Suspenso,0.70
803,281,296,2024-09-09,completed,5.00,Aprobado,1.00
804,283,253,2022-09-09,completed,5.70,Aprobado,0.90
805,283,97,2022-09-09,completed,7.58,Notable,1.00
806,284,190,2023-09-09,completed,8.26,Notable,0.80
807,284,139,2024-09-09,completed,6.63,Bien,0.80
808,285,99,2023-09-09,completed,7.68,Notable,1.00
809,285,182,2022-09-09,completed,6.18,Bien,1.00
810,285,191,2024-09-09,in_progress,,,1.00
811,285,8,2024-09-09,completed,9.78,Sobresaliente,1.00
812,285,197,2024-09-09,completed,7.02,Notable,1.00
813,286,83,2022-09-09,completed,8.06,Notable,1.00
814,286,219,2024-09-09,completed,7.50,Notable,1.00
815,286,20,2022-09-09,completed,9.20,Sobresaliente,1.00
816,286,32,2024-09-09,completed,6.18,Bien,1.00
817,286,103,2024-09-09,completed,9.85,Sobresaliente,1.00
818,287,120,2024-09-09,repeated,5.19,Aprobado,0.90
819,287,77,2024-09-09,withdrawn,6.90,Bien,1.00
820,287,43,2023-09-09,withdrawn,6.18,Bien,0.90
821,288,123,2024-09-09,completed,7.26,Notable,0.90
822,288,15,2023-09-09,completed,5.16,Aprobado,1.00
823,288,100,2024-09-09,completed,6.82,Bien,0.90
824,289,225,2023-09-09,completed,7.28,Notable,1.00
825,289,287,2022-09-09,completed,7.89,Notable,1.00
826,290,119,2023-09-09,completed,8.02,Notable,1.00
827,290,73,2023-09-09,completed,7.93,Notable,1.00
828,290,229,2022-09-09,in_progress,,,1.00
829,290,90,2022-09-09,completed,6.86,Bien,1.00
830,291,199,2023-09-09,completed,6.07,Bien,0.80
831,291,239,2024-09-09,withdrawn,6.20,Bien,0.90
832,291,246,2023-09-09,completed,7.30,Notable,1.00
833,292,34,2022-09-09,in_progress,,,1.00
834,293,206,2022-09-09,in_progress,,,1.00
835,293,147,2024-09-09,in_progress,,,1.00
836,295,110,2024-09-09,completed,4.82,Suspenso,1.00
837,295,69,2024-09-09,completed,1.96,Suspenso,0.60
838,295,247,2022-09-09,repeated,3.60,Suspenso,1.00
839,295,92,2024-09-09,completed,2.67,Suspenso,0.90
840,295,281,2022-09-09,completed,3.17,Suspenso,0.70
841,296,107,2024-09-09,completed,5.92,Aprobado,0.60
842,296,165,2024-09-09,in_progress,,,1.00
843,297,260,2022-09-09,completed,4.24,Suspenso,0.90
844,297,56,2024-09-09,repeated,3.22,Suspenso,0.90
845,298,204,2023-09-09,withdrawn,6.20,Bien,0.90
846,298,48,2022-09-09,completed,7.12,Notable,1.00
847,298,297,2024-09-09,completed,8.30,Notable,1.00
848,298,163,2022-09-09,completed,8.21,Notable,1.00
849,298,128,2024-09-09,in_progress,,,1.00
850,300,168,2024-09-09,in_progress,,,1.00
851,300,181,2023-09-09,in_progress,,,0.80
852,301,229,2022-09-09,completed,8.42,Notable,1.00
853,301,73,2023-09-09,completed,6.34,Bien,0.90
854,301,90,2022-09-09,completed,5.39,Aprobado,1.00
855,301,264,2023-09-09,completed,6.68,Bien,1.00
856,301,119,2023-09-09,in_progress,,,0.90
857,302,14,2022-09-09,completed,4.24,Suspenso,1.00
858,302,127,2023-09-09,completed,5.48,Aprobado,1.00
859,303,246,2023-09-09,completed,4.36,Suspenso,0.80
860,303,239,2024-09-09,withdrawn,3.00,Suspenso,0.70
861,303,199,2023-09-09,completed,3.47,Suspenso,0.90
862,305,213,2023-09-09,completed,6.90,Bien,1.00
863,306,275,2022-09-09,completed,7.52,Notable,0.90
864,306,140,2023-09-09,completed,6.65,Bien,1.00
865,306,214,2023-09-09,completed,7.38,Notable,0.90
866,307,138,2024-09-09,in_progress,,,1.00
867,307,171,2024-09-09,in_progress,,,1.00
868,307,47,2022-09-09,in_progress,,,1.00
869,307,53,2024-09-09,completed,9.06,Sobresaliente,1.00
870,308,283,2022-09-09,completed,5.24,Aprobado,0.80
871,308,64,2022-09-09,in_progress,,,0.80
872,309,189,2024-09-09,completed,7.79,Notable,1.00
873,309,142,2024-09-09,completed,5.83,Aprobado,1.00
874,309,210,2023-09-09,completed,8.75,Notable,1.00
875,309,287,2022-09-09,completed,9.34,Sobresaliente,1.00
876,310,19,2024-09-09,completed,6.34,Bien,1.00
877,311,159,2023-09-09,completed,2.97,Suspenso,0.80
878,311,291,2024-09-09,completed,3.77,Suspenso,0.80
879,311,192,2022-09-09,completed,4.12,Suspenso,0.60
880,311,118,2024-09-09,completed,5.13,Aprobado,0.70
881,312,113,2022-09-09,withdrawn,7.52,Notable,1.00
882,312,296,2024-09-09,completed,8.78,Notable,1.00
883,312,62,2022-09-09,in_progress,,,1.00
884,313,213,2023-09-09,completed,7.90,Notable,1.00
885,314,255,2022-09-09,completed,7.50,Notable,0.90
886,314,129,2024-09-09,in_progress,,,1.00
887,315,111,2022-09-09,completed,5.62,Aprobado,1.00
888,315,226,2022-09-09,completed,5.43,Aprobado,0.80
889,315,261,2023-09-09,in_progress,,,0.90
890,315,136,2024-09-09,completed,5.34,Aprobado,0.90
891,315,26,2024-09-09,withdrawn,5.21,Aprobado,0.70
892,316,260,2022-09-09,completed,9.64,Sobresaliente,1.00
893,316,39,2022-09-09,completed,8.51,Notable,1.00
894,317,190,2023-09-09,in_progress,,,1.00
895,317,121,2023-09-09,completed,6.84,Bien,1.00
896,317,139,2024-09-09,repeated,6.92,Bien,1.00
897,317,243,2023-09-09,in_progress,,,0.80
898,317,262,2022-09-09,completed,6.12,Bien,0.90
899,318,98,2024-09-09,completed,6.28,Bien,0.90
900,318,236,2024-09-09,completed,5.47,Aprobado,0.80
901,318,186,2024-09-09,completed,4.32,Suspenso,0.90
902,319,10,2022-09-09,completed,6.56,Bien,1.00
903,319,238,2024-09-09,completed,7.82,Notable,1.00
904,319,220,2023-09-09,completed,7.65,Notable,1.00
905,320,133,2023-09-09,completed,4.76,Suspenso,0.70
906,320,106,2024-09-09,completed,5.24,Aprobado,1.00
907,320,259,2023-09-09,completed,4.20,Suspenso,0.70
908,321,19,2024-09-09,completed,5.47,Aprobado,0.90
909,322,86,2023-09-09,in_progress,,,1.00
910,322,290,2024-09-09,completed,5.11,Aprobado,0.70
911,322,60,2022-09-09,completed,6.74,Bien,0.80
912,322,251,2023-09-09,completed,6.10,Bien,1.00
913,323,263,2023-09-09,completed,5.82,Aprobado,1.00
914,323,224,2023-09-09,completed,4.91,Suspenso,0.90
915,325,110,2024-09-09,withdrawn,4.29,Suspenso,0.80
916,325,298,2022-09-09,completed,5.26,Aprobado,0.60
917,325,9,2024-09-09,completed,2.65,Suspenso,0.80
918,325,6,2023-09-09,completed,5.44,Aprobado,0.90
919,326,239,2024-09-09,completed,8.18,Notable,1.00
920,326,246,2023-09-09,completed,7.82,Notable,1.00
921,327,100,2024-09-09,completed,6.53,Bien,1.00
922,327,15,2023-09-09,in_progress,,,1.00
923,327,123,2024-09-09,completed,8.38,Notable,1.00
924,328,28,2022-09-09,completed,6.33,Bien,1.00
925,328,258,2024-09-09,completed,7.87,Notable,1.00
926,329,135,2023-09-09,completed,5.11,Aprobado,0.90
927,329,7,2023-09-09,withdrawn,5.91,Aprobado,0.90
928,329,115,2022-09-09,completed,6.42,Bien,0.80
929,330,275,2022-09-09,completed,7.23,Notable,1.00
930,330,140,2023-09-09,completed,7.84,Notable,1.00
931,331,41,2022-09-09,completed,5.42,Aprobado,0.90
932,332,241,2024-09-09,completed,4.22,Suspenso,0.90
933,332,75,2022-09-09,in_progress,,,0.80
934,332,153,2023-09-09,in_progress,,,0.60
935,332,269,2022-09-09,completed,4.60,Suspenso,0.60
936,332,134,2022-09-09,completed,4.76,Suspenso,0.70
937,333,265,2022-09-09,completed,5.88,Aprobado,0.90
938,333,266,2023-09-09,completed,5.38,Aprobado,1.00
939,333,137,2022-09-09,completed,3.49,Suspenso,1.00
940,334,35,2023-09-09,completed,5.10,Aprobado,0.80
941,334,95,2024-09-09,completed,4.02,Suspenso,0.80
942,334,226,2022-09-09,completed,5.26,Aprobado,0.70
943,334,235,2022-09-09,completed,4.60,Suspenso,0.80
944,334,26,2024-09-09,withdrawn,5.59,Aprobado,0.80
945,336,35,2023-09-09,completed,5.64,Aprobado,0.90
946,336,95,2024-09-09,in_progress,,,1.00
947,336,261,2023-09-09,repeated,6.02,Bien,0.90
948,336,26,2024-09-09,completed,5.02,Aprobado,0.90
949,336,136,2024-09-09,withdrawn,6.09,Bien,1.00
950,337,118,2024-09-09,in_progress,,,1.00
951,337,291,2024-09-09,completed,8.56,Notable,1.00
952,337,159,2023-09-09,completed,8.21,Notable,1.00
953,337,192,2022-09-09,completed,7.53,Notable,1.00
954,338,123,2024-09-09,completed,6.57,Bien,1.00
955,338,100,2024-09-09,completed,6.81,Bien,1.00
956,338,15,2023-09-09,completed,7.89,Notable,1.00
957,339,62,2022-09-09,completed,6.49,Bien,1.00
958,339,113,2022-09-09,completed,6.24,Bien,1.00
959,339,296,2024-09-09,in_progress,,,1.00
960,340,91,2023-09-09,completed,5.64,Aprobado,1.00
961,340,254,2022-09-09,completed,5.68,Aprobado,1.00
962,341,94,2023-09-09,completed,7.13,Notable,1.00
963,341,229,2022-09-09,in_progress,,,1.00
964,342,161,2024-09-09,in_progress,,,0.90
965,342,18,2022-09-09,completed,7.36,Notable,0.90
966,343,62,2022-09-09,completed,6.42,Bien,1.00
967,343,296,2024-09-09,completed,8.25,Notable,1.00
968,343,113,2022-09-09,completed,7.05,Notable,1.00
969,344,23,2022-09-09,in_progress,,,1.00
970,345,199,2023-09-09,withdrawn,7.39,Notable,1.00
971,345,246,2023-09-09,completed,8.96,Notable,1.00
972,345,239,2024-09-09,in_progress,,,1.00
973,346,171,2024-09-09,in_progress,,,0.90
974,346,53,2024-09-09,completed,6.02,Bien,1.00
975,346,47,2022-09-09,completed,8.50,Notable,1.00
976,346,138,2024-09-09,completed,5.72,Aprobado,0.90
977,347,19,2024-09-09,completed,5.99,Aprobado,0.90
978,348,128,2024-09-09,completed,6.15,Bien,0.90
979,348,163,2022-09-09,completed,3.83,Suspenso,1.00
980,348,297,2024-09-09,completed,4.45,Suspenso,0.90
981,348,204,2023-09-09,completed,6.17,Bien,1.00
982,349,158,2024-09-09,completed,5.36,Aprobado,0.90
983,349,293,2022-09-09,withdrawn,6.86,Bien,0.90
984,350,73,2023-09-09,completed,6.94,Bien,1.00
985,350,94,2023-09-09,completed,7.04,Notable,1.00
986,350,264,2023-09-09,completed,7.59,Notable,1.00
987,350,25,2023-09-09,completed,6.56,Bien,1.00
988,351,274,2024-09-09,completed,5.34,Aprobado,1.00
989,351,205,2022-09-09,completed,6.62,Bien,0.90
990,351,42,2024-09-09,completed,4.99,Suspenso,0.80
991,351,292,2024-09-09,completed,5.74,Aprobado,0.90
992,351,232,2024-09-09,in_progress,,,0.70
993,352,288,2024-09-09,completed,6.06,Bien,0.80
994,352,156,2022-09-09,completed,4.86,Suspenso,0.90
995,352,130,2023-09-09,completed,3.18,Suspenso,1.00
996,352,114,2024-09-09,completed,7.13,Notable,0.90
997,353,70,2022-09-09,completed,5.76,Aprobado,0.90
998,353,21,2024-09-09,repeated,6.54,Bien,0.70
999,353,184,2022-09-09,in_progress,,,0.80
1000,354,36,2023-09-09,completed,5.08,Aprobado,1.00
1001,354,22,2024-09-09,withdrawn,7.02,Notable,0.90
1002,354,222,2024-09-09,completed,6.00,Bien,1.00
1003,354,33,2024-09-09,completed,6.94,Bien,1.00
1004,354,116,2022-09-09,completed,6.78,Bien,1.00
1005,355,238,2024-09-09,completed,6.78,Bien,0.90
1006,355,10,2022-09-09,completed,5.60,Aprobado,0.70
1007,356,118,2024-09-09,completed,6.76,Bien,1.00
1008,356,192,2022-09-09,completed,8.23,Notable,1.00
1009,356,159,2023-09-09,completed,7.26,Notable,1.00
1010,357,101,2022-09-09,completed,8.44,Notable,1.00
1011,357,162,2024-09-09,completed,8.08,Notable,1.00
1012,357,146,2024-09-09,completed,3.80,Suspenso,1.00
1013,358,67,2022-09-09,completed,6.72,Bien,0.70
1014,358,252,2023-09-09,completed,4.97,Suspenso,0.70
1015,358,282,2023-09-09,completed,3.74,Suspenso,1.00
1016,358,81,2024-09-09,completed,5.48,Aprobado,0.80
1017,358,30,2023-09-09,completed,9.07,Sobresaliente,0.90
1018,359,142,2024-09-09,completed,7.26,Notable,0.90
1019,359,210,2023-09-09,completed,5.99,Aprobado,1.00
1020,359,189,2024-09-09,completed,4.66,Suspenso,1.00
1021,360,278,2023-09-09,completed,5.88,Aprobado,0.90
1022,360,110,2024-09-09,completed,5.12,Aprobado,1.00
1023,360,9,2024-09-09,completed,7.16,Notable,1.00
1024,360,164,2024-09-09,in_progress,,,0.90
1025,361,33,2024-09-09,completed,5.37,Aprobado,0.80
1026,361,116,2022-09-09,withdrawn,5.68,Aprobado,0.90
1027,361,22,2024-09-09,completed,4.44,Suspenso,0.80
1028,361,36,2023-09-09,in_progress,,,0.80
1029,362,66,2023-09-09,completed,7.15,Notable,1.00
1030,362,127,2023-09-09,completed,5.99,Aprobado,1.00
1031,363,113,2022-09-09,completed,4.80,Suspenso,1.00
1032,363,62,2022-09-09,completed,5.74,Aprobado,0.90
1033,363,296,2024-09-09,in_progress,,,1.00
1034,364,292,2024-09-09,completed,4.79,Suspenso,0.90
1035,364,274,2024-09-09,in_progress,,,0.80
1036,364,151,2023-09-09,completed,8.28,Notable,1.00
1037,365,111,2022-09-09,completed,8.71,Notable,1.00
1038,365,26,2024-09-09,completed,6.15,Bien,1.00
1039,365,35,2023-09-09,completed,8.85,Notable,1.00
1040,365,95,2024-09-09,completed,9.08,Sobresaliente,1.00
1041,365,235,2022-09-09,completed,7.80,Notable,1.00
1042,366,225,2023-09-09,completed,4.26,Suspenso,1.00
1043,366,287,2022-09-09,withdrawn,4.73,Suspenso,1.00
1044,366,142,2024-09-09,in_progress,,,0.70
1045,366,210,2023-09-09,in_progress,,,0.80
1046,367,51,2023-09-09,in_progress,,,0.80
1047,367,280,2024-09-09,completed,2.30,Suspenso,0.80
1048,367,276,2023-09-09,withdrawn,2.22,Suspenso,0.80
1049,367,258,2024-09-09,completed,1.45,Suspenso,1.00
1050,367,28,2022-09-09,completed,2.69,Suspenso,0.80
1051,368,183,2024-09-09,completed,7.83,Notable,1.00
1052,368,286,2024-09-09,completed,7.47,Notable,1.00
1053,368,223,2023-09-09,completed,5.42,Aprobado,1.00
1054,368,3,2022-09-09,in_progress,,,1.00
1055,368,55,2022-09-09,completed,8.54,Notable,1.00
1056,369,88,2022-09-09,completed,9.39,Sobresaliente,1.00
1057,369,175,2022-09-09,completed,5.95,Aprobado,1.00
1058,369,78,2024-09-09,completed,7.58,Notable,1.00
1059,371,240,2024-09-09,completed,5.44,Aprobado,0.90
1060,371,102,2023-09-09,completed,5.90,Aprobado,1.00
1061,371,11,2024-09-09,completed,6.14,Bien,1.00
1062,371,24,2023-09-09,completed,6.92,Bien,1.00
1063,372,284,2024-09-09,completed,4.48,Suspenso,0.90
1064,372,71,2022-09-09,in_progress,,,0.80
1065,372,209,2022-09-09,completed,4.51,Suspenso,0.90
1066,373,245,2023-09-09,completed,7.60,Notable,1.00
1067,373,93,2024-09-09,completed,6.98,Bien,1.00
1068,373,249,2023-09-09,completed,8.36,Notable,1.00
1069,374,199,2023-09-09,completed,3.58,Suspenso,0.60
1070,374,239,2024-09-09,completed,3.56,Suspenso,0.80
1071,374,246,2023-09-09,completed,4.70,Suspenso,0.90
1072,375,227,2024-09-09,completed,6.84,Bien,0.90
1073,375,150,2022-09-09,completed,6.94,Bien,0.80
1074,375,202,2024-09-09,completed,5.89,Aprobado,0.80
1075,376,143,2022-09-09,completed,7.13,Notable,1.00
1076,376,234,2022-09-09,completed,7.58,Notable,1.00
1077,376,155,2023-09-09,completed,7.52,Notable,1.00
1078,377,105,2024-09-09,completed,7.08,Notable,0.90
1079,377,46,2024-09-09,completed,6.00,Bien,0.90
1080,377,148,2023-09-09,in_progress,,,1.00
1081,378,282,2023-09-09,completed,8.05,Notable,1.00
1082,378,67,2022-09-09,completed,7.14,Notable,1.00
1083,379,283,2022-09-09,completed,4.14,Suspenso,0.70
1084,379,64,2022-09-09,completed,1.42,Suspenso,0.70
1085,380,156,2022-09-09,withdrawn,7.64,Notable,1.00
1086,380,114,2024-09-09,completed,7.82,Notable,1.00
1087,380,288,2024-09-09,completed,6.09,Bien,1.00
1088,380,130,2023-09-09,in_progress,,,1.00
1089,381,228,2023-09-09,repeated,5.64,Aprobado,0.80
1090,382,17,2023-09-09,completed,8.11,Notable,0.80
1091,382,80,2023-09-09,withdrawn,3.28,Suspenso,1.00
1092,383,262,2022-09-09,completed,7.23,Notable,0.70
1093,383,121,2023-09-09,completed,6.94,Bien,0.80
1094,383,190,2023-09-09,completed,5.54,Aprobado,1.00
1095,384,45,2023-09-09,repeated,5.23,Aprobado,0.90
1096,384,237,2024-09-09,completed,5.00,Aprobado,1.00
1097,385,297,2024-09-09,completed,6.26,Bien,1.00
1098,385,163,2022-09-09,completed,5.04,Aprobado,1.00
1099,385,128,2024-09-09,in_progress,,,1.00
1100,385,48,2022-09-09,completed,7.46,Notable,1.00
1101,386,300,2023-09-09,completed,7.56,Notable,1.00
1102,386,231,2023-09-09,completed,6.04,Bien,1.00
1103,387,234,2022-09-09,completed,6.01,Bien,1.00
1104,387,143,2022-09-09,completed,7.61,Notable,0.80
1105,387,155,2023-09-09,completed,5.65,Aprobado,1.00
1106,388,148,2023-09-09,withdrawn,6.00,Bien,1.00
1107,388,46,2024-09-09,completed,9.02,Sobresaliente,1.00
1108,388,105,2024-09-09,in_progress,,,1.00
1109,389,289,2022-09-09,repeated,8.00,Notable,1.00
1110,389,57,2022-09-09,repeated,5.64,Aprobado,0.90
1111,389,76,2022-09-09,completed,5.10,Aprobado,1.00
1112,390,13,2022-09-09,completed,5.68,Aprobado,1.00
1113,390,215,2023-09-09,completed,7.62,Notable,0.70
1114,391,76,2022-09-09,completed,6.45,Bien,0.90
1115,391,289,2022-09-09,completed,5.24,Aprobado,1.00
1116,391,57,2022-09-09,completed,7.24,Notable,0.90
1117,391,256,2022-09-09,completed,4.44,Suspenso,1.00
1118,392,181,2023-09-09,completed,6.75,Bien,1.00
1119,392,168,2024-09-09,completed,6.52,Bien,0.90
1120,393,278,2023-09-09,in_progress,,,1.00
1121,393,281,2022-09-09,completed,7.18,Notable,0.90
1122,394,240,2024-09-09,completed,6.83,Bien,0.90
1123,394,102,2023-09-09,withdrawn,4.18,Suspenso,1.00
1124,394,11,2024-09-09,completed,7.10,Notable,0.90
1125,394,24,2023-09-09,completed,6.61,Bien,1.00
1126,395,159,2023-09-09,in_progress,,,1.00
1127,395,192,2022-09-09,in_progress,,,1.00
1128,395,118,2024-09-09,completed,5.50,Aprobado,1.00
1129,395,291,2024-09-09,completed,7.65,Notable,0.90
1130,396,247,2022-09-09,completed,6.06,Bien,1.00
1131,396,281,2022-09-09,repeated,6.11,Bien,0.90
1132,396,278,2023-09-09,in_progress,,,1.00
1133,396,9,2024-09-09,completed,5.77,Aprobado,1.00
1134,397,287,2022-09-09,completed,6.89,Bien,1.00
1135,397,225,2023-09-09,withdrawn,4.43,Suspenso,1.00
1136,397,142,2024-09-09,completed,5.84,Aprobado,0.90
1137,397,189,2024-09-09,completed,7.37,Notable,1.00
1138,397,210,2023-09-09,completed,8.20,Notable,1.00
1139,398,40,2022-09-09,completed,4.60,Suspenso,0.60
1140,398,131,2022-09-09,completed,6.00,Bien,1.00
1141,399,223,2023-09-09,in_progress,,,1.00
1142,399,54,2023-09-09,completed,8.18,Notable,1.00
1143,400,127,2023-09-09,completed,5.92,Aprobado,0.90
1144,400,66,2023-09-09,completed,7.02,Notable,0.90
1145,400,29,2024-09-09,completed,7.11,Notable,1.00
1146,400,14,2022-09-09,completed,7.02,Notable,1.00
1147,401,252,2023-09-09,completed,5.74,Aprobado,1.00
1148,401,30,2023-09-09,in_progress,,,1.00
1149,401,81,2024-09-09,in_progress,,,0.90
1150,401,282,2023-09-09,completed,7.39,Notable,1.00
1151,401,67,2022-09-09,completed,7.77,Notable,0.80
1152,402,261,2023-09-09,completed,9.73,Sobresaliente,1.00
1153,402,226,2022-09-09,completed,6.23,Bien,1.00
1154,402,95,2024-09-09,completed,5.20,Aprobado,1.00
1155,403,71,2022-09-09,completed,4.07,Suspenso,0.90
1156,403,284,2024-09-09,completed,5.14,Aprobado,1.00
1157,403,209,2022-09-09,completed,3.61,Suspenso,0.90
1158,404,141,2022-09-09,completed,3.60,Suspenso,0.70
1159,404,129,2024-09-09,completed,2.45,Suspenso,0.80
1160,404,255,2022-09-09,completed,6.00,Bien,0.90
1161,405,127,2023-09-09,completed,8.45,Notable,1.00
1162,405,66,2023-09-09,withdrawn,7.07,Notable,1.00
1163,405,14,2022-09-09,completed,7.40,Notable,1.00
1164,405,29,2024-09-09,withdrawn,7.98,Notable,1.00
1165,406,272,2024-09-09,completed,6.56,Bien,0.60
1166,407,132,2022-09-09,withdrawn,3.62,Suspenso,0.90
1167,407,277,2023-09-09,completed,5.90,Aprobado,0.80
1168,407,174,2022-09-09,completed,5.12,Aprobado,0.80
1169,409,42,2024-09-09,completed,5.91,Aprobado,0.90
1170,409,205,2022-09-09,completed,4.53,Suspenso,1.00
1171,409,274,2024-09-09,in_progress,,,0.80
1172,409,151,2023-09-09,completed,6.89,Bien,0.80
1173,410,62,2022-09-09,completed,9.07,Sobresaliente,1.00
1174,410,113,2022-09-09,completed,6.68,Bien,1.00
1175,410,296,2024-09-09,in_progress,,,1.00
1176,411,91,2023-09-09,completed,7.36,Notable,0.80
1177,411,254,2022-09-09,completed,6.62,Bien,0.90
1178,411,49,2022-09-09,completed,5.99,Aprobado,0.90
1179,411,152,2023-09-09,completed,5.89,Aprobado,1.00
1180,411,299,2022-09-09,withdrawn,5.32,Aprobado,0.80
1181,412,203,2023-09-09,completed,7.81,Notable,1.00
1182,412,237,2024-09-09,completed,4.36,Suspenso,1.00
1183,412,45,2023-09-09,completed,7.26,Notable,1.00
1184,413,272,2024-09-09,completed,6.72,Bien,0.90
1185,414,147,2024-09-09,completed,8.08,Notable,1.00
1186,414,206,2022-09-09,completed,7.99,Notable,1.00
1187,415,262,2022-09-09,completed,5.87,Aprobado,0.90
1188,415,243,2023-09-09,completed,5.42,Aprobado,0.80
1189,415,180,2024-09-09,completed,7.21,Notable,1.00
1190,415,139,2024-09-09,in_progress,,,0.70
1191,416,150,2022-09-09,completed,6.22,Bien,1.00
1192,416,202,2024-09-09,in_progress,,,0.90
1193,416,227,2024-09-09,completed,6.60,Bien,0.90
1194,417,131,2022-09-09,completed,5.94,Aprobado,1.00
1195,417,40,2022-09-09,completed,7.83,Notable,1.00
1196,419,72,2023-09-09,completed,8.36,Notable,1.00
1197,419,112,2022-09-09,completed,7.21,Notable,1.00
1198,420,143,2022-09-09,in_progress,,,1.00
1199,420,155,2023-09-09,completed,6.47,Bien,1.00
1200,421,15,2023-09-09,in_progress,,,0.70
1201,421,100,2024-09-09,completed,5.41,Aprobado,0.90
1202,421,123,2024-09-09,completed,5.64,Aprobado,0.80
1203,422,116,2022-09-09,completed,6.67,Bien,1.00
1204,422,33,2024-09-09,withdrawn,4.77,Suspenso,0.90
1205,422,22,2024-09-09,completed,6.52,Bien,1.00
1206,422,36,2023-09-09,completed,6.25,Bien,0.80
1207,423,268,2022-09-09,completed,7.99,Notable,1.00
1208,423,117,2023-09-09,in_progress,,,1.00
1209,423,124,2024-09-09,completed,6.16,Bien,1.00
1210,424,218,2023-09-09,completed,8.86,Notable,1.00
1211,424,248,2023-09-09,completed,6.78,Bien,1.00
1212,425,247,2022-09-09,completed,6.08,Bien,0.90
1213,425,69,2024-09-09,repeated,5.34,Aprobado,0.80
1214,425,164,2024-09-09,completed,6.22,Bien,1.00
1215,425,110,2024-09-09,completed,6.34,Bien,0.70
1216,425,92,2024-09-09,completed,7.14,Notable,0.90
1217,426,198,2022-09-09,in_progress,,,0.80
1218,426,230,2022-09-09,completed,6.00,Bien,1.00
1219,427,52,2022-09-09,completed,4.08,Suspenso,0.60
1220,427,257,2022-09-09,completed,4.61,Suspenso,0.80
1221,428,120,2024-09-09,completed,6.90,Bien,1.00
1222,428,61,2024-09-09,completed,7.24,Notable,1.00
1223,428,43,2023-09-09,completed,7.29,Notable,1.00
1224,429,106,2024-09-09,completed,6.20,Bien,0.80
1225,429,259,2023-09-09,completed,5.60,Aprobado,0.70
1226,429,133,2023-09-09,completed,4.98,Suspenso,1.00
1227,430,179,2024-09-09,withdrawn,6.54,Bien,1.00
1228,430,285,2023-09-09,completed,7.42,Notable,0.90
1229,430,188,2023-09-09,completed,7.08,Notable,1.00
1230,430,84,2022-09-09,completed,6.89,Bien,1.00
1231,431,19,2024-09-09,repeated,8.02,Notable,1.00
1232,432,30,2023-09-09,completed,7.24,Notable,1.00
1233,432,282,2023-09-09,completed,7.02,Notable,1.00
1234,432,252,2023-09-09,in_progress,,,1.00
1235,432,81,2024-09-09,completed,7.81,Notable,0.80
1236,432,67,2022-09-09,completed,7.10,Notable,1.00
1237,433,56,2024-09-09,completed,6.60,Bien,1.00
1238,433,260,2022-09-09,completed,8.56,Notable,1.00
1239,434,17,2023-09-09,completed,3.62,Suspenso,0.80
1240,434,80,2023-09-09,completed,5.20,Aprobado,0.90
1241,435,288,2024-09-09,completed,5.46,Aprobado,1.00
1242,435,130,2023-09-09,completed,5.67,Aprobado,1.00
1243,435,156,2022-09-09,completed,6.95,Bien,0.90
1244,435,114,2024-09-09,in_progress,,,1.00
1245,436,15,2023-09-09,completed,6.60,Bien,0.80
1246,436,123,2024-09-09,in_progress,,,1.00
1247,436,100,2024-09-09,completed,5.44,Aprobado,0.70
1248,437,254,2022-09-09,completed,7.70,Notable,0.80
1249,437,152,2023-09-09,completed,6.26,Bien,0.90
1250,437,299,2022-09-09,completed,4.94,Suspenso,0.90
1251,437,49,2022-09-09,completed,5.62,Aprobado,0.90
1252,438,211,2024-09-09,completed,5.36,Aprobado,0.90
1253,438,63,2023-09-09,withdrawn,4.05,Suspenso,1.00
1254,438,176,2023-09-09,in_progress,,,0.70
1255,438,145,2024-09-09,repeated,4.26,Suspenso,0.70
1256,439,118,2024-09-09,completed,5.64,Aprobado,1.00
1257,439,159,2023-09-09,completed,7.88,Notable,1.00
1258,440,227,2024-09-09,completed,5.53,Aprobado,1.00
1259,440,150,2022-09-09,completed,6.00,Bien,0.80
1260,440,202,2024-09-09,completed,6.98,Bien,0.80
1261,442,5,2023-09-09,completed,8.08,Notable,1.00
1262,443,258,2024-09-09,completed,7.60,Notable,0.90
1263,443,58,2023-09-09,completed,5.78,Aprobado,1.00
1264,444,219,2024-09-09,repeated,7.19,Notable,1.00
1265,444,27,2022-09-09,completed,6.14,Bien,1.00
1266,445,62,2022-09-09,completed,8.48,Notable,1.00
1267,445,296,2024-09-09,completed,6.96,Bien,1.00
1268,445,113,2022-09-09,withdrawn,7.27,Notable,1.00
1269,446,239,2024-09-09,completed,2.42,Suspenso,0.70
1270,446,199,2023-09-09,completed,3.18,Suspenso,0.90
1271,447,109,2023-09-09,completed,8.62,Notable,1.00
1272,447,69,2024-09-09,completed,8.28,Notable,1.00
1273,447,164,2024-09-09,withdrawn,6.88,Bien,1.00
1274,447,247,2022-09-09,completed,8.40,Notable,1.00
1275,448,107,2024-09-09,completed,8.62,Notable,1.00
1276,448,165,2024-09-09,completed,7.02,Notable,1.00
1277,449,116,2022-09-09,completed,3.68,Suspenso,0.90
1278,449,33,2024-09-09,completed,4.36,Suspenso,0.80
1279,449,36,2023-09-09,completed,6.49,Bien,0.70
1280,449,22,2024-09-09,in_progress,,,0.90
1281,449,222,2024-09-09,completed,4.37,Suspenso,0.70
1282,450,244,2023-09-09,completed,6.46,Bien,0.80
1283,450,294,2022-09-09,completed,6.64,Bien,1.00
1284,450,217,2022-09-09,completed,3.66,Suspenso,0.90
1285,450,184,2022-09-09,completed,9.42,Sobresaliente,1.00
1286,451,96,2022-09-09,completed,9.40,Sobresaliente,1.00
1287,452,24,2023-09-09,completed,5.65,Aprobado,0.80
1288,452,11,2024-09-09,completed,7.15,Notable,0.70
1289,453,199,2023-09-09,completed,5.68,Aprobado,0.90
1290,453,239,2024-09-09,completed,6.46,Bien,0.90
1291,453,246,2023-09-09,completed,5.79,Aprobado,0.80
1292,454,229,2022-09-09,completed,6.50,Bien,0.90
1293,454,25,2023-09-09,completed,5.36,Aprobado,0.90
1294,454,144,2024-09-09,completed,4.04,Suspenso,0.80
1295,454,90,2022-09-09,completed,4.78,Suspenso,0.80
1296,455,298,2022-09-09,in_progress,,,0.90
1297,455,9,2024-09-09,withdrawn,6.45,Bien,0.90
1298,455,69,2024-09-09,completed,6.68,Bien,0.80
1299,455,278,2023-09-09,in_progress,,,0.80
1300,455,109,2023-09-09,completed,5.97,Aprobado,0.80
1301,456,255,2022-09-09,completed,6.65,Bien,0.80
1302,456,129,2024-09-09,in_progress,,,0.70
1303,456,141,2022-09-09,completed,4.52,Suspenso,0.90
1304,457,228,2023-09-09,completed,7.44,Notable,1.00
1305,458,122,2022-09-09,completed,6.12,Bien,0.90
1306,458,59,2024-09-09,withdrawn,6.01,Bien,1.00
1307,459,49,2022-09-09,completed,8.38,Notable,1.00
1308,459,152,2023-09-09,completed,8.82,Notable,1.00
1309,459,254,2022-09-09,completed,5.83,Aprobado,1.00
1310,459,91,2023-09-09,completed,9.53,Sobresaliente,1.00
1311,459,299,2022-09-09,completed,9.37,Sobresaliente,1.00
1312,460,29,2024-09-09,completed,6.07,Bien,1.00
1313,460,14,2022-09-09,repeated,5.21,Aprobado,1.00
1314,460,66,2023-09-09,completed,4.94,Suspenso,0.90
1315,460,127,2023-09-09,completed,5.45,Aprobado,1.00
1316,461,96,2022-09-09,completed,8.76,Notable,1.00
1317,462,81,2024-09-09,completed,9.61,Sobresaliente,1.00
1318,462,30,2023-09-09,completed,9.00,Sobresaliente,1.00
1319,462,252,2023-09-09,completed,7.05,Notable,1.00
1320,462,282,2023-09-09,completed,8.47,Notable,1.00
1321,462,67,2022-09-09,repeated,9.79,Sobresaliente,1.00
1322,463,124,2024-09-09,completed,8.03,Notable,1.00
1323,463,216,2024-09-09,completed,6.27,Bien,1.00
1324,463,208,2023-09-09,completed,5.66,Aprobado,1.00
1325,464,139,2024-09-09,completed,7.01,Notable,1.00
1326,464,180,2024-09-09,completed,7.00,Notable,1.00
1327,464,190,2023-09-09,completed,9.71,Sobresaliente,1.00
1328,464,273,2024-09-09,completed,10.00,Sobresaliente,1.00
1329,464,121,2023-09-09,completed,9.17,Sobresaliente,1.00
1330,465,222,2024-09-09,completed,6.70,Bien,1.00
1331,465,22,2024-09-09,completed,7.26,Notable,1.00
1332,465,36,2023-09-09,completed,5.46,Aprobado,1.00
1333,466,214,2023-09-09,withdrawn,8.75,Notable,1.00
1334,466,275,2022-09-09,completed,8.97,Notable,1.00
1335,466,140,2023-09-09,completed,7.60,Notable,1.00
1336,467,96,2022-09-09,completed,7.40,Notable,1.00
1337,468,230,2022-09-09,completed,6.90,Bien,1.00
1338,468,198,2022-09-09,completed,8.09,Notable,1.00
1339,469,198,2022-09-09,completed,7.89,Notable,1.00
1340,469,230,2022-09-09,completed,5.85,Aprobado,0.90
1341,470,95,2024-09-09,completed,6.06,Bien,0.80
1342,470,261,2023-09-09,in_progress,,,0.90
1343,470,226,2022-09-09,completed,5.82,Aprobado,0.70
1344,470,111,2022-09-09,completed,5.86,Aprobado,0.90
1345,471,160,2024-09-09,completed,7.37,Notable,0.70
1346,471,68,2022-09-09,completed,4.80,Suspenso,0.90
1347,471,172,2024-09-09,in_progress,,,0.80
1348,472,289,2022-09-09,completed,7.30,Notable,0.80
1349,472,76,2022-09-09,withdrawn,5.16,Aprobado,0.90
1350,472,57,2022-09-09,repeated,6.26,Bien,1.00
1351,472,256,2022-09-09,completed,5.10,Aprobado,0.80
1352,473,43,2023-09-09,completed,5.24,Aprobado,0.80
1353,473,61,2024-09-09,completed,6.42,Bien,0.80
1354,473,77,2024-09-09,completed,4.98,Suspenso,0.80
1355,473,120,2024-09-09,completed,5.51,Aprobado,0.90
1356,474,155,2023-09-09,completed,5.23,Aprobado,1.00
1357,474,143,2022-09-09,completed,5.53,Aprobado,0.80
1358,475,143,2022-09-09,withdrawn,6.88,Bien,1.00
1359,475,155,2023-09-09,completed,7.27,Notable,1.00
1360,475,234,2022-09-09,in_progress,,,1.00
1361,476,72,2023-09-09,completed,5.87,Aprobado,1.00
1362,476,112,2022-09-09,completed,8.43,Notable,1.00
1363,477,19,2024-09-09,completed,5.24,Aprobado,1.00
1364,478,228,2023-09-09,in_progress,,,0.90
1365,479,225,2023-09-09,completed,3.68,Suspenso,0.80
1366,479,287,2022-09-09,completed,4.84,Suspenso,0.60
1367,479,210,2023-09-09,completed,3.12,Suspenso,0.90
1368,479,142,2024-09-09,withdrawn,3.63,Suspenso,0.70
1369,479,189,2024-09-09,completed,5.29,Aprobado,1.00
1370,480,210,2023-09-09,repeated,6.14,Bien,1.00
1371,480,142,2024-09-09,in_progress,,,1.00
1372,481,181,2023-09-09,completed,3.48,Suspenso,0.90
1373,481,168,2024-09-09,completed,6.24,Bien,0.90
1374,482,46,2024-09-09,completed,5.77,Aprobado,1.00
1375,482,105,2024-09-09,repeated,7.49,Notable,1.00
1376,483,165,2024-09-09,completed,5.64,Aprobado,1.00
1377,483,107,2024-09-09,completed,7.53,Notable,0.90
1378,484,232,2024-09-09,in_progress,,,1.00
1379,484,292,2024-09-09,completed,6.99,Bien,0.90
1380,485,200,2023-09-09,withdrawn,8.61,Notable,1.00
1381,485,219,2024-09-09,completed,6.94,Bien,1.00
1382,485,32,2024-09-09,withdrawn,7.50,Notable,0.90
1383,485,20,2022-09-09,in_progress,,,0.80
1384,485,271,2022-09-09,completed,5.90,Aprobado,1.00
1385,486,66,2023-09-09,completed,6.72,Bien,1.00
1386,486,29,2024-09-09,repeated,5.10,Aprobado,0.90
1387,486,127,2023-09-09,completed,6.47,Bien,0.90
1388,487,49,2022-09-09,in_progress,,,1.00
1389,487,299,2022-09-09,completed,2.28,Suspenso,1.00
1390,487,254,2022-09-09,completed,4.11,Suspenso,0.90
1391,487,152,2023-09-09,completed,3.04,Suspenso,1.00
1392,487,91,2023-09-09,completed,3.46,Suspenso,0.90
1393,488,210,2023-09-09,completed,3.82,Suspenso,0.80
1394,488,287,2022-09-09,completed,5.40,Aprobado,1.00
1395,489,225,2023-09-09,completed,5.16,Aprobado,0.90
1396,489,210,2023-09-09,completed,3.26,Suspenso,0.90
1397,489,142,2024-09-09,withdrawn,3.41,Suspenso,1.00
1398,490,282,2023-09-09,completed,4.89,Suspenso,1.00
1399,490,30,2023-09-09,completed,5.85,Aprobado,0.90
1400,491,70,2022-09-09,completed,3.60,Suspenso,1.00
1401,491,184,2022-09-09,completed,1.56,Suspenso,0.80
1402,491,217,2022-09-09,completed,2.39,Suspenso,0.60
1403,492,115,2022-09-09,completed,6.44,Bien,0.90
1404,492,7,2023-09-09,completed,5.72,Aprobado,0.80
1405,492,135,2023-09-09,completed,7.06,Notable,1.00
1406,492,218,2023-09-09,completed,8.45,Notable,0.90
1407,492,248,2023-09-09,completed,8.25,Notable,0.90
1408,493,193,2024-09-09,completed,4.82,Suspenso,0.90
1409,493,183,2024-09-09,in_progress,,,0.70
1410,494,299,2022-09-09,completed,4.25,Suspenso,0.90
1411,494,49,2022-09-09,completed,6.77,Bien,1.00
1412,494,152,2023-09-09,completed,8.44,Notable,1.00
1413,494,91,2023-09-09,completed,8.60,Notable,0.90
1414,495,130,2023-09-09,completed,8.40,Notable,1.00
1415,495,288,2024-09-09,completed,8.31,Notable,1.00
1416,495,156,2022-09-09,completed,6.90,Bien,1.00
1417,496,167,2022-09-09,withdrawn,8.34,Notable,1.00
1418,496,267,2022-09-09,completed,7.40,Notable,1.00
1419,497,94,2023-09-09,in_progress,,,1.00
1420,497,90,2022-09-09,completed,3.19,Suspenso,1.00
1421,497,229,2022-09-09,completed,6.34,Bien,1.00
1422,498,271,2022-09-09,in_progress,,,0.80
1423,498,32,2024-09-09,in_progress,,,0.90
1424,498,187,2024-09-09,in_progress,,,1.00
1425,498,27,2022-09-09,in_progress,,,1.00
1426,498,219,2024-09-09,completed,4.34,Suspenso,1.00
1427,499,46,2024-09-09,completed,3.96,Suspenso,1.00
1428,499,148,2023-09-09,completed,5.58,Aprobado,1.00
1429,499,105,2024-09-09,completed,6.73,Bien,0.90
1430,500,186,2024-09-09,completed,5.73,Aprobado,1.00
1431,500,224,2023-09-09,completed,5.13,Aprobado,1.00
1432,500,31,2022-09-09,completed,6.09,Bien,0.90
1433,501,90,2022-09-09,completed,6.96,Bien,1.00
1434,501,119,2023-09-09,completed,6.72,Bien,1.00
1435,501,94,2023-09-09,completed,7.56,Notable,1.00
1436,502,191,2024-09-09,completed,7.16,Notable,1.00
1437,502,197,2024-09-09,completed,6.28,Bien,0.90
1438,502,44,2023-09-09,completed,6.35,Bien,0.80
1439,502,8,2024-09-09,completed,6.77,Bien,1.00
1440,503,228,2023-09-09,completed,7.82,Notable,0.90
1441,504,177,2024-09-09,in_progress,,,1.00
1442,504,16,2022-09-09,completed,4.80,Suspenso,1.00
1443,504,178,2022-09-09,completed,5.09,Aprobado,1.00
1444,504,242,2022-09-09,completed,6.94,Bien,0.90
1445,505,291,2024-09-09,completed,7.27,Notable,1.00
1446,505,192,2022-09-09,completed,7.10,Notable,1.00
1447,505,159,2023-09-09,completed,6.66,Bien,0.90
1448,505,118,2024-09-09,completed,9.63,Sobresaliente,1.00
1449,506,234,2022-09-09,completed,7.93,Notable,1.00
1450,506,155,2023-09-09,completed,6.17,Bien,1.00
1451,507,59,2024-09-09,completed,6.18,Bien,0.90
1452,507,122,2022-09-09,completed,4.81,Suspenso,0.90
1453,507,250,2022-09-09,completed,5.06,Aprobado,0.90
1454,508,9,2024-09-09,in_progress,,,1.00
1455,508,170,2022-09-09,withdrawn,8.62,Notable,1.00
1456,508,298,2022-09-09,completed,8.80,Notable,1.00
1457,509,161,2024-09-09,completed,5.44,Aprobado,1.00
1458,509,18,2022-09-09,completed,7.43,Notable,0.90
1459,510,219,2024-09-09,in_progress,,,1.00
1460,510,32,2024-09-09,completed,7.92,Notable,1.00
1461,511,156,2022-09-09,completed,4.74,Suspenso,0.90
1462,511,114,2024-09-09,completed,6.70,Bien,1.00
1463,512,112,2022-09-09,completed,6.00,Bien,0.70
1464,512,72,2023-09-09,completed,5.10,Aprobado,0.70
1465,513,172,2024-09-09,completed,3.70,Suspenso,0.80
1466,513,160,2024-09-09,completed,3.93,Suspenso,0.90
1467,513,68,2022-09-09,completed,2.28,Suspenso,0.70
1468,515,199,2023-09-09,completed,7.43,Notable,0.80
1469,515,246,2023-09-09,completed,6.96,Bien,0.90
1470,515,239,2024-09-09,completed,6.86,Bien,0.90
1471,516,96,2022-09-09,completed,2.60,Suspenso,0.80
1472,517,270,2022-09-09,completed,5.60,Aprobado,1.00
1473,518,81,2024-09-09,completed,5.72,Aprobado,1.00
1474,518,252,2023-09-09,completed,7.24,Notable,1.00
1475,519,216,2024-09-09,completed,7.29,Notable,0.90
1476,519,117,2023-09-09,completed,6.04,Bien,1.00
1477,519,208,2023-09-09,completed,7.70,Notable,0.90
1478,519,268,2022-09-09,completed,7.96,Notable,1.00
1479,519,124,2024-09-09,in_progress,,,0.80
1480,520,144,2024-09-09,in_progress,,,1.00
1481,520,73,2023-09-09,completed,5.31,Aprobado,0.70
1482,520,25,2023-09-09,completed,3.91,Suspenso,1.00
1483,521,146,2024-09-09,completed,7.53,Notable,1.00
1484,521,162,2024-09-09,completed,8.03,Notable,1.00
1485,522,188,2023-09-09,completed,9.23,Sobresaliente,1.00
1486,522,179,2024-09-09,completed,6.60,Bien,1.00
1487,522,285,2023-09-09,completed,8.90,Notable,1.00
1488,523,69,2024-09-09,in_progress,,,1.00
1489,523,298,2022-09-09,in_progress,,,1.00
1490,524,239,2024-09-09,withdrawn,4.08,Suspenso,0.90
1491,524,199,2023-09-09,completed,4.29,Suspenso,0.90
1492,524,246,2023-09-09,in_progress,,,0.80
1493,525,165,2024-09-09,completed,6.84,Bien,0.70
1494,525,107,2024-09-09,completed,6.97,Bien,0.90
1495,526,213,2023-09-09,completed,6.02,Bien,1.00
1496,527,88,2022-09-09,completed,6.09,Bien,1.00
1497,527,78,2024-09-09,completed,8.46,Notable,1.00
1498,530,258,2024-09-09,completed,4.31,Suspenso,1.00
1499,530,276,2023-09-09,in_progress,,,1.00
1500,530,58,2023-09-09,completed,5.45,Aprobado,1.00
1501,531,295,2023-09-09,completed,6.02,Bien,0.90
1502,531,1,2022-09-09,completed,7.34,Notable,1.00
1503,532,147,2024-09-09,completed,6.23,Bien,0.90
1504,532,206,2022-09-09,completed,6.76,Bien,0.70
1505,533,187,2024-09-09,completed,6.68,Bien,0.90
1506,533,83,2022-09-09,completed,6.40,Bien,1.00
1507,533,103,2024-09-09,completed,6.56,Bien,0.90
1508,534,109,2023-09-09,completed,4.50,Suspenso,0.90
1509,534,69,2024-09-09,completed,5.82,Aprobado,0.80
1510,534,110,2024-09-09,in_progress,,,0.90
1511,535,271,2022-09-09,completed,5.62,Aprobado,1.00
1512,535,83,2022-09-09,completed,8.16,Notable,0.90
1513,535,32,2024-09-09,completed,7.34,Notable,1.00
1514,535,200,2023-09-09,in_progress,,,1.00
1515,536,85,2024-09-09,completed,4.88,Suspenso,0.70
1516,537,32,2024-09-09,completed,6.62,Bien,1.00
1517,537,103,2024-09-09,completed,5.66,Aprobado,1.00
1518,537,187,2024-09-09,in_progress,,,0.90
1519,538,5,2023-09-09,completed,6.18,Bien,1.00
1520,539,5,2023-09-09,completed,8.01,Notable,1.00
1521,540,191,2024-09-09,completed,5.60,Aprobado,1.00
1522,540,44,2023-09-09,in_progress,,,0.80
1523,540,182,2022-09-09,completed,6.50,Bien,1.00
1524,541,172,2024-09-09,completed,5.99,Aprobado,0.60
1525,541,68,2022-09-09,completed,5.11,Aprobado,0.90
1526,541,160,2024-09-09,completed,4.67,Suspenso,0.90
1527,542,29,2024-09-09,in_progress,,,0.70
1528,542,14,2022-09-09,completed,5.25,Aprobado,0.60
1529,543,258,2024-09-09,completed,8.05,Notable,1.00
1530,543,28,2022-09-09,completed,7.96,Notable,1.00
1531,544,151,2023-09-09,completed,4.49,Suspenso,0.80
1532,544,274,2024-09-09,completed,5.97,Aprobado,0.90
1533,544,232,2024-09-09,completed,5.96,Aprobado,0.90
1534,544,205,2022-09-09,completed,4.75,Suspenso,0.90
1535,545,123,2024-09-09,completed,5.34,Aprobado,0.90
1536,545,100,2024-09-09,withdrawn,2.60,Suspenso,0.90
1537,545,15,2023-09-09,completed,4.86,Suspenso,0.80
1538,546,158,2024-09-09,completed,6.67,Bien,1.00
1539,546,293,2022-09-09,completed,7.53,Notable,1.00
1540,547,85,2024-09-09,completed,4.90,Suspenso,1.00
1541,548,105,2024-09-09,completed,4.46,Suspenso,0.80
1542,548,46,2024-09-09,completed,4.96,Suspenso,0.90
1543,548,148,2023-09-09,withdrawn,5.54,Aprobado,1.00
1544,549,34,2022-09-09,completed,3.76,Suspenso,0.80
1545,550,249,2023-09-09,completed,6.49,Bien,1.00
1546,550,93,2024-09-09,in_progress,,,1.00
1547,550,221,2023-09-09,completed,7.64,Notable,1.00
1548,551,147,2024-09-09,completed,2.58,Suspenso,0.90
1549,551,206,2022-09-09,repeated,4.07,Suspenso,0.80
1550,552,245,2023-09-09,completed,3.54,Suspenso,0.90
1551,552,249,2023-09-09,completed,5.85,Aprobado,1.00
1552,552,93,2024-09-09,completed,5.66,Aprobado,0.80
1553,552,221,2023-09-09,completed,4.77,Suspenso,0.70
1554,553,12,2023-09-09,in_progress,,,1.00
1555,553,260,2022-09-09,completed,6.60,Bien,0.90
1556,554,166,2022-09-09,completed,5.31,Aprobado,1.00
1557,554,169,2024-09-09,repeated,6.85,Bien,1.00
1558,554,233,2023-09-09,completed,6.64,Bien,1.00
1559,555,144,2024-09-09,completed,7.26,Notable,1.00
1560,555,94,2023-09-09,completed,6.58,Bien,1.00
1561,555,25,2023-09-09,completed,8.26,Notable,1.00
1562,555,119,2023-09-09,in_progress,,,1.00
1563,555,264,2023-09-09,completed,8.74,Notable,1.00
1564,556,257,2022-09-09,in_progress,,,1.00
1565,556,52,2022-09-09,in_progress,,,1.00
1566,557,155,2023-09-09,completed,5.28,Aprobado,0.90
1567,557,143,2022-09-09,completed,7.74,Notable,0.90
1568,557,234,2022-09-09,completed,7.54,Notable,1.00
1569,558,40,2022-09-09,completed,4.55,Suspenso,0.60
1570,558,131,2022-09-09,completed,7.16,Notable,0.90
1571,559,159,2023-09-09,completed,3.78,Suspenso,0.80
1572,559,291,2024-09-09,completed,5.31,Aprobado,0.80
1573,560,186,2024-09-09,in_progress,,,1.00
1574,560,98,2024-09-09,completed,7.04,Notable,1.00
1575,560,74,2023-09-09,completed,7.36,Notable,1.00
1576,560,236,2024-09-09,in_progress,,,1.00
1577,561,96,2022-09-09,completed,4.30,Suspenso,0.90
1578,562,226,2022-09-09,withdrawn,6.72,Bien,0.90
1579,562,95,2024-09-09,completed,6.55,Bien,0.70
1580,563,100,2024-09-09,completed,8.72,Notable,1.00
1581,563,123,2024-09-09,completed,7.75,Notable,1.00
1582,563,15,2023-09-09,completed,8.23,Notable,1.00
1583,564,78,2024-09-09,completed,7.84,Notable,1.00
1584,564,88,2022-09-09,completed,6.45,Bien,1.00
1585,565,81,2024-09-09,completed,4.32,Suspenso,0.90
1586,565,282,2023-09-09,completed,4.08,Suspenso,0.70
1587,565,67,2022-09-09,completed,5.93,Aprobado,0.90
1588,565,252,2023-09-09,completed,4.85,Suspenso,0.80
1589,565,30,2023-09-09,completed,4.66,Suspenso,1.00
1590,566,199,2023-09-09,completed,7.81,Notable,1.00
1591,566,239,2024-09-09,completed,7.98,Notable,1.00
1592,566,246,2023-09-09,completed,8.18,Notable,1.00
1593,567,262,2022-09-09,completed,6.46,Bien,1.00
1594,567,243,2023-09-09,completed,5.94,Aprobado,0.90
1595,567,273,2024-09-09,in_progress,,,1.00
1596,568,205,2022-09-09,completed,5.47,Aprobado,1.00
1597,568,292,2024-09-09,completed,6.88,Bien,0.90
1598,568,42,2024-09-09,completed,4.06,Suspenso,0.60
1599,570,187,2024-09-09,completed,7.39,Notable,1.00
1600,570,27,2022-09-09,completed,8.18,Notable,1.00
1601,570,83,2022-09-09,completed,9.55,Sobresaliente,1.00
1602,570,20,2022-09-09,completed,5.64,Aprobado,1.00
1603,571,249,2023-09-09,completed,6.82,Bien,1.00
1604,571,93,2024-09-09,in_progress,,,1.00
1605,571,221,2023-09-09,completed,4.45,Suspenso,0.90
1606,571,245,2023-09-09,completed,5.33,Aprobado,1.00
1607,572,46,2024-09-09,in_progress,,,1.00
1608,572,148,2023-09-09,completed,6.53,Bien,0.90
1609,572,105,2024-09-09,completed,7.72,Notable,1.00
1610,573,171,2024-09-09,withdrawn,5.44,Aprobado,0.70
1611,573,53,2024-09-09,completed,5.34,Aprobado,0.80
1612,573,138,2024-09-09,completed,2.60,Suspenso,0.90
1613,573,47,2022-09-09,completed,3.80,Suspenso,0.70
1614,574,56,2024-09-09,completed,5.88,Aprobado,1.00
1615,574,260,2022-09-09,withdrawn,6.31,Bien,0.90
1616,574,12,2023-09-09,completed,7.74,Notable,1.00
1617,575,192,2022-09-09,in_progress,,,1.00
1618,575,291,2024-09-09,completed,6.87,Bien,0.80
1619,575,118,2024-09-09,completed,7.46,Notable,1.00
1620,575,159,2023-09-09,completed,7.60,Notable,0.90
1621,576,274,2024-09-09,completed,7.64,Notable,0.80
1622,576,292,2024-09-09,completed,4.96,Suspenso,0.90
1623,576,151,2023-09-09,completed,4.13,Suspenso,1.00
1624,578,113,2022-09-09,completed,5.90,Aprobado,0.80
1625,578,62,2022-09-09,in_progress,,,0.90
1626,578,296,2024-09-09,in_progress,,,1.00
1627,579,68,2022-09-09,completed,5.56,Aprobado,0.60
1628,579,160,2024-09-09,completed,5.13,Aprobado,0.90
1629,579,172,2024-09-09,withdrawn,7.05,Notable,0.90
1630,580,186,2024-09-09,completed,8.42,Notable,1.00
1631,580,263,2023-09-09,completed,6.19,Bien,1.00
1632,580,224,2023-09-09,completed,7.20,Notable,1.00
1633,581,290,2024-09-09,completed,6.90,Bien,0.80
1634,581,251,2023-09-09,completed,7.31,Notable,0.90
1635,581,86,2023-09-09,completed,3.90,Suspenso,1.00
1636,582,108,2022-09-09,withdrawn,7.62,Notable,1.00
1637,582,244,2023-09-09,completed,7.21,Notable,1.00
1638,583,229,2022-09-09,in_progress,,,1.00
1639,583,119,2023-09-09,completed,4.82,Suspenso,1.00
1640,583,144,2024-09-09,completed,3.40,Suspenso,0.90
1641,583,90,2022-09-09,completed,6.17,Bien,0.80
1642,583,73,2023-09-09,completed,4.92,Suspenso,1.00
1643,584,225,2023-09-09,withdrawn,6.60,Bien,1.00
1644,584,142,2024-09-09,completed,5.77,Aprobado,0.90
1645,585,59,2024-09-09,completed,7.40,Notable,1.00
1646,585,195,2022-09-09,completed,7.52,Notable,1.00
1647,585,38,2023-09-09,completed,7.11,Notable,1.00
1648,586,33,2024-09-09,completed,7.47,Notable,1.00
1649,586,116,2022-09-09,completed,8.46,Notable,1.00
1650,587,162,2024-09-09,in_progress,,,1.00
1651,587,101,2022-09-09,completed,7.21,Notable,1.00
1652,588,238,2024-09-09,completed,5.14,Aprobado,1.00
1653,588,10,2022-09-09,in_progress,,,0.90
1654,588,220,2023-09-09,completed,6.62,Bien,0.90
1655,589,175,2022-09-09,completed,5.99,Aprobado,0.90
1656,589,78,2024-09-09,completed,5.01,Aprobado,0.90
1657,589,88,2022-09-09,completed,5.44,Aprobado,1.00
1658,590,50,2024-09-09,in_progress,,,1.00
1659,591,194,2024-09-09,in_progress,,,1.00
1660,591,4,2022-09-09,completed,5.16,Aprobado,1.00
1661,591,169,2024-09-09,completed,4.95,Suspenso,1.00
1662,591,166,2022-09-09,completed,6.80,Bien,1.00
1663,591,104,2022-09-09,completed,5.25,Aprobado,0.90
1664,592,181,2023-09-09,in_progress,,,1.00
1665,592,168,2024-09-09,completed,5.94,Aprobado,1.00
1666,593,293,2022-09-09,completed,5.91,Aprobado,1.00
1667,593,158,2024-09-09,completed,3.93,Suspenso,0.80
1668,594,235,2022-09-09,completed,3.08,Suspenso,1.00
1669,594,226,2022-09-09,completed,2.97,Suspenso,0.70
1670,595,250,2022-09-09,completed,3.56,Suspenso,0.70
1671,595,38,2023-09-09,completed,3.95,Suspenso,1.00
1672,595,173,2023-09-09,in_progress,,,0.50
1673,595,195,2022-09-09,completed,3.20,Suspenso,0.90
1674,596,47,2022-09-09,completed,3.07,Suspenso,1.00
1675,596,171,2024-09-09,completed,5.21,Aprobado,1.00
1676,596,138,2024-09-09,completed,4.58,Suspenso,1.00
1677,596,53,2024-09-09,in_progress,,,1.00
1678,597,182,2022-09-09,completed,6.50,Bien,0.90
1679,597,99,2023-09-09,in_progress,,,0.90
1680,597,8,2024-09-09,completed,6.02,Bien,0.80
1681,598,159,2023-09-09,completed,7.10,Notable,1.00
1682,598,291,2024-09-09,completed,6.66,Bien,1.00
1683,598,192,2022-09-09,in_progress,,,0.90
1684,598,118,2024-09-09,completed,7.11,Notable,1.00
1685,599,17,2023-09-09,completed,3.88,Suspenso,0.90
1686,599,80,2023-09-09,completed,4.41,Suspenso,0.80
1687,600,23,2022-09-09,completed,3.78,Suspenso,0.60
1688,601,20,2022-09-09,completed,7.03,Notable,1.00
1689,601,83,2022-09-09,completed,6.62,Bien,1.00
1690,602,105,2024-09-09,completed,6.04,Bien,1.00
1691,602,148,2023-09-09,completed,4.84,Suspenso,0.90
1692,603,167,2022-09-09,in_progress,,,1.00
1693,603,267,2022-09-09,completed,7.51,Notable,1.00
1694,604,130,2023-09-09,completed,8.60,Notable,1.00
1695,604,156,2022-09-09,in_progress,,,1.00
1696,605,213,2023-09-09,completed,4.47,Suspenso,0.90
1697,606,269,2022-09-09,completed,4.95,Suspenso,0.90
1698,606,75,2022-09-09,completed,7.57,Notable,0.90
1699,607,51,2023-09-09,in_progress,,,1.00
1700,607,58,2023-09-09,completed,7.68,Notable,1.00
1701,608,280,2024-09-09,completed,6.68,Bien,0.90
1702,608,258,2024-09-09,in_progress,,,1.00
1703,608,28,2022-09-09,completed,7.48,Notable,1.00
1704,608,58,2023-09-09,completed,6.71,Bien,1.00
1705,608,51,2023-09-09,completed,7.64,Notable,0.90
1706,609,149,2024-09-09,completed,4.72,Suspenso,0.70
1707,609,208,2023-09-09,completed,5.62,Aprobado,0.90
1708,609,268,2022-09-09,completed,5.79,Aprobado,0.90
1709,609,117,2023-09-09,completed,5.82,Aprobado,0.70
1710,611,184,2022-09-09,completed,6.11,Bien,1.00
1711,611,244,2023-09-09,completed,6.47,Bien,1.00
1712,611,70,2022-09-09,completed,7.13,Notable,1.00
1713,611,294,2022-09-09,completed,6.88,Bien,1.00
1714,612,132,2022-09-09,completed,8.18,Notable,1.00
1715,612,174,2022-09-09,completed,7.02,Notable,1.00
1716,612,87,2023-09-09,in_progress,,,1.00
1717,612,277,2023-09-09,completed,8.04,Notable,1.00
1718,613,291,2024-09-09,completed,7.43,Notable,0.90
1719,613,118,2024-09-09,completed,7.24,Notable,1.00
1720,613,159,2023-09-09,completed,7.55,Notable,1.00
1721,614,19,2024-09-09,completed,6.60,Bien,1.00
1722,615,217,2022-09-09,completed,4.78,Suspenso,1.00
1723,615,184,2022-09-09,completed,4.89,Suspenso,0.70
1724,615,70,2022-09-09,completed,5.85,Aprobado,1.00
1725,616,212,2023-09-09,withdrawn,7.88,Notable,1.00
1726,616,135,2023-09-09,completed,7.20,Notable,1.00
1727,616,218,2023-09-09,completed,7.62,Notable,1.00
1728,616,7,2023-09-09,withdrawn,5.28,Aprobado,1.00
1729,616,248,2023-09-09,completed,9.04,Sobresaliente,1.00
1730,618,109,2023-09-09,completed,9.11,Sobresaliente,1.00
1731,618,110,2024-09-09,in_progress,,,1.00
1732,618,9,2024-09-09,completed,7.16,Notable,1.00
1733,618,164,2024-09-09,completed,8.30,Notable,1.00
1734,619,227,2024-09-09,completed,3.08,Suspenso,0.90
1735,619,150,2022-09-09,in_progress,,,0.80
1736,619,202,2024-09-09,completed,3.52,Suspenso,1.00
1737,621,102,2023-09-09,completed,7.43,Notable,1.00
1738,621,11,2024-09-09,completed,7.84,Notable,0.70
1739,621,24,2023-09-09,completed,6.66,Bien,1.00
1740,622,113,2022-09-09,in_progress,,,0.80
1741,622,62,2022-09-09,completed,6.73,Bien,1.00
1742,622,296,2024-09-09,completed,5.86,Aprobado,0.90
1743,623,130,2023-09-09,completed,5.65,Aprobado,0.90
1744,623,288,2024-09-09,in_progress,,,1.00
1745,623,156,2022-09-09,completed,3.44,Suspenso,0.80
1746,624,17,2023-09-09,completed,6.69,Bien,1.00
1747,624,80,2023-09-09,completed,7.73,Notable,1.00
1748,625,174,2022-09-09,completed,6.42,Bien,1.00
1749,625,132,2022-09-09,completed,6.34,Bien,1.00
1750,625,87,2023-09-09,withdrawn,5.42,Aprobado,1.00
1751,626,49,2022-09-09,completed,6.20,Bien,0.90
1752,626,91,2023-09-09,completed,6.60,Bien,0.90
1753,626,299,2022-09-09,completed,6.28,Bien,0.80
1754,626,152,2023-09-09,completed,8.18,Notable,1.00
1755,627,185,2023-09-09,completed,7.38,Notable,1.00
1756,627,207,2023-09-09,completed,7.69,Notable,1.00
1757,627,104,2022-09-09,completed,9.26,Sobresaliente,1.00
1758,627,63,2023-09-09,completed,6.54,Bien,1.00
1759,627,4,2022-09-09,completed,8.63,Notable,1.00
1760,628,7,2023-09-09,completed,4.62,Suspenso,0.70
1761,628,135,2023-09-09,completed,3.80,Suspenso,0.60
1762,629,96,2022-09-09,completed,7.50,Notable,1.00
1763,630,204,2023-09-09,completed,5.44,Aprobado,1.00
1764,630,48,2022-09-09,in_progress,,,1.00
1765,631,85,2024-09-09,completed,6.18,Bien,1.00
1766,632,160,2024-09-09,repeated,6.37,Bien,1.00
1767,632,172,2024-09-09,completed,5.09,Aprobado,1.00
1768,632,68,2022-09-09,completed,5.94,Aprobado,0.80
1769,633,41,2022-09-09,in_progress,,,0.80
1770,634,263,2023-09-09,completed,4.75,Suspenso,0.90
1771,634,186,2024-09-09,completed,5.15,Aprobado,1.00
1772,634,98,2024-09-09,in_progress,,,0.70
1773,634,236,2024-09-09,completed,5.54,Aprobado,0.80
1774,635,213,2023-09-09,in_progress,,,1.00
1775,636,287,2022-09-09,completed,4.59,Suspenso,0.80
1776,636,225,2023-09-09,completed,6.92,Bien,1.00
1777,636,142,2024-09-09,completed,5.51,Aprobado,1.00
1778,636,189,2024-09-09,completed,4.13,Suspenso,0.80
1779,637,52,2022-09-09,completed,6.70,Bien,1.00
1780,637,257,2022-09-09,completed,6.29,Bien,1.00
1781,638,153,2023-09-09,completed,8.60,Notable,1.00
1782,638,37,2022-09-09,completed,8.21,Notable,1.00
1783,638,134,2022-09-09,repeated,6.65,Bien,1.00
1784,638,75,2022-09-09,completed,7.74,Notable,1.00
1785,638,241,2024-09-09,in_progress,,,1.00
1786,639,12,2023-09-09,withdrawn,5.94,Aprobado,0.60
1787,639,39,2022-09-09,completed,3.18,Suspenso,0.80
1788,639,260,2022-09-09,completed,4.22,Suspenso,1.00
1789,639,56,2024-09-09,completed,4.62,Suspenso,0.80
1790,640,222,2024-09-09,completed,7.89,Notable,1.00
1791,640,22,2024-09-09,completed,7.71,Notable,1.00
1792,640,36,2023-09-09,in_progress,,,1.00
1793,640,33,2024-09-09,completed,8.54,Notable,1.00
1794,640,116,2022-09-09,completed,8.48,Notable,1.00
1795,641,148,2023-09-09,completed,,,1.00
1796,641,46,2024-09-09,completed,,,1.00
1797,641,105,2024-09-09,completed,,,1.00
1798,642,213,2023-09-09,completed,,,1.00
1799,643,238,2024-09-09,completed,,,0.90
1800,643,220,2023-09-09,completed,,,1.00
