id,vehicle_id,owner_id,owned_from,owned_until,purchase_price
1,1,304,2021-10-16,2025-03-18,26216.00
2,1,341,2025-03-18,,
3,2,930,2015-01-02,,23664.00
4,3,341,2019-04-17,2022-01-08,
5,3,734,2022-01-08,2022-05-16,14236.50
6,3,977,2022-05-16,,13280.03
7,4,862,2017-10-25,,29580.00
8,5,136,2014-08-20,,56956.00
9,6,274,2022-06-10,,66700.00
10,7,662,2022-01-25,2023-11-27,57188.00
11,7,110,2023-11-27,,35621.41
12,8,377,2019-11-26,2020-08-04,32364.00
13,8,190,2020-08-04,2020-08-09,25527.42
14,8,630,2020-08-09,,
15,9,211,2025-03-13,,55216.00
16,10,241,2019-04-18,2021-09-07,24476.00
17,10,536,2021-09-07,2024-12-21,13378.88
18,10,306,2024-12-21,,6966.69
19,11,912,2020-10-21,,59972.00
20,12,109,2018-10-24,2022-09-01,17284.00
21,12,443,2022-09-01,,6086.89
22,13,665,2021-12-01,2022-10-30,65888.00
23,13,137,2022-10-30,,
24,14,733,2016-09-25,2020-08-13,26216.00
25,14,312,2020-08-13,2025-06-21,11106.17
26,14,605,2025-06-21,,
27,15,383,2016-01-07,,28652.00
28,16,977,2023-06-18,2023-07-28,38164.00
29,16,54,2023-07-28,,35889.84
30,17,968,2019-09-05,2019-12-06,14036.00
31,17,455,2019-12-06,,12762.33
32,18,978,2013-05-03,2015-07-25,51620.00
33,18,392,2015-07-25,2019-07-27,28629.72
34,18,148,2019-07-27,2021-05-27,12930.04
35,18,513,2021-05-27,,8984.70
36,19,523,2022-06-25,2024-11-11,
37,19,621,2024-11-11,,21386.72
38,20,917,2022-04-01,,21112.00
39,21,50,2020-02-02,2024-10-18,41412.00
40,21,122,2024-10-18,,13915.84
41,22,587,2023-04-13,2024-11-19,56840.00
42,22,175,2024-11-19,,
43,23,868,2017-01-08,,17284.00
44,24,241,2022-07-12,2022-12-15,94888.00
45,24,471,2022-12-15,,76262.20
46,25,270,2019-07-09,2022-05-01,30856.00
47,25,139,2022-05-01,,13642.34
48,26,676,2018-02-06,2022-09-18,41528.00
49,26,532,2022-09-18,2024-12-06,15487.73
50,26,89,2024-12-06,,9973.68
51,27,199,2013-09-27,2019-05-28,27144.00
52,27,760,2019-05-28,2021-11-25,7531.49
53,27,935,2021-11-25,2024-12-28,4588.61
54,27,100,2024-12-28,,
55,28,208,2020-05-21,2023-08-20,54636.00
56,28,496,2023-08-20,,23961.99
57,29,436,2020-05-24,2023-11-12,53244.00
58,29,915,2023-11-12,2025-04-17,21352.73
59,29,935,2025-04-17,,
60,30,899,2023-12-03,,
61,31,965,2025-05-10,2025-06-15,59972.00
62,31,549,2025-06-15,,57614.62
63,32,632,2018-10-01,2023-06-06,59972.00
64,32,640,2023-06-06,2024-07-11,
65,32,911,2024-07-11,,16390.02
66,33,809,2022-06-21,,21112.00
67,34,181,2023-10-16,2024-10-23,21112.00
68,34,648,2024-10-23,,15001.42
69,35,1000,2024-06-23,2025-01-13,30856.00
70,35,998,2025-01-13,,23853.68
71,36,55,2014-12-12,,68556.00
72,37,254,2020-11-06,2025-03-18,59972.00
73,37,475,2025-03-18,,
74,38,759,2019-03-27,,
75,39,815,2014-07-08,2015-04-21,27028.00
76,39,547,2015-04-21,2017-01-10,20612.93
77,39,209,2017-01-10,2020-11-17,14638.03
78,39,711,2020-11-17,,6815.21
79,40,860,2024-04-22,,
80,41,993,2018-01-14,2020-03-05,24476.00
81,41,339,2020-03-05,,13734.68
82,42,810,2025-01-03,2025-01-10,53244.00
83,42,709,2025-01-10,,52960.59
84,43,294,2012-10-20,,59160.00
85,44,924,2024-07-02,,
86,45,575,2016-04-04,,
87,46,86,2021-08-31,,18444.00
88,47,616,2025-05-08,,94888.00
89,48,917,2016-07-08,,38860.00
90,49,290,2023-01-01,2023-05-13,
91,49,285,2023-05-13,,12303.50
92,50,165,2020-11-30,2020-12-03,18444.00
93,50,175,2020-12-03,,18359.78
94,51,481,2025-06-29,,
95,52,348,2018-10-14,2021-06-22,41528.00
96,52,476,2021-06-22,2022-07-29,21540.99
97,52,643,2022-07-29,,17314.37
98,53,518,2025-05-12,2025-05-21,55216.00
99,53,340,2025-05-21,,54500.91
100,54,729,2021-08-09,2024-06-01,18444.00
101,54,460,2024-06-01,,9780.02
102,55,856,2020-12-25,2025-02-25,36772.00
103,55,427,2025-02-25,,14841.51
104,56,420,2014-03-01,2019-07-21,51620.00
105,56,415,2019-07-21,2020-09-19,16153.67
106,56,505,2020-09-19,2020-10-15,
107,56,758,2020-10-15,,12636.16
108,57,616,2021-06-30,,
109,58,546,2023-11-07,2024-09-06,18444.00
110,58,629,2024-09-06,,12721.63
111,59,89,2012-02-22,2012-10-10,59160.00
112,59,479,2012-10-10,2018-08-31,
113,59,657,2018-08-31,2019-04-23,13640.61
114,59,532,2019-04-23,,12005.56
115,60,967,2016-09-22,,36772.00
116,61,703,2017-04-01,2019-05-06,26448.00
117,61,643,2019-05-06,,
118,62,563,2023-09-14,2023-11-13,33988.00
119,62,838,2023-11-13,,31765.81
120,63,380,2011-01-27,2021-07-07,19024.00
121,63,595,2021-07-07,,1977.14
122,64,238,2025-02-18,,33988.00
123,65,547,2012-11-01,2018-01-03,19024.00
124,65,958,2018-01-03,2020-11-01,5740.64
125,65,733,2020-11-01,,3274.98
126,66,510,2025-06-28,2025-06-29,
127,66,47,2025-06-29,,55121.73
128,67,348,2025-02-07,,34104.00
129,68,118,2017-01-15,,54636.00
130,69,670,2022-07-16,2025-06-29,92220.00
131,69,191,2025-06-29,,
132,70,134,2021-04-18,2024-03-03,36888.00
133,70,25,2024-03-03,,17740.78
134,71,131,2023-07-03,2023-09-11,22852.00
135,71,350,2023-09-11,,21175.64
136,72,59,2025-03-21,,17400.00
137,73,688,2015-09-29,,29116.00
138,74,120,2019-01-31,2021-12-10,
139,74,155,2021-12-10,,10646.03
140,75,144,2011-11-06,2016-12-07,
141,75,375,2016-12-07,2017-06-04,5043.76
142,75,888,2017-06-04,2017-11-22,4576.33
143,75,18,2017-11-22,,4170.30
144,76,442,2019-09-16,2023-01-18,18792.00
145,76,398,2023-01-18,,8961.39
146,77,975,2025-06-28,,
147,78,235,2016-10-23,,14036.00
148,79,526,2019-08-26,2022-11-21,20300.00
149,79,771,2022-11-21,,8972.95
150,80,500,2011-10-06,2012-09-04,
151,80,292,2012-09-04,2021-07-10,16939.79
152,80,552,2021-07-10,2023-06-01,2927.54
153,80,754,2023-06-01,,
154,81,944,2018-02-04,2021-05-23,18792.00
155,81,496,2021-05-23,,8859.28
156,82,505,2024-01-09,,26448.00
157,83,420,2025-06-18,2025-06-28,20300.00
158,83,502,2025-06-28,,20003.52
159,84,974,2025-04-11,2025-04-15,92220.00
160,84,983,2025-04-15,,91737.74
161,85,992,2023-06-26,2024-07-23,59972.00
162,85,862,2024-07-23,,
163,86,794,2016-06-28,2017-09-08,24476.00
164,86,243,2017-09-08,2023-12-16,18456.34
165,86,153,2023-12-16,,5318.46
166,87,806,2022-11-20,2023-11-09,17400.00
167,87,746,2023-11-09,,11775.41
168,88,522,2016-01-30,2022-05-29,36888.00
169,88,235,2022-05-29,2023-08-15,9053.32
170,88,898,2023-08-15,,7116.64
171,89,215,2014-06-23,2019-08-21,38860.00
172,89,540,2019-08-21,,10427.53
173,90,326,2012-05-08,2019-11-30,25520.00
174,90,542,2019-11-30,2020-08-18,4663.98
175,90,524,2020-08-18,,4045.14
176,91,712,2017-07-22,2018-12-06,36772.00
177,91,833,2018-12-06,2018-12-24,22597.77
178,91,199,2018-12-24,,22377.99
179,92,690,2023-09-05,,25636.00
180,93,63,2013-09-10,2017-01-13,38860.00
181,93,247,2017-01-13,2022-09-04,19289.05
182,93,610,2022-09-04,,6298.30
183,94,877,2019-08-02,2022-04-11,29000.00
184,94,216,2022-04-11,2024-07-11,16154.98
185,94,397,2024-07-11,,
186,95,445,2017-08-29,2019-08-26,28652.00
187,95,64,2019-08-26,,16647.59
188,96,4,2024-06-16,2025-01-31,22852.00
189,96,540,2025-01-31,,15550.85
190,97,287,2021-07-20,2022-06-20,27840.00
191,97,789,2022-06-20,,21095.00
192,98,363,2015-07-31,,15660.00
193,99,727,2014-01-27,2018-01-21,21112.00
194,99,611,2018-01-21,2020-03-26,7937.84
195,99,496,2020-03-26,,5153.60
196,100,959,2020-03-21,2022-03-09,36888.00
197,100,893,2022-03-09,,20167.53
198,101,170,2022-07-15,2023-04-02,25636.00
199,101,23,2023-04-02,,19628.44
200,102,722,2019-08-03,2023-06-18,31204.00
201,102,697,2023-06-18,,11873.64
202,103,618,2024-02-18,,22968.00
203,104,611,2010-05-05,,22272.00
204,105,793,2022-05-28,2023-09-22,24708.00
205,105,541,2023-09-22,,16540.02
206,106,277,2018-09-04,,26216.00
207,107,904,2023-12-07,,27840.00
208,108,327,2023-07-09,2024-12-16,
209,108,275,2024-12-16,,10267.67
210,109,640,2016-09-11,,
211,110,598,2012-12-12,,19024.00
212,111,532,2012-02-06,2013-07-30,
213,111,259,2013-07-30,2022-11-13,18220.05
214,111,218,2022-11-13,,2883.50
215,112,488,2024-07-04,2025-02-13,55216.00
216,112,667,2025-02-13,,41591.02
217,113,439,2021-02-28,2021-05-08,59160.00
218,113,806,2021-05-08,,52642.26
219,114,265,2024-10-08,,25636.00
220,115,823,2022-03-15,2024-12-12,17400.00
221,115,504,2024-12-12,,8737.88
222,116,27,2023-12-24,,34916.00
223,117,218,2018-12-22,,26796.00
224,118,734,2023-11-29,2024-07-04,23664.00
225,118,73,2024-07-04,,16699.05
226,119,202,2024-07-11,,56840.00
227,120,145,2021-01-29,2024-11-03,59160.00
228,120,541,2024-11-03,,24145.42
229,121,153,2022-07-06,,24708.00
230,122,787,2017-11-05,2019-06-20,
231,122,943,2019-06-20,2024-10-06,15017.70
232,122,284,2024-10-06,,5248.21
233,123,155,2025-06-27,,56840.00
234,124,13,2018-06-10,,28652.00
235,125,376,2012-09-20,2020-01-17,19024.00
236,125,29,2020-01-17,2024-09-28,3805.41
237,125,901,2024-09-28,,
238,126,146,2022-03-25,,29580.00
239,127,528,2023-06-22,,22272.00
240,128,210,2023-07-01,,17052.00
241,129,174,2021-09-03,2024-07-08,27840.00
242,129,393,2024-07-08,,13415.13
243,130,644,2020-03-11,,27840.00
244,131,840,2020-06-13,,25636.00
245,132,645,2011-05-07,2012-04-15,68556.00
246,132,441,2012-04-15,2016-04-15,43754.11
247,132,495,2016-04-15,2018-06-09,19782.06
248,132,760,2018-06-09,2018-12-03,12913.36
249,132,67,2018-12-03,,
250,133,442,2021-04-22,2024-02-24,53244.00
251,133,949,2024-02-24,,23362.85
252,134,563,2018-04-07,2023-04-22,32364.00
253,134,280,2023-04-22,2024-02-09,10244.27
254,134,940,2024-02-09,,8736.60
255,135,810,2016-08-10,2022-05-12,34104.00
256,135,346,2022-05-12,,9240.13
257,136,186,2024-02-27,,34916.00
258,137,777,2020-01-04,2022-11-04,21112.00
259,137,625,2022-11-04,,9872.60
260,138,888,2018-01-06,2019-01-23,51620.00
261,138,913,2019-01-23,2020-06-27,40900.44
262,138,853,2020-06-27,,30816.93
263,139,474,2013-09-26,,18792.00
264,140,506,2021-06-03,,30276.00
265,141,110,2014-01-05,2019-05-22,
266,141,442,2019-05-22,,20885.11
267,142,805,2022-08-29,,24708.00
268,143,692,2020-12-12,2021-08-31,
269,143,923,2021-08-31,,48553.97
270,144,561,2018-09-01,2020-11-17,
271,144,263,2020-11-17,,16186.84
272,145,349,2022-01-10,2022-07-25,55216.00
273,145,120,2022-07-25,,42861.80
274,146,123,2020-11-29,2022-12-18,15196.00
275,146,905,2022-12-18,2024-12-28,8592.52
276,146,73,2024-12-28,,5744.73
277,147,123,2024-07-02,2025-06-04,94888.00
278,147,599,2025-06-04,,67720.52
279,148,891,2012-05-10,2012-09-10,
280,148,520,2012-09-10,2014-07-06,15566.16
281,148,570,2014-07-06,,10172.08
282,149,119,2020-05-19,2024-07-17,
283,149,324,2024-07-17,,20402.84
284,150,324,2021-02-19,,
285,151,678,2020-08-15,2023-03-25,29000.00
286,151,812,2023-03-25,,
287,152,7,2018-01-26,2021-03-20,
288,152,477,2021-03-20,,17845.38
289,153,575,2011-06-17,2021-07-10,
290,153,127,2021-07-10,2022-02-26,2922.41
291,153,183,2022-02-26,2022-07-06,2577.70
292,153,893,2022-07-06,2022-10-04,2401.92
293,153,687,2022-10-04,,2287.29
294,154,830,2024-08-02,2025-02-24,92220.00
295,154,47,2025-02-24,,70121.28
296,155,909,2021-08-30,,32364.00
297,156,302,2025-03-30,,22272.00
298,157,372,2025-05-09,2025-05-10,53244.00
299,157,869,2025-05-10,,
300,158,816,2022-01-20,2025-02-26,55216.00
301,158,573,2025-02-26,,26546.17
302,159,521,2024-01-16,2024-10-19,26448.00
303,159,903,2024-10-19,,18666.87
304,160,549,2015-06-22,,
305,161,818,2020-08-20,,57188.00
306,162,466,2011-06-07,2011-08-22,68556.00
307,162,128,2011-08-22,2014-08-17,61419.43
308,162,562,2014-08-17,2016-09-16,30567.92
309,162,799,2016-09-16,2023-06-20,20216.09
310,162,297,2023-06-20,,5288.54
311,163,372,2024-09-28,,33988.00
312,164,707,2025-06-26,,26216.00
313,165,879,2015-11-19,2016-05-15,28652.00
314,165,240,2016-05-15,2017-08-15,21751.25
315,165,16,2017-08-15,2019-06-09,16882.26
316,165,333,2019-06-09,,
317,166,956,2020-06-25,,36888.00
318,167,860,2021-06-25,,66700.00
319,168,363,2016-12-28,2018-07-17,34916.00
320,168,334,2018-07-17,2024-04-18,23184.30
321,168,208,2024-04-18,,7399.35
322,169,209,2025-05-05,2025-06-17,56840.00
323,169,674,2025-06-17,,52653.34
324,170,342,2013-11-09,,23664.00
325,171,90,2025-02-17,2025-02-21,21112.00
326,171,917,2025-02-21,,20947.36
327,172,266,2021-09-19,,22272.00
328,173,811,2024-05-27,2025-04-28,
329,173,759,2025-04-28,,
330,174,377,2014-02-14,,22968.00
331,175,728,2017-07-27,2018-04-02,34104.00
332,175,208,2018-04-02,,26826.43
333,176,746,2011-04-15,2017-10-02,30856.00
334,176,217,2017-10-02,2022-02-05,8090.73
335,176,596,2022-02-05,2024-07-04,3415.95
336,176,990,2024-07-04,2025-03-23,2117.69
337,176,818,2025-03-23,,1836.70
338,177,26,2021-03-11,,41528.00
339,178,107,2023-05-30,2023-08-07,27840.00
340,178,507,2023-08-07,,25557.50
341,179,516,2019-03-29,2021-09-24,
342,179,653,2021-09-24,,34899.38
343,180,340,2024-12-11,2025-03-03,25520.00
344,180,944,2025-03-03,,23879.78
345,181,658,2021-05-06,,34916.00
346,182,766,2019-12-23,,53360.00
347,183,915,2022-07-02,,51620.00
348,184,272,2010-08-06,2018-12-09,19024.00
349,184,420,2018-12-09,2021-05-03,
350,184,592,2021-05-03,,2173.88
351,185,848,2025-05-10,2025-06-30,20648.00
352,185,485,2025-06-30,,19958.53
353,186,669,2020-12-23,2021-05-13,34104.00
354,186,278,2021-05-13,2024-07-08,28189.71
355,186,114,2024-07-08,,14538.11
356,187,280,2025-05-10,2025-06-08,94888.00
357,187,617,2025-06-08,,91923.50
358,188,91,2020-06-04,2022-02-07,53244.00
359,188,267,2022-02-07,,34558.15
360,189,206,2020-10-06,,59972.00
361,190,865,2024-07-10,,25172.00
362,191,151,2021-10-04,2025-05-20,29580.00
363,191,737,2025-05-20,,11807.31
364,192,392,2024-01-09,2024-09-18,17052.00
365,192,900,2024-09-18,,
366,193,955,2013-08-20,2020-01-03,56956.00
367,193,673,2020-01-03,2022-11-08,13244.55
368,193,788,2022-11-08,,
369,194,982,2025-06-27,,
370,195,414,2017-03-07,2018-06-18,59972.00
371,195,397,2018-06-18,,38186.63
372,196,382,2015-07-17,2018-10-04,
373,196,279,2018-10-04,2019-08-20,11870.23
374,196,706,2019-08-20,2025-05-29,9975.86
375,196,441,2025-05-29,,3171.76
376,197,692,2022-01-15,,29580.00
377,198,885,2022-07-07,,
378,199,532,2016-12-04,2023-11-27,30856.00
379,199,794,2023-11-27,,6510.73
380,200,152,2023-08-21,,22968.00
381,201,321,2014-05-15,2021-08-19,24476.00
382,201,37,2021-08-19,,5148.57
383,202,379,2010-05-27,,55216.00
384,203,615,2025-06-05,2025-06-18,22272.00
385,203,672,2025-06-18,,
386,204,314,2020-08-14,2021-05-30,26796.00
387,204,206,2021-05-30,2024-05-05,19724.52
388,204,52,2024-05-05,,11022.69
389,205,376,2022-02-18,2022-07-30,
390,205,743,2022-07-30,,
391,206,18,2021-10-04,,20648.00
392,207,651,2012-02-25,,68556.00
393,208,488,2016-06-28,2020-01-04,21112.00
394,208,588,2020-01-04,,9354.69
395,209,507,2022-08-04,,66700.00
396,210,541,2016-12-21,,15196.00
397,211,674,2014-08-01,,24476.00
398,212,353,2025-06-17,,25172.00
399,213,33,2024-01-04,2024-12-24,92220.00
400,213,929,2024-12-24,,72587.84
401,214,117,2014-06-01,,55216.00
402,215,527,2022-01-22,,21112.00
403,216,240,2020-05-24,2022-12-28,
404,216,549,2022-12-28,2024-07-23,6808.02
405,216,131,2024-07-23,,4986.70
406,217,421,2022-03-23,2023-08-31,66700.00
407,217,557,2023-08-31,,44624.15
408,218,63,2022-10-08,,58928.00
409,219,513,2020-05-19,,
410,220,48,2012-03-17,2015-11-19,36888.00
411,220,528,2015-11-19,,15701.30
412,221,332,2025-03-11,,20648.00
413,222,33,2013-06-11,2015-01-24,15660.00
414,222,538,2015-01-24,,9181.47
415,223,208,2016-10-12,,24476.00
416,224,226,2022-02-15,,57188.00
417,225,732,2014-11-27,,
418,226,819,2019-11-22,2022-11-27,29580.00
419,226,690,2022-11-27,2024-12-12,
420,226,540,2024-12-12,,8581.06
421,227,593,2013-03-02,2015-02-10,15660.00
422,227,164,2015-02-10,2020-06-10,8979.80
423,227,143,2020-06-10,2024-02-15,3117.75
424,227,160,2024-02-15,,1501.30
425,228,804,2024-02-09,2024-03-12,12760.00
426,228,612,2024-03-12,,12303.55
427,229,847,2025-05-31,,
428,230,799,2011-02-24,,
429,231,833,2022-11-01,2024-04-07,29116.00
430,231,161,2024-04-07,,20270.32
431,232,14,2022-10-17,,22852.00
432,233,683,2018-08-30,2023-04-08,
433,233,11,2023-04-08,2024-03-04,20968.00
434,233,590,2024-03-04,,17516.71
435,234,119,2022-05-08,2022-12-21,22968.00
436,234,364,2022-12-21,,15701.88
437,235,208,2010-09-09,2012-11-25,19024.00
438,235,398,2012-11-25,2013-05-13,10495.09
439,235,335,2013-05-13,2023-01-24,9574.36
440,235,995,2023-01-24,,1396.64
441,236,222,2022-02-14,2023-12-11,55216.00
442,236,970,2023-12-11,,35613.63
443,237,17,2018-01-18,2018-08-08,
444,237,48,2018-08-08,,20236.64
445,238,161,2020-05-01,,
446,239,826,2020-11-28,2022-05-28,41412.00
447,239,91,2022-05-28,2022-08-03,26693.48
448,239,458,2022-08-03,,25739.30
449,240,607,2023-11-15,2025-04-24,
450,240,974,2025-04-24,,22414.01
451,241,87,2017-10-02,,24476.00
452,242,662,2025-02-04,2025-03-10,34916.00
453,242,854,2025-03-10,,33403.48
454,243,221,2015-03-03,2015-11-08,
455,243,554,2015-11-08,2017-04-23,26794.08
456,243,817,2017-04-23,2018-05-26,20067.93
457,243,533,2018-05-26,,16165.45
458,244,201,2022-06-27,,
459,245,307,2012-05-25,,
460,246,522,2013-07-28,,38860.00
461,247,64,2015-12-21,2018-10-01,21112.00
462,247,29,2018-10-01,2019-03-03,11914.07
463,247,263,2019-03-03,2024-08-02,10963.70
464,247,442,2024-08-02,,3740.95
465,248,639,2010-04-20,2016-04-11,15660.00
466,248,731,2016-04-11,2017-01-20,4138.34
467,248,181,2017-01-20,2019-02-27,3546.60
468,248,991,2019-02-27,2020-01-23,2336.64
469,248,33,2020-01-23,,1953.09
470,249,768,2019-07-22,,67860.00
471,250,964,2010-07-22,2017-06-24,19024.00
472,250,948,2017-06-24,2022-10-19,4399.43
473,250,876,2022-10-19,,
474,251,566,2025-05-31,2025-06-02,
475,251,122,2025-06-02,,33894.89
476,252,532,2019-01-04,2022-06-28,20648.00
477,252,70,2022-06-28,2025-03-11,9708.72
478,252,723,2025-03-11,,5678.90
479,253,849,2014-01-05,,57188.00
480,254,932,2019-10-19,2024-03-27,25636.00
481,254,756,2024-03-27,,9135.73
482,255,397,2022-11-22,,64844.00
483,256,214,2024-10-09,,24708.00
484,257,722,2020-07-18,,38164.00
485,258,557,2017-10-24,2018-02-11,32364.00
486,258,966,2018-02-11,2019-07-27,26621.51
487,258,123,2019-07-27,,18036.85
488,259,303,2025-02-14,2025-05-19,64844.00
489,259,7,2025-05-19,,
490,260,620,2014-04-04,2018-08-21,27144.00
491,260,690,2018-08-21,,
492,261,510,2015-08-01,2017-09-25,18792.00
493,261,77,2017-09-25,2019-10-15,10957.54
494,261,980,2019-10-15,2023-12-14,7290.19
495,261,960,2023-12-14,,3190.33
496,262,602,2022-05-14,,22852.00
497,263,353,2018-08-22,,22968.00
498,264,92,2022-07-01,2024-04-03,
499,264,767,2024-04-03,,19080.43
500,265,260,2018-12-18,2021-04-19,26796.00
501,265,220,2021-04-19,2022-07-20,15625.90
502,265,623,2022-07-20,,
503,266,240,2018-03-01,,67860.00
504,267,868,2025-05-26,2025-05-30,25172.00
505,267,419,2025-05-30,,25046.52
506,268,928,2015-12-06,2016-10-08,
507,268,950,2016-10-08,,29511.53
508,269,246,2010-04-16,2015-03-08,22272.00
509,269,963,2015-03-08,2015-06-07,6854.32
510,269,455,2015-06-07,2017-02-10,6523.66
511,269,542,2017-02-10,2023-07-26,4673.14
512,269,841,2023-07-26,,1298.49
513,270,211,2017-01-20,2023-07-23,53244.00
514,270,684,2023-07-23,,13679.11
515,271,842,2012-07-29,2013-12-15,27144.00
516,271,367,2013-12-15,2016-06-29,19563.98
517,271,569,2016-06-29,2021-10-29,
518,271,28,2021-10-29,,4102.58
519,272,714,2023-06-30,2023-10-16,57768.00
520,272,215,2023-10-16,,49688.00
521,273,852,2013-09-30,,55216.00
522,274,980,2017-12-09,,27840.00
523,275,31,2018-11-08,2022-12-18,
524,275,640,2022-12-18,2024-08-19,5500.63
525,275,461,2024-08-19,,
526,276,442,2020-09-14,2021-04-25,25636.00
527,276,220,2021-04-25,2022-04-12,20572.50
528,276,422,2022-04-12,,16991.40
529,277,633,2013-01-24,2022-04-29,19024.00
530,277,223,2022-04-29,,2577.22
531,278,95,2021-02-25,,31204.00
532,279,861,2018-07-25,2021-08-19,
533,279,239,2021-08-19,2024-05-25,13785.37
534,279,662,2024-05-25,,
535,280,746,2025-05-14,2025-05-16,
536,280,96,2025-05-16,,56719.10
537,281,497,2013-04-18,,
538,282,981,2012-05-27,,27028.00
539,283,448,2017-06-23,2020-10-27,53244.00
540,283,953,2020-10-27,,24947.68
541,284,447,2016-12-27,,21112.00
542,285,552,2022-09-13,,29000.00
543,286,134,2018-01-15,2020-05-24,41528.00
544,286,584,2020-05-24,2023-02-19,21771.72
545,286,897,2023-02-19,,12638.38
546,287,73,2023-04-15,2025-04-10,92220.00
547,287,206,2025-04-10,,49999.32
548,288,776,2024-03-23,,
549,289,124,2017-10-12,2024-12-16,
550,289,877,2024-12-16,,11663.01
551,290,851,2018-09-09,2020-01-06,21112.00
552,290,885,2020-01-06,2021-02-10,13700.32
553,290,596,2021-02-10,,11018.11
554,291,625,2024-01-25,,12760.00
555,292,368,2017-11-08,,26448.00
556,293,297,2019-05-03,2019-09-15,53244.00
557,293,606,2019-09-15,2020-09-26,42015.80
558,293,291,2020-09-26,,
559,294,151,2017-01-12,2021-06-21,
560,294,805,2021-06-21,2024-03-20,23154.18
561,294,690,2024-03-20,,13426.31
562,295,304,2019-10-27,,
563,296,906,2020-06-14,,32364.00
564,297,993,2012-04-21,2013-03-30,27028.00
565,297,424,2013-03-30,2018-09-21,20777.28
566,297,571,2018-09-21,,7005.18
567,298,371,2021-12-07,2022-11-22,22968.00
568,298,324,2022-11-22,,16251.29
569,299,34,2024-04-01,2024-05-04,20648.00
570,299,497,2024-05-04,,19843.03
571,300,302,2014-11-08,2016-10-07,68556.00
572,300,802,2016-10-07,2019-03-16,41281.45
573,300,870,2019-03-16,2024-06-07,
574,300,389,2024-06-07,,
575,301,772,2024-05-30,,22968.00
576,302,159,2016-05-15,2018-07-03,
577,302,855,2018-07-03,,
578,303,611,2015-04-05,2022-10-12,
579,303,640,2022-10-12,2023-03-14,12151.84
580,303,204,2023-03-14,2023-10-23,11182.51
581,303,114,2023-10-23,,
582,304,736,2021-04-04,2022-12-27,18444.00
583,304,494,2022-12-27,,11426.19
584,305,378,2015-11-12,2020-07-26,25520.00
585,305,984,2020-07-26,,8368.70
586,306,861,2020-04-22,2020-07-09,41412.00
587,306,149,2020-07-09,,
588,307,314,2025-05-23,2025-06-21,58928.00
589,307,993,2025-06-21,,
590,308,467,2020-08-11,2024-02-09,29000.00
591,308,655,2024-02-09,,12542.06
592,309,500,2024-03-04,,29000.00
593,310,901,2024-09-09,,67860.00
594,311,479,2024-05-26,,34916.00
595,312,775,2019-11-10,2024-09-22,41412.00
596,312,172,2024-09-22,,13670.13
597,313,968,2016-09-29,,26796.00
598,314,669,2017-12-12,2024-11-21,21112.00
599,314,304,2024-11-21,,4750.29
600,315,338,2024-04-13,,24708.00
601,316,460,2025-01-18,,
602,317,506,2022-06-14,,33988.00
603,318,353,2022-04-27,2024-03-27,13804.00
604,318,235,2024-03-27,,8429.81
605,319,901,2023-01-06,,18444.00
606,320,859,2019-07-27,2024-11-26,
607,320,909,2024-11-26,,6042.07
608,321,859,2016-12-13,,27028.00
609,322,74,2011-08-25,2018-12-30,27144.00
610,322,510,2018-12-30,,5467.84
611,323,802,2016-09-28,,25520.00
612,324,293,2020-02-15,,18444.00
613,325,305,2024-09-29,2024-10-13,
614,325,609,2024-10-13,,
615,326,288,2018-08-24,2020-12-15,53360.00
616,326,730,2020-12-15,,28589.60
617,327,795,2025-06-21,,26448.00
618,328,416,2022-12-02,2023-01-14,30276.00
619,328,594,2023-01-14,,
620,329,373,2025-02-05,2025-06-13,54636.00
621,329,958,2025-06-13,,
622,330,359,2015-07-27,2018-03-24,24476.00
623,330,846,2018-03-24,,13662.94
624,331,438,2025-01-13,,17400.00
625,332,206,2022-02-19,2025-03-30,56840.00
626,332,776,2025-03-30,,
627,333,806,2014-01-11,2020-11-16,18792.00
628,333,969,2020-11-16,,4446.36
629,334,682,2025-06-09,,21112.00
630,335,806,2021-05-28,,18444.00
631,336,872,2022-11-14,,
632,337,334,2010-10-14,2021-04-02,55216.00
633,337,205,2021-04-02,2022-11-01,6186.78
634,337,986,2022-11-01,,4519.36
635,338,225,2018-04-24,,32364.00
636,339,968,2020-11-27,2024-04-07,59972.00
637,339,404,2024-04-07,2025-02-04,24274.48
638,339,365,2025-02-04,,20589.82
639,340,914,2019-11-03,2021-04-28,31204.00
640,340,873,2021-04-28,2022-07-05,21202.20
641,340,622,2022-07-05,,16757.45
642,341,156,2023-11-06,,92220.00
643,342,86,2022-12-27,,22968.00
644,343,786,2014-07-14,,
645,344,6,2025-05-27,2025-06-02,38164.00
646,344,811,2025-06-02,,37881.99
647,345,197,2016-01-27,,17284.00
648,346,169,2021-03-01,2024-09-01,31204.00
649,346,320,2024-09-01,,12695.53
650,347,23,2016-08-18,2016-10-17,51620.00
651,347,179,2016-10-17,,49096.50
652,348,273,2012-05-01,2016-10-04,25520.00
653,348,601,2016-10-04,2018-10-28,8211.36
654,348,806,2018-10-28,2019-09-15,5451.27
655,348,436,2019-09-15,,
656,349,603,2022-05-08,2024-09-18,
657,349,801,2024-09-18,,27767.16
658,350,799,2017-04-17,2017-05-19,26796.00
659,350,613,2017-05-19,,25854.67
660,351,801,2023-05-17,2025-01-19,17400.00
661,351,916,2025-01-19,,11254.41
662,352,603,2022-11-26,,92220.00
663,353,164,2021-11-02,,20300.00
664,354,723,2015-12-09,2020-12-19,27144.00
665,354,124,2020-12-19,,8895.86
666,355,440,2025-03-24,2025-06-17,56840.00
667,355,743,2025-06-17,,52204.04
668,356,682,2017-12-01,2018-07-04,41412.00
669,356,25,2018-07-04,,33890.93
670,357,391,2018-09-05,,59160.00
671,358,430,2024-09-22,,33988.00
672,359,263,2020-03-26,2022-05-25,41528.00
673,359,983,2022-05-25,,
674,360,734,2020-05-28,,
675,361,690,2019-09-30,,
676,362,662,2015-04-05,2015-05-22,41528.00
677,362,334,2015-05-22,2018-12-05,38515.53
678,362,264,2018-12-05,2020-04-14,16267.42
679,362,344,2020-04-14,,12424.54
680,363,398,2016-03-11,2022-09-28,15196.00
681,363,586,2022-09-28,2025-02-16,3335.83
682,363,899,2025-02-16,,2077.03
683,364,172,2023-12-13,2025-02-11,17052.00
684,364,586,2025-02-11,,11050.91
685,365,869,2021-02-21,2022-10-29,92220.00
686,365,818,2022-10-29,,
687,366,995,2021-03-15,,
688,367,82,2016-10-20,,34916.00
689,368,235,2025-04-06,2025-04-20,56840.00
690,368,461,2025-04-20,,56025.44
691,369,91,2018-12-29,2019-12-02,31204.00
692,369,189,2019-12-02,,
693,370,632,2015-07-25,2024-05-19,24476.00
694,370,120,2024-05-19,,3707.82
695,371,195,2016-04-19,,67860.00
696,372,926,2025-02-24,2025-06-15,17400.00
697,372,442,2025-06-15,,15271.61
698,373,923,2019-02-08,2021-12-02,25520.00
699,373,684,2021-12-02,2022-09-05,
700,373,978,2022-09-05,,
701,374,94,2019-12-05,2021-04-07,31204.00
702,374,55,2021-04-07,2021-04-18,19559.24
703,374,240,2021-04-18,,
704,375,938,2020-07-22,,92220.00
705,376,556,2021-06-25,2022-11-23,
706,376,61,2022-11-23,,15666.71
707,377,261,2024-11-02,2025-05-29,54636.00
708,377,622,2025-05-29,,47801.26
709,378,299,2015-08-28,2023-04-10,27840.00
710,378,288,2023-04-10,2024-08-18,
711,378,697,2024-08-18,,3740.13
712,379,509,2022-03-28,2023-10-02,
713,379,823,2023-10-02,,43341.10
714,380,385,2023-01-03,,15196.00
715,381,966,2025-04-05,,17400.00
716,382,588,2022-01-29,,53244.00
717,383,732,2025-02-12,2025-04-02,20300.00
718,383,977,2025-04-02,,19448.39
719,384,581,2013-12-01,2017-08-25,56956.00
720,384,90,2017-08-25,,22900.51
721,385,447,2025-06-02,,94888.00
722,386,758,2023-08-13,2025-03-08,56840.00
723,386,442,2025-03-08,,39798.67
724,387,852,2025-05-12,2025-06-29,22852.00
725,387,105,2025-06-29,,21259.67
726,388,776,2018-09-16,,23664.00
727,389,70,2025-05-11,,
728,390,532,2025-01-29,2025-03-08,12760.00
729,390,76,2025-03-08,,
730,391,483,2016-02-17,2017-10-30,24476.00
731,391,377,2017-10-30,2020-05-05,15319.41
732,391,354,2020-05-05,,9303.05
733,392,53,2018-01-24,2018-11-08,41412.00
734,392,719,2018-11-08,,31221.64
735,393,290,2024-03-23,,
736,394,370,2025-05-05,2025-06-17,58928.00
737,394,566,2025-06-17,,53977.02
738,395,913,2020-05-22,2024-08-30,38164.00
739,395,692,2024-08-30,2025-02-16,14726.99
740,395,478,2025-02-16,,13427.64
741,396,679,2022-01-27,2022-12-04,65888.00
742,396,23,2022-12-04,,50264.74
743,397,317,2021-08-18,2022-05-17,26448.00
744,397,736,2022-05-17,,19161.32
745,398,263,2021-06-03,2024-06-09,36772.00
746,398,196,2024-06-09,,17129.12
747,399,457,2021-04-04,2023-08-09,31204.00
748,399,595,2023-08-09,,18326.32
749,400,20,2012-10-09,2016-10-31,19024.00
750,400,302,2016-10-31,2019-06-18,7960.98
751,400,671,2019-06-18,,4725.42
752,401,659,2022-10-04,,92220.00
753,402,173,2019-06-11,2024-03-31,20648.00
754,402,295,2024-03-31,,7130.68
755,403,992,2020-02-04,2024-05-08,30276.00
756,403,182,2024-05-08,2024-09-21,11561.42
757,403,791,2024-09-21,,10737.91
758,404,132,2015-09-24,2016-11-25,15660.00
759,404,910,2016-11-25,2021-06-13,10725.16
760,404,511,2021-06-13,2024-07-13,4349.75
761,404,77,2024-07-13,,2359.22
762,405,479,2015-07-10,2022-01-09,27840.00
763,405,898,2022-01-09,,6682.31
764,406,69,2020-01-15,2022-09-25,67860.00
765,406,683,2022-09-25,,33938.89
766,407,82,2023-11-12,2024-02-06,18792.00
767,407,614,2024-02-06,,16555.83
768,408,174,2023-10-06,2025-02-23,56840.00
769,408,220,2025-02-23,,38195.07
770,409,67,2016-01-31,2020-04-11,27028.00
771,409,114,2020-04-11,,
772,410,699,2025-05-14,2025-06-27,34916.00
773,410,506,2025-06-27,,33131.92
774,411,541,2020-10-10,2020-10-17,
775,411,350,2020-10-17,2021-05-15,67232.18
776,411,988,2021-05-15,,51664.51
777,412,849,2010-05-23,2014-03-06,30856.00
778,412,528,2014-03-06,2018-05-27,12098.37
779,412,600,2018-05-27,,5231.58
780,413,781,2018-04-30,2023-10-14,
781,413,217,2023-10-14,,15192.21
782,414,278,2012-11-12,2018-02-18,30856.00
783,414,628,2018-02-18,2021-09-14,9333.24
784,414,69,2021-09-14,2024-09-26,4595.52
785,414,265,2024-09-26,,2517.01
786,415,632,2023-02-05,,59972.00
787,416,787,2019-01-29,2019-02-07,
788,416,892,2019-02-07,2025-03-04,21969.52
789,416,611,2025-03-04,,
790,417,520,2019-05-25,,59972.00
791,418,364,2024-11-09,2025-04-28,17400.00
792,418,683,2025-04-28,,14016.97
793,419,188,2020-09-11,2021-06-06,54636.00
794,419,499,2021-06-06,2025-05-04,41096.81
795,419,138,2025-05-04,,18916.83
796,420,691,2012-07-15,2021-10-07,24476.00
797,420,545,2021-10-07,,3334.86
798,421,905,2023-07-01,,41528.00
799,422,596,2023-01-28,2025-01-08,
800,422,119,2025-01-08,,38662.69
801,423,190,2018-10-20,,56956.00
802,424,54,2021-03-26,,66700.00
803,425,538,2023-07-03,2024-12-02,26216.00
804,425,729,2024-12-02,,16847.50
805,426,825,2015-09-26,2018-10-07,23664.00
806,426,85,2018-10-07,2023-06-22,11666.84
807,426,755,2023-06-22,2025-01-21,4584.89
808,426,571,2025-01-21,,3347.38
809,427,378,2018-01-21,2018-09-27,14036.00
810,427,583,2018-09-27,,10706.77
811,428,190,2024-06-03,2025-06-21,92220.00
812,428,359,2025-06-21,,61437.41
813,429,716,2025-06-21,2025-06-29,38164.00
814,429,819,2025-06-29,,37933.25
815,430,128,2024-09-08,,34104.00
816,431,908,2012-05-29,2017-01-15,25520.00
817,431,996,2017-01-15,,
818,432,989,2025-06-11,,58928.00
819,433,326,2025-05-14,2025-06-06,22272.00
820,433,501,2025-06-06,,
821,434,832,2025-06-01,,33988.00
822,435,631,2015-10-17,2016-12-31,51620.00
823,435,177,2016-12-31,2019-07-09,34477.88
824,435,613,2019-07-09,,20914.77
825,436,628,2016-10-29,2019-07-27,26796.00
826,436,480,2019-07-27,2024-08-21,13764.82
827,436,688,2024-08-21,,
828,437,903,2021-08-19,2024-02-06,31204.00
829,437,68,2024-02-06,,
830,438,998,2014-11-13,2023-02-07,22968.00
831,438,610,2023-02-07,2023-06-08,3929.86
832,438,82,2023-06-08,,3679.80
833,439,324,2023-08-14,,13804.00
834,440,8,2010-05-20,2011-06-18,19024.00
835,440,719,2011-06-18,2014-09-01,13689.28
836,440,386,2014-09-01,2020-11-14,7245.45
837,440,239,2020-11-14,2023-01-28,2115.28
838,440,465,2023-01-28,,1365.89
839,441,111,2024-12-28,2025-04-02,56840.00
840,441,557,2025-04-02,,
841,442,953,2022-10-25,2025-01-30,13804.00
842,442,959,2025-01-30,,7724.71
843,443,549,2019-10-23,,41412.00
844,444,455,2023-09-16,2023-10-14,20648.00
845,444,25,2023-10-14,,20003.81
846,445,15,2019-02-18,2020-05-25,57188.00
847,445,470,2020-05-25,2021-06-03,
848,445,331,2021-06-03,,
849,446,393,2024-11-01,2025-06-17,67860.00
850,446,960,2025-06-17,,52461.26
851,447,168,2014-03-05,,24476.00
852,448,671,2018-03-10,2020-02-16,27840.00
853,448,825,2020-02-16,2020-12-15,18562.72
854,448,603,2020-12-15,,15745.05
855,449,266,2013-04-17,2014-04-06,55216.00
856,449,272,2014-04-06,2017-10-06,
857,449,724,2017-10-06,,19640.84
858,450,979,2015-11-27,2019-06-10,54636.00
859,450,192,2019-06-10,2019-09-27,
860,450,339,2019-09-27,,23118.13
861,451,129,2020-12-19,,29000.00
862,452,410,2019-03-21,2020-02-26,22968.00
863,452,503,2020-02-26,2021-12-21,17861.30
864,452,434,2021-12-21,,12451.73
865,453,862,2021-03-12,2023-04-01,12760.00
866,453,811,2023-04-01,,7451.84
867,454,574,2025-03-23,2025-06-18,65888.00
868,454,809,2025-06-18,,58713.38
869,455,711,2023-08-05,2024-02-09,53244.00
870,455,377,2024-02-09,,39995.07
871,456,420,2017-10-28,,34104.00
872,457,324,2024-05-21,,56840.00
873,458,763,2022-01-24,2023-02-23,25172.00
874,458,248,2023-02-23,,15606.11
875,459,869,2021-09-02,2023-10-09,53360.00
876,459,692,2023-10-09,,30274.80
877,460,659,2012-03-14,2023-03-22,19024.00
878,460,484,2023-03-22,2023-05-05,1742.61
879,460,828,2023-05-05,,1701.44
880,461,164,2022-01-16,,53360.00
881,462,413,2021-07-18,2025-06-03,28652.00
882,462,271,2025-06-03,,11751.01
883,463,979,2017-02-25,2019-10-14,23664.00
884,463,181,2019-10-14,2020-07-26,12357.03
885,463,782,2020-07-26,,10578.61
886,464,453,2016-10-01,2017-03-19,
887,464,534,2017-03-19,2019-09-21,33694.96
888,464,669,2019-09-21,,20279.01
889,465,735,2019-12-24,2023-12-02,29000.00
890,465,701,2023-12-02,,11784.35
891,466,617,2023-10-22,,66700.00
892,467,586,2022-09-17,,
893,468,406,2022-03-18,,30276.00
894,469,61,2019-10-13,,57188.00
895,470,910,2015-11-09,2018-03-03,
896,470,356,2018-03-03,2019-07-19,
897,470,890,2019-07-19,2025-06-19,6135.90
898,470,352,2025-06-19,,
899,471,148,2020-10-28,,20648.00
900,472,78,2015-04-13,2018-02-04,53244.00
901,472,751,2018-02-04,2021-08-31,26452.21
902,472,643,2021-08-31,,13024.55
903,473,961,2013-09-01,2017-04-09,22968.00
904,473,107,2017-04-09,,9383.02
905,474,717,2023-12-21,,34916.00
906,475,476,2023-10-10,,94888.00
907,476,333,2021-02-10,,26216.00
908,477,597,2015-06-20,2020-02-25,
909,477,395,2020-02-25,,
910,478,684,2024-09-01,2025-03-20,54636.00
911,478,282,2025-03-20,,35934.90
912,479,734,2017-01-08,2021-05-08,32364.00
913,479,160,2021-05-08,,12106.00
914,480,442,2020-10-07,,57188.00
915,481,863,2018-01-31,2018-02-01,26216.00
916,481,221,2018-02-01,2023-01-15,26184.63
917,481,948,2023-01-15,,8634.19
918,482,219,2019-12-11,2022-12-24,53360.00
919,482,377,2022-12-24,,22876.32
920,483,433,2023-05-03,2025-01-19,29000.00
921,483,152,2025-01-19,,17715.67
922,484,478,2012-05-05,2022-12-04,55216.00
923,484,982,2022-12-04,2025-04-22,6312.27
924,484,966,2025-04-22,2025-06-16,3934.56
925,484,284,2025-06-16,,3818.72
926,485,467,2024-12-07,,22852.00
927,486,518,2020-09-13,,92220.00
928,487,520,2025-04-01,2025-06-28,12760.00
929,487,561,2025-06-28,,12044.70
930,488,486,2024-02-02,2024-11-15,
931,488,730,2024-11-15,,18486.12
932,489,933,2024-05-10,2024-10-28,15196.00
933,489,627,2024-10-28,,12669.47
934,490,579,2017-03-30,,
935,491,482,2018-09-14,,26796.00
936,492,228,2024-07-05,,23664.00
937,493,663,2015-05-10,2015-11-21,59160.00
938,493,392,2015-11-21,,51101.62
939,494,752,2024-03-11,2024-05-10,
940,494,177,2024-05-10,,80450.37
941,495,889,2021-09-22,,25636.00
942,496,668,2011-09-03,2018-10-10,27144.00
943,496,114,2018-10-10,2019-05-05,
944,496,929,2019-05-05,2023-04-25,5261.52
945,496,209,2023-04-25,,
946,497,494,2021-08-23,,34916.00
947,498,185,2020-01-03,2024-09-09,30276.00
948,498,880,2024-09-09,,9495.91
949,499,969,2019-06-09,2021-08-18,26796.00
950,499,704,2021-08-18,2022-08-19,13943.30
951,499,746,2022-08-19,,11428.81
952,500,200,2019-02-14,,24476.00
953,501,649,2020-08-23,2024-07-03,54636.00
954,501,45,2024-07-03,,
955,502,215,2023-04-07,,25172.00
956,503,453,2022-09-15,,27840.00
957,504,705,2016-11-05,,22272.00
958,505,913,2017-10-09,2019-04-01,41528.00
959,505,270,2019-04-01,2025-06-17,26867.01
960,505,387,2025-06-17,,7830.93
961,506,119,2022-08-11,,
962,507,220,2022-12-17,2024-04-26,25172.00
963,507,880,2024-04-26,,
964,508,745,2018-01-06,2019-05-24,59160.00
965,508,799,2019-05-24,,
966,509,453,2019-02-08,,31204.00
967,510,996,2020-10-18,2025-04-10,51620.00
968,510,215,2025-04-10,2025-04-26,
969,510,25,2025-04-26,,18460.95
970,511,164,2019-09-09,2020-02-19,31204.00
971,511,905,2020-02-19,,24681.97
972,512,916,2015-03-28,,41412.00
973,513,684,2021-01-30,2021-05-22,65888.00
974,513,720,2021-05-22,,57721.09
975,514,622,2020-08-05,2021-10-18,25636.00
976,514,744,2021-10-18,,16486.55
977,515,530,2023-07-04,2023-07-09,22852.00
978,515,330,2023-07-09,,22724.34
979,516,855,2024-11-26,,25636.00
980,517,585,2019-08-18,2022-09-13,29000.00
981,517,34,2022-09-13,2022-09-19,14669.36
982,517,878,2022-09-19,,
983,518,263,2013-09-14,,27028.00
984,519,201,2023-02-03,,17400.00
985,520,145,2020-01-10,,36888.00
986,521,587,2020-02-15,2020-10-21,13804.00
987,521,211,2020-10-21,2022-01-01,9847.27
988,521,379,2022-01-01,,7765.98
989,522,231,2013-05-09,,68556.00
990,523,462,2020-09-21,,20300.00
991,524,536,2025-02-26,2025-06-18,25636.00
992,524,866,2025-06-18,,21823.99
993,525,616,2022-03-13,,17400.00
994,526,602,2022-07-20,,26448.00
995,527,737,2017-04-29,2017-09-13,14036.00
996,527,95,2017-09-13,,11494.81
997,528,178,2014-11-05,,17284.00
998,529,119,2013-07-09,2024-08-28,57188.00
999,529,911,2024-08-28,,
1000,530,669,2019-12-25,2025-05-10,26796.00
1001,530,301,2025-05-10,,8246.92
1002,531,580,2018-06-04,2018-11-11,31204.00
1003,531,3,2018-11-11,,24818.68
1004,532,447,2024-04-27,,55216.00
1005,533,662,2025-06-24,,22852.00
1006,534,667,2023-04-21,,
1007,535,647,2021-01-25,2024-05-15,24708.00
1008,535,592,2024-05-15,,11283.56
1009,536,735,2024-01-01,2024-09-24,25172.00
1010,536,889,2024-09-24,,
1011,537,351,2010-03-28,2014-12-20,19024.00
1012,537,935,2014-12-20,,6159.58
1013,538,657,2014-12-10,2016-08-30,15660.00
1014,538,963,2016-08-30,2017-08-12,9319.65
1015,538,788,2017-08-12,2021-03-08,7718.23
1016,538,150,2021-03-08,,3800.32
1017,539,437,2022-11-02,,20300.00
1018,540,471,2017-01-08,,
1019,541,135,2015-09-23,2023-06-12,27144.00
1020,541,439,2023-06-12,2024-12-26,5008.01
1021,541,635,2024-12-26,,3688.22
1022,542,641,2015-12-01,2025-03-11,
1023,542,125,2025-03-11,,3678.52
1024,543,139,2023-01-17,2024-04-19,58928.00
1025,543,592,2024-04-19,,43401.99
1026,544,763,2025-01-13,,65888.00
1027,545,472,2020-09-11,2022-06-05,66700.00
1028,545,345,2022-06-05,,39585.61
1029,546,804,2020-01-19,2024-12-06,22968.00
1030,546,694,2024-12-06,,7864.86
1031,547,152,2013-02-02,,
1032,548,556,2019-07-20,,26796.00
1033,549,116,2021-05-05,2022-08-21,15196.00
1034,549,200,2022-08-21,,9980.65
1035,550,925,2020-11-04,,66700.00
1036,551,830,2023-01-05,2023-05-15,57768.00
1037,551,748,2023-05-15,,53046.39
1038,552,911,2018-09-26,2022-03-27,34916.00
1039,552,936,2022-03-27,2025-03-10,15869.36
1040,552,128,2025-03-10,,8829.84
1041,553,228,2012-09-28,2014-10-08,30856.00
1042,553,260,2014-10-08,2023-08-03,18352.63
1043,553,370,2023-08-03,2023-10-23,3189.01
1044,553,587,2023-10-23,,
1045,554,672,2024-09-01,,25172.00
1046,555,467,2024-09-20,2024-09-21,51620.00
1047,555,698,2024-09-21,,51551.90
1048,556,883,2020-05-31,,18444.00
1049,557,730,2021-08-29,,
1050,558,910,2025-06-07,,17052.00
1051,559,195,2025-06-13,2025-06-24,24708.00
1052,559,404,2025-06-24,,24291.76
1053,560,732,2011-10-01,2019-02-25,15660.00
1054,560,434,2019-02-25,2019-04-08,2835.43
1055,560,106,2019-04-08,,2771.46
1056,561,415,2021-07-17,2025-03-01,57768.00
1057,561,765,2025-03-01,,23928.39
1058,562,766,2023-11-09,2024-12-18,26448.00
1059,562,216,2024-12-18,,20037.50
1060,563,287,2022-02-23,2024-03-20,33988.00
1061,563,760,2024-03-20,,21120.43
1062,564,845,2015-06-05,2024-12-11,24476.00
1063,564,380,2024-12-11,,3106.43
1064,565,622,2015-08-04,2021-12-10,
1065,565,263,2021-12-10,2022-03-10,8483.76
1066,565,363,2022-03-10,,8078.89
1067,566,511,2021-06-25,2024-12-23,
1068,566,205,2024-12-23,,
1069,567,85,2021-10-17,,18444.00
1070,568,248,2024-12-16,,66700.00
1071,569,580,2018-02-09,2021-03-12,23664.00
1072,569,418,2021-03-12,2025-02-05,11027.70
1073,569,112,2025-02-05,,5081.57
1074,570,543,2024-01-27,,
1075,571,346,2011-05-25,2019-03-12,68556.00
1076,571,460,2019-03-12,,
1077,572,490,2018-04-06,,67860.00
1078,573,724,2014-12-30,2021-12-24,
1079,573,128,2021-12-24,,5106.11
1080,574,320,2023-06-05,,
1081,575,562,2023-10-04,2025-05-29,92220.00
1082,575,595,2025-05-29,,56172.94
1083,576,530,2025-01-28,2025-03-09,17400.00
1084,576,424,2025-03-09,,16560.07
1085,577,225,2025-01-22,,67860.00
1086,578,266,2017-04-13,2021-10-23,15196.00
1087,578,757,2021-10-23,,5747.36
1088,579,405,2014-12-11,2015-06-18,51620.00
1089,579,432,2015-06-18,,35408.03
1090,580,400,2020-07-20,,26796.00
1091,581,900,2010-02-10,2018-07-06,19024.00
1092,581,484,2018-07-06,2024-06-18,3303.00
1093,581,197,2024-06-18,2024-12-13,
1094,581,958,2024-12-13,,
1095,582,205,2022-04-26,,59972.00
1096,583,314,2022-02-19,,59972.00
1097,584,708,2015-05-10,2019-05-12,38860.00
1098,584,376,2019-05-12,,15276.91
1099,585,954,2023-05-11,2024-03-16,17052.00
1100,585,861,2024-03-16,,13834.79
1101,586,912,2019-06-21,,31204.00
1102,587,366,2021-06-01,,59160.00
1103,588,444,2023-11-15,,58928.00
1104,589,864,2015-01-16,,
1105,590,786,2015-10-21,2018-04-22,22272.00
1106,590,654,2018-04-22,,11309.59
1107,591,268,2024-06-01,2025-01-04,
1108,591,727,2025-01-04,,18456.51
1109,592,447,2024-08-03,2024-12-30,65888.00
1110,592,201,2024-12-30,,
1111,593,677,2012-07-30,2012-10-21,55216.00
1112,593,807,2012-10-21,2014-09-21,49747.33
1113,593,594,2014-09-21,2020-01-14,31518.81
1114,593,871,2020-01-14,,10978.95
1115,594,290,2018-07-16,2023-06-26,
1116,594,268,2023-06-26,,9802.43
1117,595,239,2025-06-29,,53244.00
1118,596,937,2021-01-15,,20300.00
1119,597,874,2020-10-15,2020-10-16,28652.00
1120,597,36,2020-10-16,2022-04-05,
1121,597,735,2022-04-05,,18234.42
1122,598,873,2022-11-17,2024-05-09,94888.00
1123,598,852,2024-05-09,,63225.08
1124,599,147,2016-10-15,2023-01-17,34916.00
1125,599,175,2023-01-17,,9279.59
1126,600,113,2020-03-07,2020-06-02,41412.00
1127,600,31,2020-06-02,,38166.60
1128,601,23,2024-08-07,2025-05-16,34916.00
1129,601,101,2025-05-16,,24568.60
1130,602,426,2011-03-08,2021-02-23,51620.00
1131,602,352,2021-02-23,,5982.78
1132,603,180,2024-08-24,,
1133,604,9,2017-04-29,2018-07-21,27840.00
1134,604,735,2018-07-21,2020-05-27,
1135,604,200,2020-05-27,,12564.03
1136,605,818,2018-03-07,2021-01-28,26216.00
1137,605,970,2021-01-28,,13744.70
1138,606,296,2019-02-11,2020-11-24,66700.00
1139,606,132,2020-11-24,2023-05-21,42075.97
1140,606,183,2023-05-21,,
1141,607,931,2019-03-10,2019-04-03,21112.00
1142,607,405,2019-04-03,2024-10-15,20426.72
1143,607,957,2024-10-15,,5901.51
1144,608,707,2025-06-03,,53360.00
1145,609,210,2024-06-13,,29000.00
1146,610,283,2023-11-02,,
1147,611,100,2015-10-19,2017-12-08,24476.00
1148,611,973,2017-12-08,,14360.46
1149,612,492,2014-01-31,2016-09-13,34916.00
1150,612,160,2016-09-13,2020-01-18,16870.58
1151,612,585,2020-01-18,,8685.21
1152,613,626,2018-06-24,2020-10-08,26216.00
1153,613,529,2020-10-08,2021-01-22,15768.13
1154,613,924,2021-01-22,,
1155,614,646,2014-06-10,2018-10-09,67860.00
1156,614,363,2018-10-09,2019-02-03,23054.66
1157,614,731,2019-02-03,2022-11-10,21634.71
1158,614,725,2022-11-10,,10243.86
1159,615,361,2011-08-20,2017-06-11,15660.00
1160,615,126,2017-06-11,2020-11-14,4284.34
1161,615,597,2020-11-14,,2169.98
1162,616,429,2024-09-13,2025-05-18,29000.00
1163,616,816,2025-05-18,,22299.14
1164,617,420,2024-10-08,2025-01-10,58928.00
1165,617,736,2025-01-10,,50854.22
1166,618,1000,2015-03-05,2015-06-14,51620.00
1167,618,661,2015-06-14,2019-02-23,
1168,618,574,2019-02-23,,20291.46
1169,619,422,2018-09-11,2021-08-22,
1170,619,146,2021-08-22,2024-06-10,28172.43
1171,619,421,2024-06-10,,16159.64
1172,620,268,2021-01-04,,34916.00
1173,621,27,2015-10-05,,21112.00
1174,622,677,2021-07-22,,34104.00
1175,623,264,2021-01-25,,59972.00
1176,624,291,2022-01-04,,38164.00
1177,625,991,2021-10-21,2022-04-05,31204.00
1178,625,223,2022-04-05,,27429.11
1179,626,224,2016-10-05,2016-12-09,28652.00
1180,626,153,2016-12-09,2017-07-27,25678.57
1181,626,747,2017-07-27,,19500.45
1182,627,799,2019-08-18,2024-07-04,57188.00
1183,627,211,2024-07-04,,19307.54
1184,628,271,2021-09-13,2023-03-22,53244.00
1185,628,92,2023-03-22,,31397.49
1186,629,936,2017-03-21,2018-09-20,31204.00
1187,629,974,2018-09-20,,
1188,630,961,2023-08-20,,
1189,631,719,2017-09-02,,14036.00
1190,632,736,2023-03-15,,53244.00
1191,633,323,2020-02-13,2022-01-29,
1192,633,68,2022-01-29,,15499.34
1193,634,857,2025-04-12,2025-06-01,
1194,634,950,2025-06-01,,21065.20
1195,635,246,2022-10-30,,18444.00
1196,636,34,2014-04-11,,27144.00
1197,637,549,2011-04-02,,
1198,638,707,2018-03-05,2023-05-01,59160.00
1199,638,511,2023-05-01,2025-03-08,16132.70
1200,638,371,2025-03-08,,11167.58
1201,639,20,2020-08-05,,
1202,640,214,2014-11-18,2015-06-06,53244.00
1203,640,321,2015-06-06,2019-04-01,42007.11
1204,640,663,2019-04-01,2023-01-12,19685.36
1205,640,335,2023-01-12,,9290.52
1206,641,403,2017-12-09,2020-12-04,34916.00
1207,641,127,2020-12-04,2023-12-02,
1208,641,93,2023-12-02,,
1209,642,595,2025-06-10,,38164.00
1210,643,69,2022-01-10,2025-05-17,59972.00
1211,643,412,2025-05-17,,28758.83
1212,644,469,2014-10-20,2015-05-14,27144.00
1213,644,139,2015-05-14,2022-10-17,21211.03
1214,644,545,2022-10-17,2024-04-05,4857.19
1215,644,226,2024-04-05,,3630.01
1216,645,836,2013-09-11,2014-04-05,30856.00
1217,645,813,2014-04-05,,21511.81
1218,646,509,2022-09-18,2024-07-28,38164.00
1219,646,854,2024-07-28,,
1220,647,380,2018-07-17,2021-05-28,22272.00
1221,647,438,2021-05-28,2023-10-05,11083.43
1222,647,953,2023-10-05,,6946.15
1223,648,300,2021-05-24,,59972.00
1224,649,882,2015-10-03,2016-05-13,41412.00
1225,649,776,2016-05-13,2024-04-04,33200.58
1226,649,257,2024-04-04,,
1227,650,417,2024-09-18,,22852.00
1228,651,698,2015-01-18,2017-04-13,17284.00
1229,651,168,2017-04-13,,9847.31
1230,652,992,2019-08-27,,53360.00
1231,653,69,2019-07-22,,57188.00
1232,654,394,2015-03-21,2021-07-26,22968.00
1233,654,810,2021-07-26,2024-10-02,4956.58
1234,654,601,2024-10-02,,2633.41
1235,655,830,2011-08-13,2012-06-28,27144.00
1236,655,937,2012-06-28,,
1237,656,383,2013-03-13,2020-10-12,55216.00
1238,656,542,2020-10-12,2022-04-16,
1239,656,990,2022-04-16,2022-07-27,
1240,656,86,2022-07-27,,7286.25
1241,657,49,2024-11-20,2025-06-10,25172.00
1242,657,954,2025-06-10,,19006.10
1243,658,325,2025-06-02,,29116.00
1244,659,334,2016-01-20,2017-09-11,36772.00
1245,659,805,2017-09-11,,22207.18
1246,660,229,2010-07-15,,30856.00
1247,661,501,2015-06-11,2017-09-20,67860.00
1248,661,32,2017-09-20,2020-04-23,31644.64
1249,661,728,2020-04-23,2022-02-03,18926.72
1250,661,187,2022-02-03,,13288.08
1251,662,382,2024-03-07,2024-05-16,38164.00
1252,662,832,2024-05-16,,34237.52
1253,663,395,2022-02-22,,22852.00
1254,664,128,2018-04-16,,24476.00
1255,665,734,2024-01-26,,22272.00
1256,666,454,2019-03-12,,25520.00
1257,667,187,2024-12-07,,17400.00
1258,668,538,2018-01-09,2019-08-25,23664.00
1259,668,64,2019-08-25,,13146.80
1260,669,909,2023-11-18,2025-04-15,26448.00
1261,669,60,2025-04-15,,17075.81
1262,670,942,2014-04-21,2019-08-22,27144.00
1263,670,565,2019-08-22,2019-09-16,7916.79
1264,670,732,2019-09-16,,7809.98
1265,671,227,2014-04-03,,
1266,672,295,2023-08-07,,18444.00
1267,673,170,2024-07-03,2024-11-10,22852.00
1268,673,175,2024-11-10,,19111.03
1269,674,515,2024-04-04,,65888.00
1270,675,46,2012-04-20,2017-07-28,68556.00
1271,675,387,2017-07-28,2022-12-19,22776.94
1272,675,943,2022-12-19,2025-06-21,7809.89
1273,675,94,2025-06-21,,4750.47
1274,676,208,2020-07-09,,18792.00
1275,677,123,2023-04-13,2024-04-24,33988.00
1276,677,723,2024-04-24,,27127.29
1277,678,418,2011-11-13,2012-06-18,68556.00
1278,678,75,2012-06-18,2020-05-14,48376.04
1279,678,266,2020-05-14,2020-09-28,10078.48
1280,678,18,2020-09-28,,9355.50
1281,679,906,2021-05-19,,29000.00
1282,680,42,2021-10-30,,
1283,681,380,2020-08-14,,12760.00
1284,682,285,2019-02-07,,41528.00
1285,683,313,2025-06-20,,55216.00
1286,684,661,2020-06-17,2020-07-10,36772.00
1287,684,311,2020-07-10,2024-09-14,36091.23
1288,684,9,2024-09-14,,15063.81
1289,685,938,2023-01-12,,58928.00
1290,686,689,2015-09-22,2017-10-04,34916.00
1291,686,792,2017-10-04,,
1292,687,678,2012-03-07,2024-11-19,15660.00
1293,687,664,2024-11-19,,1047.47
1294,688,295,2010-09-19,2014-03-16,30856.00
1295,688,273,2014-03-16,,14330.96
1296,689,481,2017-10-18,,22968.00
1297,690,974,2019-08-17,2022-10-18,41528.00
1298,690,898,2022-10-18,2025-05-06,19602.26
1299,690,321,2025-05-06,,11820.12
1300,691,441,2016-09-01,2024-06-01,24476.00
1301,691,337,2024-06-01,,4450.57
1302,692,453,2023-09-29,,64844.00
1303,693,852,2020-06-23,,12760.00
1304,694,323,2017-04-03,,23664.00
1305,695,981,2014-06-05,2014-10-21,38860.00
1306,695,998,2014-10-21,2024-09-17,33644.54
1307,695,750,2024-09-17,,4600.18
1308,696,445,2016-12-16,2021-10-22,15196.00
1309,696,286,2021-10-22,,5299.74
1310,697,264,2015-12-09,2016-02-29,27840.00
1311,697,759,2016-02-29,2018-06-25,23571.21
1312,697,74,2018-06-25,,12510.30
1313,698,592,2011-08-05,,
1314,699,764,2012-07-10,2013-06-04,27144.00
1315,699,876,2013-06-04,,19874.32
1316,700,32,2021-11-10,2022-12-14,24708.00
1317,700,375,2022-12-14,,19244.96
1318,701,546,2015-06-02,2016-10-27,27144.00
1319,701,687,2016-10-27,2022-06-09,15648.62
1320,701,943,2022-06-09,,5134.65
1321,702,532,2025-02-25,,24708.00
1322,703,34,2020-08-05,2021-04-16,51620.00
1323,703,927,2021-04-16,,40675.64
1324,704,981,2017-01-02,,25520.00
1325,705,675,2024-08-05,2024-09-16,94888.00
1326,705,725,2024-09-16,,87840.47
1327,706,65,2021-06-07,2023-11-23,
1328,706,686,2023-11-23,,35334.91
1329,707,338,2020-01-12,2020-10-04,32364.00
1330,707,63,2020-10-04,2022-01-25,23987.07
1331,707,822,2022-01-25,,18500.63
1332,708,512,2020-10-02,,57188.00
1333,709,732,2024-09-30,,17052.00
1334,710,88,2011-11-18,2024-06-19,27028.00
1335,710,448,2024-06-19,,1968.45
1336,711,622,2013-02-21,,15660.00
1337,712,9,2022-08-01,,30856.00
1338,713,971,2016-08-09,2019-08-24,
1339,713,698,2019-08-24,2024-10-29,11017.20
1340,713,191,2024-10-29,,3939.03
1341,714,643,2020-05-10,2023-01-08,53360.00
1342,714,917,2023-01-08,2024-04-13,29052.61
1343,714,778,2024-04-13,,22615.40
1344,715,787,2015-04-19,2015-08-17,24476.00
1345,715,269,2015-08-17,2017-07-24,20821.55
1346,715,687,2017-07-24,2022-05-10,13430.21
1347,715,853,2022-05-10,,5186.89
1348,716,207,2017-02-12,2018-09-25,67860.00
1349,716,91,2018-09-25,2021-02-10,41774.50
1350,716,896,2021-02-10,,26052.95
1351,717,665,2025-06-29,,53244.00
1352,718,874,2015-07-26,2016-08-24,36888.00
1353,718,384,2016-08-24,2018-12-10,25618.13
1354,718,211,2018-12-10,2021-08-30,16248.18
1355,718,583,2021-08-30,,9467.95
1356,719,449,2019-11-11,2021-07-28,26796.00
1357,719,6,2021-07-28,,16799.87
1358,720,174,2024-07-06,2025-05-25,34916.00
1359,720,532,2025-05-25,,25133.43
1360,721,778,2016-04-21,,28652.00
1361,722,699,2017-11-06,,
1362,723,824,2022-01-05,,24708.00
1363,724,125,2024-12-23,2025-01-19,25636.00
1364,724,631,2025-01-19,,24533.76
1365,725,21,2023-12-06,,67860.00
1366,726,585,2023-08-27,2025-05-21,17052.00
1367,726,974,2025-05-21,,11550.93
1368,727,940,2020-10-31,2024-12-19,41528.00
1369,727,246,2024-12-19,,15160.61
1370,728,844,2022-02-22,2024-06-14,29000.00
1371,728,164,2024-06-14,,16985.44
1372,729,25,2024-01-09,2024-04-22,24708.00
1373,729,434,2024-04-22,,22011.20
1374,730,869,2017-09-04,2021-06-28,
1375,730,934,2021-06-28,,21501.78
1376,731,930,2020-03-25,2021-08-02,14036.00
1377,731,714,2021-08-02,2024-07-05,
1378,731,156,2024-07-05,,5255.28
1379,732,23,2019-11-09,2022-05-19,24476.00
1380,732,280,2022-05-19,2023-06-25,13849.33
1381,732,793,2023-06-25,,
1382,733,424,2012-04-02,2018-04-30,27028.00
1383,733,343,2018-04-30,2020-07-27,6791.28
1384,733,425,2020-07-27,,4352.08
1385,734,132,2021-04-07,,
1386,735,485,2025-03-05,2025-06-23,33988.00
1387,735,969,2025-06-23,,28816.36
1388,736,378,2025-02-27,2025-06-09,38164.00
1389,736,189,2025-06-09,,31276.81
1390,737,128,2018-06-06,2019-04-30,
1391,737,862,2019-04-30,,36084.77
1392,738,632,2023-04-27,2023-10-16,26216.00
1393,738,623,2023-10-16,,22978.31
1394,739,609,2022-01-05,2023-09-11,
1395,739,278,2023-09-11,,31282.47
1396,740,436,2014-12-09,2016-03-20,29116.00
1397,740,69,2016-03-20,,20535.03
1398,741,589,2023-09-25,2023-10-18,64844.00
1399,741,410,2023-10-18,,63088.68
1400,742,266,2013-01-10,2013-05-09,38860.00
1401,742,502,2013-05-09,2021-02-28,33538.12
1402,742,343,2021-02-28,2024-05-19,
1403,742,806,2024-05-19,,3585.85
1404,743,258,2018-05-13,2022-07-10,36888.00
1405,743,358,2022-07-10,2022-10-25,13076.58
1406,743,54,2022-10-25,,12338.02
1407,744,879,2023-08-17,,17052.00
1408,745,679,2013-09-22,2013-10-02,57188.00
1409,745,627,2013-10-02,,56516.66
1410,746,623,2022-09-05,,18444.00
1411,747,328,2022-03-04,2022-12-29,17052.00
1412,747,207,2022-12-29,,13534.29
1413,748,55,2011-08-13,2024-08-29,68556.00
1414,748,856,2024-08-29,,4258.99
1415,749,474,2012-04-16,2013-03-01,
1416,749,677,2013-03-01,2022-04-22,42248.46
1417,749,125,2022-04-22,2023-10-28,6885.27
1418,749,819,2023-10-28,,5095.61
1419,750,607,2017-11-10,,24476.00
1420,751,535,2022-01-25,,
1421,752,350,2021-07-14,2024-06-23,18444.00
1422,752,708,2024-06-23,,8171.23
1423,753,647,2023-07-17,2024-06-15,30276.00
1424,753,43,2024-06-15,,22087.86
1425,754,69,2023-07-01,,64844.00
1426,755,430,2022-08-07,,55216.00
1427,756,602,2022-05-30,,
1428,757,194,2015-03-11,2016-03-13,18792.00
1429,757,553,2016-03-13,2024-06-26,15072.03
1430,757,204,2024-06-26,2024-12-19,2910.09
1431,757,422,2024-12-19,,2644.70
1432,758,884,2016-12-14,2020-08-26,17284.00
1433,758,613,2020-08-26,2024-08-11,6922.92
1434,758,682,2024-08-11,,
1435,759,175,2024-03-01,2025-05-03,26448.00
1436,759,870,2025-05-03,,16140.56
1437,760,634,2015-02-14,2017-06-13,24476.00
1438,760,255,2017-06-13,2023-03-24,12712.52
1439,760,841,2023-03-24,,
1440,761,718,2018-06-10,,26796.00
1441,762,430,2024-09-23,2025-03-20,
1442,762,793,2025-03-20,,50573.31
1443,763,366,2015-10-27,2024-10-24,34916.00
1444,763,956,2024-10-24,,4942.73
1445,764,35,2023-07-16,2023-08-29,
1446,764,357,2023-08-29,,
1447,765,365,2022-11-29,2023-11-06,25172.00
1448,765,164,2023-11-06,,17625.99
1449,766,609,2019-01-09,2020-08-01,32364.00
1450,766,355,2020-08-01,,19148.26
1451,767,860,2010-10-31,2019-08-30,
1452,767,569,2019-08-30,,
1453,768,758,2023-03-10,2024-06-25,18444.00
1454,768,503,2024-06-25,,11414.49
1455,769,795,2025-03-11,,53360.00
1456,770,988,2014-04-05,2016-04-20,68556.00
1457,770,283,2016-04-20,,44776.62
1458,771,286,2020-08-02,2020-09-10,18444.00
1459,771,995,2020-09-10,2023-02-02,17608.97
1460,771,198,2023-02-02,,
1461,772,823,2018-03-06,2019-09-17,51620.00
1462,772,117,2019-09-17,2024-10-15,31032.40
1463,772,76,2024-10-15,,11326.63
1464,773,800,2024-05-07,,38164.00
1465,774,507,2020-03-13,,12760.00
1466,775,589,2018-06-05,,59972.00
1467,776,303,2023-11-19,,92220.00
1468,777,691,2025-06-27,2025-06-27,17400.00
1469,777,982,2025-06-27,,17400.00
1470,778,684,2020-12-09,2023-06-10,
1471,778,676,2023-06-10,2024-02-29,12811.61
1472,778,159,2024-02-29,,11099.66
1473,779,847,2025-05-29,,57768.00
1474,780,954,2014-04-27,,53244.00
1475,781,556,2017-03-25,2018-04-08,
1476,781,653,2018-04-08,2023-01-18,27694.70
1477,781,736,2023-01-18,,10725.09
1478,782,340,2025-01-30,2025-06-03,18792.00
1479,782,678,2025-06-03,,15983.81
1480,783,576,2019-03-29,2020-08-26,54636.00
1481,783,221,2020-08-26,,34511.12
1482,784,450,2024-09-15,2024-10-18,25172.00
1483,784,208,2024-10-18,,24460.96
1484,785,785,2021-08-18,,
1485,786,734,2012-05-19,,22968.00
1486,787,699,2024-08-24,2024-10-31,21112.00
1487,787,995,2024-10-31,,19204.55
1488,788,239,2020-02-20,2024-07-14,
1489,788,414,2024-07-14,,14994.43
1490,789,402,2022-12-07,,
1491,790,467,2025-06-25,,
1492,791,663,2020-10-31,2022-01-13,26448.00
1493,791,954,2022-01-13,2022-10-02,18312.32
1494,791,31,2022-10-02,,15882.48
1495,792,507,2014-11-18,2020-03-02,55216.00
1496,792,867,2020-03-02,,16191.09
1497,793,264,2016-08-09,,17284.00
1498,794,182,2017-02-18,,26448.00
1499,795,442,2012-08-12,2021-08-28,18792.00
1500,795,452,2021-08-28,2025-06-07,2759.93
1501,795,986,2025-06-07,,1304.68
1502,796,640,2018-10-06,,31204.00
1503,797,115,2023-08-01,,24708.00
1504,798,595,2020-04-14,2025-05-15,
1505,798,120,2025-05-15,,6329.78
1506,799,211,2021-08-08,2024-02-28,
1507,799,233,2024-02-28,,
1508,800,328,2025-04-25,,55216.00
1509,801,152,2012-09-13,2023-02-01,27144.00
1510,801,107,2023-02-01,,2847.69
1511,802,292,2020-06-16,2022-05-31,
1512,802,316,2022-05-31,2023-08-01,
1513,802,609,2023-08-01,,40141.27
1514,803,976,2016-07-27,2019-03-01,26216.00
1515,803,646,2019-03-01,,12051.90
1516,804,848,2024-03-29,,30856.00
1517,805,662,2024-11-16,,66700.00
1518,806,349,2013-04-16,2018-02-03,59160.00
1519,806,931,2018-02-03,2024-01-11,19383.07
1520,806,270,2024-01-11,,5968.29
1521,807,343,2021-09-04,2023-01-11,54636.00
1522,807,773,2023-01-11,,35639.17
1523,808,733,2011-03-31,,51620.00
1524,809,731,2023-11-26,,29000.00
1525,810,838,2022-07-28,2024-05-07,30856.00
1526,810,628,2024-05-07,,18914.71
1527,811,724,2024-06-01,,53244.00
1528,812,192,2015-06-15,2018-07-08,54636.00
1529,812,33,2018-07-08,,24541.63
1530,813,813,2016-06-09,2020-02-04,34916.00
1531,813,808,2020-02-04,,13972.58
1532,814,971,2022-09-17,2023-11-24,55216.00
1533,814,184,2023-11-24,,40359.88
1534,815,695,2023-01-01,,29000.00
1535,816,704,2017-04-20,2024-05-16,
1536,816,778,2024-05-16,2024-08-27,2860.52
1537,816,36,2024-08-27,,2704.84
1538,817,622,2025-03-15,2025-04-08,
1539,817,863,2025-04-08,,51181.76
1540,818,888,2022-12-01,,66700.00
1541,819,417,2024-01-13,2024-12-23,26448.00
1542,819,751,2024-12-23,,17230.58
1543,820,885,2018-03-12,2019-05-23,36772.00
1544,820,101,2019-05-23,,24682.40
1545,821,59,2023-08-02,,
1546,822,126,2010-07-22,2016-03-14,55216.00
1547,822,847,2016-03-14,2017-08-19,14518.11
1548,822,759,2017-08-19,2018-12-22,10927.00
1549,822,175,2018-12-22,,8372.93
1550,823,887,2013-09-07,2019-04-25,57188.00
1551,823,465,2019-04-25,,17245.45
1552,824,698,2018-09-14,2023-01-09,
1553,824,136,2023-01-09,,
1554,825,368,2025-01-27,,55216.00
1555,826,149,2023-07-19,,22852.00
1556,827,558,2022-07-17,2022-09-23,55216.00
1557,827,354,2022-09-23,,50795.97
1558,828,396,2024-01-15,2025-02-07,65888.00
1559,828,865,2025-02-07,,44758.94
1560,829,814,2016-11-03,2020-10-12,22968.00
1561,829,715,2020-10-12,2024-06-25,8693.55
1562,829,656,2024-06-25,,4170.35
1563,830,986,2022-08-18,,33988.00
1564,831,826,2013-12-10,2020-01-05,38860.00
1565,831,394,2020-01-05,,9806.64
1566,832,779,2022-02-20,,17052.00
1567,833,422,2016-03-17,,36772.00
1568,834,8,2023-03-22,,26216.00
1569,835,330,2017-02-13,2017-11-09,41528.00
1570,835,133,2017-11-09,2018-11-18,29735.14
1571,835,165,2018-11-18,,24267.25
1572,836,344,2024-11-22,,24708.00
1573,837,557,2023-12-11,,25520.00
1574,838,981,2022-12-26,,
1575,839,746,2023-08-24,,92220.00
1576,840,670,2024-06-07,,26216.00
1577,841,696,2014-11-04,,27144.00
1578,842,895,2021-12-09,2024-05-17,26448.00
1579,842,889,2024-05-17,,14313.29
1580,843,886,2022-05-25,,64844.00
1581,844,294,2019-07-10,,22272.00
1582,845,189,2024-03-30,,18792.00
1583,846,243,2017-12-13,2020-07-31,
1584,846,357,2020-07-31,2024-04-23,14554.26
1585,846,979,2024-04-23,,6943.94
1586,847,869,2021-09-19,2023-08-29,30276.00
1587,847,10,2023-08-29,,17343.17
1588,848,609,2017-12-01,2023-10-01,26796.00
1589,848,519,2023-10-01,,8206.70
1590,849,235,2016-12-14,2022-12-26,41412.00
1591,849,342,2022-12-26,2023-06-07,10533.75
1592,849,745,2023-06-07,,9640.95
1593,850,579,2021-08-13,2022-04-16,
1594,850,522,2022-04-16,,27666.84
1595,851,386,2021-08-25,,
1596,852,743,2019-04-12,,
1597,853,985,2022-01-29,,17400.00
1598,854,590,2022-10-25,,13804.00
1599,855,12,2025-05-30,,25172.00
1600,856,159,2023-03-25,,22968.00
1601,857,732,2013-01-17,2014-03-26,57188.00
1602,857,15,2014-03-26,2019-05-16,38199.92
1603,857,991,2019-05-16,2022-08-15,13777.03
1604,857,83,2022-08-15,,
1605,858,814,2021-05-26,2023-05-05,18792.00
1606,858,384,2023-05-05,,11031.39
1607,859,649,2020-04-24,,67860.00
1608,860,106,2020-06-04,2021-09-18,59972.00
1609,860,868,2021-09-18,2021-11-29,41411.02
1610,860,885,2021-11-29,,39822.31
1611,861,321,2022-12-09,,34916.00
1612,862,675,2020-07-02,,
1613,863,103,2021-10-05,,32364.00
1614,864,360,2024-09-30,2025-02-02,
1615,864,354,2025-02-02,,
1616,865,605,2023-09-27,,29000.00
1617,866,397,2018-11-21,2020-11-11,59972.00
1618,866,127,2020-11-11,2025-01-06,32765.46
1619,866,552,2025-01-06,,14369.99
1620,867,192,2011-06-23,2018-05-27,
1621,867,310,2018-05-27,2022-09-21,3716.50
1622,867,290,2022-09-21,2024-04-30,1576.82
1623,867,538,2024-04-30,,1146.23
1624,868,924,2024-10-26,,13804.00
1625,869,332,2025-05-31,,
1626,870,42,2024-07-29,,34916.00
1627,871,845,2025-05-27,,20300.00
1628,872,395,2025-06-08,,
1629,873,766,2019-08-12,2025-01-11,23664.00
1630,873,637,2025-01-11,,7034.12
1631,874,181,2022-03-15,2023-07-09,13804.00
1632,874,7,2023-07-09,,9161.67
1633,875,319,2020-04-10,,18444.00
1634,876,959,2022-05-01,,
1635,877,413,2021-06-01,,13804.00
1636,878,725,2023-11-13,2025-04-13,34916.00
1637,878,159,2025-04-13,,23917.24
1638,879,974,2022-11-18,2024-02-10,21112.00
1639,879,745,2024-02-10,,15063.92
1640,880,973,2019-03-12,2022-02-19,20300.00
1641,880,628,2022-02-19,2024-03-21,10576.91
1642,880,868,2024-03-21,,6995.03
1643,881,298,2022-11-12,2025-02-23,29116.00
1644,881,565,2025-02-23,,16486.28
1645,882,799,2024-02-07,,
1646,883,38,2022-06-24,,13804.00
1647,884,137,2020-03-08,2022-08-20,
1648,884,216,2022-08-20,,
1649,885,815,2025-05-22,,22968.00
1650,886,936,2019-02-03,2023-03-08,
1651,886,451,2023-03-08,2025-04-11,19523.33
1652,886,183,2025-04-11,,12883.69
1653,887,513,2014-01-23,2015-04-13,34916.00
1654,887,854,2015-04-13,2016-04-04,22678.80
1655,887,386,2016-04-04,2016-07-18,18680.13
1656,887,916,2016-07-18,,17644.23
1657,888,179,2023-02-07,2025-04-03,55216.00
1658,888,303,2025-04-03,,32818.45
1659,889,683,2020-10-29,2024-06-23,12760.00
1660,889,209,2024-06-23,2025-01-27,5402.48
1661,889,732,2025-01-27,,4799.03
1662,890,735,2014-04-06,,57188.00
1663,891,4,2019-03-19,2022-05-14,26216.00
1664,891,909,2022-05-14,,
1665,892,527,2024-04-18,2024-07-14,20300.00
1666,892,248,2024-07-14,,18369.24
1667,893,124,2022-02-16,2024-06-24,
1668,893,445,2024-06-24,,51241.34
1669,894,509,2025-05-02,2025-05-20,17400.00
1670,894,385,2025-05-20,,16998.63
1671,895,698,2025-05-15,,53244.00
1672,896,382,2013-12-08,,
1673,897,781,2018-01-21,,
1674,898,485,2024-03-20,2024-07-22,22852.00
1675,898,667,2024-07-22,,19317.06
1676,899,422,2015-06-06,,59160.00
1677,900,329,2015-08-18,2021-09-30,36772.00
1678,900,419,2021-09-30,2022-10-30,9715.25
1679,900,719,2022-10-30,,7838.77
1680,901,186,2015-04-01,2021-02-09,27144.00
1681,901,18,2021-02-09,2023-04-10,
1682,901,588,2023-04-10,2025-05-13,4185.76
1683,901,759,2025-05-13,,
1684,902,550,2023-12-11,,66700.00
1685,903,83,2015-04-15,2019-05-29,17284.00
1686,903,369,2019-05-29,2024-08-16,5685.94
1687,903,201,2024-08-16,,2018.61
1688,904,283,2024-08-07,2025-04-26,54636.00
1689,904,847,2025-04-26,,44898.79
1690,905,855,2017-08-14,2020-05-16,
1691,905,469,2020-05-16,2024-05-21,11452.90
1692,905,548,2024-05-21,,5164.07
1693,906,528,2014-06-19,2021-11-26,
1694,906,277,2021-11-26,2023-10-09,
1695,906,675,2023-10-09,,2377.69
1696,907,755,2012-08-15,2020-04-27,22968.00
1697,907,263,2020-04-27,,4621.50
1698,908,762,2023-07-19,,27840.00
1699,909,635,2022-02-09,2025-02-03,30276.00
1700,909,786,2025-02-03,,15381.32
1701,910,645,2014-01-22,2016-05-14,67860.00
1702,910,410,2016-05-14,2020-07-23,39868.11
1703,910,484,2020-07-23,2025-06-23,17352.48
1704,910,751,2025-06-23,,6539.87
1705,911,483,2019-06-25,2023-01-15,30276.00
1706,911,175,2023-01-15,,12444.22
1707,912,784,2024-08-20,,25636.00
1708,913,283,2022-11-24,,92220.00
1709,914,401,2020-04-26,,41412.00
1710,915,900,2020-04-08,,25520.00
1711,916,674,2013-06-23,,
1712,917,212,2016-04-01,2023-11-07,36772.00
1713,917,329,2023-11-07,2024-04-21,6984.30
1714,917,874,2024-04-21,2025-04-14,6381.94
1715,917,886,2025-04-14,,
1716,918,165,2016-10-13,2021-09-28,38860.00
1717,918,755,2021-09-28,,
1718,919,429,2011-08-07,2018-06-05,19024.00
1719,919,593,2018-06-05,2021-10-22,4116.72
1720,919,731,2021-10-22,,2104.43
1721,920,302,2011-03-03,2020-10-25,27028.00
1722,920,540,2020-10-25,,3261.39
1723,921,465,2021-07-15,,59160.00
1724,922,360,2023-10-21,,12760.00
1725,923,372,2020-05-15,2020-09-08,13804.00
1726,923,625,2020-09-08,2022-12-13,11885.04
1727,923,14,2022-12-13,,
1728,924,367,2017-02-24,2024-06-28,12760.00
1729,924,773,2024-06-28,2025-02-07,2321.28
1730,924,14,2025-02-07,,2055.28
1731,925,658,2023-04-25,,33988.00
1732,926,683,2024-01-10,,64844.00
1733,927,403,2022-09-09,,23664.00
1734,928,526,2016-12-17,,24476.00
1735,929,636,2023-11-02,2025-05-07,20300.00
1736,929,101,2025-05-07,,11239.26
1737,930,496,2022-01-05,2024-01-30,21112.00
1738,930,5,2024-01-30,,10838.05
1739,931,700,2023-09-13,,64844.00
1740,932,127,2013-01-31,2013-02-04,55216.00
1741,932,535,2013-02-04,2015-12-24,54980.17
1742,932,629,2015-12-24,2017-01-30,28094.88
1743,932,833,2017-01-30,,22570.10
1744,933,854,2014-06-26,,68556.00
1745,934,130,2023-05-30,2025-02-21,22852.00
1746,934,341,2025-02-21,,13704.47
1747,935,801,2020-12-12,2024-08-06,38164.00
1748,935,435,2024-08-06,,15369.02
1749,936,148,2018-08-07,2018-12-09,34916.00
1750,936,466,2018-12-09,2019-06-06,30735.50
1751,936,157,2019-06-06,,27068.96
1752,937,292,2012-02-17,,27028.00
1753,938,892,2022-07-16,,25636.00
1754,939,843,2024-12-13,,53244.00
1755,940,853,2023-01-03,2023-07-15,29000.00
1756,940,442,2023-07-15,,20205.50
1757,941,582,2020-06-30,2021-05-02,26216.00
1758,941,787,2021-05-02,2021-08-29,18657.47
1759,941,985,2021-08-29,,17489.32
1760,942,14,2025-03-22,,
1761,943,320,2012-05-31,2018-01-07,19024.00
1762,943,429,2018-01-07,2019-09-24,5614.02
1763,943,325,2019-09-24,2024-07-24,
1764,943,666,2024-07-24,,1532.21
1765,944,782,2022-04-12,2025-05-27,17052.00
1766,944,99,2025-05-27,,8289.57
1767,945,185,2025-06-19,,17400.00
1768,946,11,2018-05-11,2020-05-06,26796.00
1769,946,543,2020-05-06,,15580.37
1770,947,274,2022-03-02,,25172.00
1771,948,436,2016-12-22,2022-01-11,25520.00
1772,948,828,2022-01-11,2025-05-27,
1773,948,58,2025-05-27,,
1774,949,328,2024-08-29,,17400.00
1775,950,748,2022-03-24,,53244.00
1776,951,877,2021-07-19,2023-08-27,28652.00
1777,951,797,2023-08-27,,
1778,952,511,2021-06-22,,
1779,953,308,2021-06-22,2023-03-09,13804.00
1780,953,81,2023-03-09,,
1781,954,457,2015-10-09,2020-01-17,24476.00
1782,954,335,2020-01-17,2022-10-14,
1783,954,792,2022-10-14,2024-03-10,5219.52
1784,954,455,2024-03-10,,3949.84
1785,955,178,2021-09-20,2023-10-08,41528.00
1786,955,114,2023-10-08,,23184.49
1787,956,304,2021-07-04,2022-12-18,29000.00
1788,956,261,2022-12-18,,17215.72
1789,957,822,2018-08-26,2022-06-12,36772.00
1790,957,391,2022-06-12,2024-12-28,15569.78
1791,957,834,2024-12-28,,
1792,958,522,2020-12-27,2025-02-24,59160.00
1793,958,412,2025-02-24,,24531.20
1794,959,854,2023-05-25,,30276.00
1795,960,990,2025-05-22,2025-06-12,24708.00
1796,960,377,2025-06-12,,24183.60
1797,961,185,2022-01-04,2023-01-06,24708.00
1798,961,610,2023-01-06,,17124.34
1799,962,985,2021-01-24,2025-05-17,25520.00
1800,962,126,2025-05-17,,9694.05
1801,963,394,2020-12-17,2024-11-04,53360.00
1802,963,466,2024-11-04,2025-02-26,20664.95
1803,963,798,2025-02-26,,19423.85
1804,964,208,2018-09-13,2023-09-27,12760.00
1805,964,231,2023-09-27,,
1806,965,173,2023-12-17,2024-08-30,53360.00
1807,965,455,2024-08-30,,35757.81
1808,966,535,2023-06-30,2024-09-06,25520.00
1809,966,35,2024-09-06,,16897.73
1810,967,174,2014-07-08,,15660.00
1811,968,591,2022-01-26,,27840.00
1812,969,873,2015-02-13,2017-05-21,34916.00
1813,969,571,2017-05-21,,17852.21
1814,970,541,2022-07-05,,21112.00
1815,971,174,2024-07-11,,55216.00
1816,972,732,2014-08-31,2015-02-03,17284.00
1817,972,941,2015-02-03,,14081.43
1818,973,161,2021-09-29,,29580.00
1819,974,904,2022-11-30,2025-03-15,
1820,974,856,2025-03-15,,8112.01
1821,975,345,2012-04-16,2021-02-26,27144.00
1822,975,920,2021-02-26,,4149.53
1823,976,821,2014-05-21,2014-10-16,34916.00
1824,976,161,2014-10-16,,28150.92
1825,977,556,2025-06-14,2025-06-16,17052.00
1826,977,316,2025-06-16,,17000.07
1827,978,403,2019-04-09,,21112.00
1828,979,174,2021-10-13,2022-09-08,18444.00
1829,979,494,2022-09-08,,13236.62
1830,980,600,2025-04-10,2025-06-06,22852.00
1831,980,48,2025-06-06,,21312.16
1832,981,685,2020-06-12,,14036.00
1833,982,756,2022-04-18,2022-07-22,20648.00
1834,982,797,2022-07-22,,18451.24
1835,983,119,2014-05-16,,27028.00
1836,984,425,2024-11-09,2025-06-20,57768.00
1837,984,751,2025-06-20,,
1838,985,353,2011-09-25,2011-12-07,
1839,985,548,2011-12-07,2017-11-27,
1840,985,514,2017-11-27,,6511.54
1841,986,117,2021-08-31,,92220.00
1842,987,409,2017-04-27,,41412.00
1843,988,702,2020-05-06,2025-02-09,26796.00
1844,988,392,2025-02-09,2025-06-25,8981.18
1845,988,273,2025-06-25,,8341.48
1846,989,114,2024-06-09,2025-05-01,24708.00
1847,989,570,2025-05-01,,17795.39
1848,990,806,2018-05-27,2022-12-22,12760.00
1849,990,625,2022-12-22,2025-06-15,4575.32
1850,990,897,2025-06-15,,2796.64
1851,991,729,2016-07-28,2023-07-17,27028.00
1852,991,829,2023-07-17,,6319.55
1853,992,211,2014-08-20,2017-07-27,68556.00
1854,992,560,2017-07-27,,32428.05
1855,993,493,2018-11-13,2021-10-16,
1856,993,269,2021-10-16,,13511.20
1857,994,893,2014-10-22,2020-09-08,23664.00
1858,994,987,2020-09-08,2021-10-12,
1859,994,723,2021-10-12,,5487.70
1860,995,703,2024-01-27,2024-08-21,20300.00
1861,995,15,2024-08-21,,16488.39
1862,996,61,2024-05-15,2024-09-26,13804.00
1863,996,815,2024-09-26,,11317.48
1864,997,476,2020-08-14,2020-09-08,
1865,997,471,2020-09-08,,26048.26
1866,998,33,2022-11-10,2023-05-04,22968.00
1867,998,57,2023-05-04,,17605.07
1868,999,589,2021-12-24,,24708.00
1869,1000,301,2025-03-11,2025-03-19,58928.00
1870,1000,645,2025-03-19,,58177.26
1871,1001,350,2018-07-13,2018-11-18,
1872,1001,759,2018-11-18,2022-10-17,17227.18
1873,1001,463,2022-10-17,,7441.09
1874,1002,971,2021-07-01,,29580.00
1875,1003,26,2021-01-01,,22272.00
1876,1004,568,2018-11-16,2021-10-01,14036.00
1877,1004,490,2021-10-01,,6766.44
1878,1005,314,2014-01-08,2018-05-16,27028.00
1879,1005,846,2018-05-16,2018-08-20,10021.75
1880,1005,823,2018-08-20,2019-12-31,9512.42
1881,1005,699,2019-12-31,,7257.40
1882,1006,423,2019-01-31,2021-07-08,24476.00
1883,1006,533,2021-07-08,,11526.87
1884,1007,917,2011-03-29,2013-12-13,51620.00
1885,1007,657,2013-12-13,2014-11-22,25416.54
1886,1007,88,2014-11-22,2018-01-31,21083.57
1887,1007,686,2018-01-31,,11189.46
1888,1008,345,2022-02-14,,65888.00
1889,1009,729,2021-01-03,2021-08-17,13804.00
1890,1009,666,2021-08-17,,10073.18
1891,1010,737,2013-11-27,2021-09-14,
1892,1010,822,2021-09-14,,7381.02
1893,1011,954,2023-03-07,,64844.00
1894,1012,239,2017-03-16,2017-11-27,32364.00
1895,1012,912,2017-11-27,,24989.79
1896,1013,195,2024-11-17,,22852.00
1897,1014,642,2017-10-04,,12760.00
1898,1015,428,2021-07-22,2024-11-15,38164.00
1899,1015,477,2024-11-15,,16905.04
1900,1016,666,2024-10-24,,22852.00
1901,1017,730,2019-06-09,,24476.00
1902,1018,174,2025-04-24,2025-05-05,94888.00
1903,1018,230,2025-05-05,,93852.29
1904,1019,819,2015-12-26,,27144.00
1905,1020,262,2025-05-24,2025-06-18,25520.00
1906,1020,622,2025-06-18,,24811.47
1907,1021,679,2014-08-09,2021-04-28,55216.00
1908,1021,356,2021-04-28,,10534.41
1909,1022,859,2025-03-30,2025-05-26,12760.00
1910,1022,163,2025-05-26,,11999.28
1911,1023,563,2024-07-01,2025-05-08,25636.00
1912,1023,902,2025-05-08,,20671.73
1913,1024,90,2023-10-03,2025-06-27,
1914,1024,164,2025-06-27,,36082.85
1915,1025,654,2014-01-21,2014-05-01,24476.00
1916,1025,350,2014-05-01,2021-08-29,22020.59
1917,1025,775,2021-08-29,,4918.07
1918,1026,110,2019-07-29,,
1919,1027,780,2023-12-16,,30276.00
1920,1028,632,2018-04-11,,15196.00
1921,1029,143,2014-03-18,,27028.00
1922,1030,733,2024-09-15,,17400.00
1923,1031,453,2025-05-14,2025-05-14,58928.00
1924,1031,15,2025-05-14,,58928.00
1925,1032,306,2024-05-05,2024-06-18,25172.00
1926,1032,727,2024-06-18,,24098.24
1927,1033,27,2012-08-23,2013-11-09,29116.00
1928,1033,332,2013-11-09,,18501.09
1929,1034,364,2015-04-02,2019-01-26,
1930,1034,252,2019-01-26,2019-06-30,26231.83
1931,1034,188,2019-06-30,2024-05-07,24113.15
1932,1034,93,2024-05-07,,9202.13
1933,1035,245,2025-03-23,,56840.00
1934,1036,280,2025-06-27,2025-06-30,64844.00
1935,1036,811,2025-06-30,,
1936,1037,369,2023-11-09,2024-11-05,56840.00
1937,1037,747,2024-11-05,,40211.97
1938,1038,230,2019-01-23,2019-11-01,29580.00
1939,1038,732,2019-11-01,,19895.76
1940,1039,734,2012-10-14,2015-02-10,15660.00
1941,1039,355,2015-02-10,,8024.40
1942,1040,501,2014-12-15,2019-04-15,28652.00
1943,1040,472,2019-04-15,2019-10-15,10191.46
1944,1040,117,2019-10-15,2021-10-08,9226.87
1945,1040,189,2021-10-08,,6226.09
1946,1041,109,2023-10-21,,15196.00
1947,1042,433,2014-03-10,,41412.00
1948,1043,935,2020-07-19,2021-02-04,59972.00
1949,1043,48,2021-02-04,2024-10-21,44789.66
1950,1043,497,2024-10-21,,21450.53
1951,1044,588,2022-08-20,2023-12-24,33988.00
1952,1044,708,2023-12-24,,20615.01
1953,1045,857,2020-11-06,,92220.00
1954,1046,362,2025-05-13,,67860.00
1955,1047,513,2020-09-22,2022-08-26,18444.00
1956,1047,734,2022-08-26,2023-08-30,10485.21
1957,1047,378,2023-08-30,,8580.35
1958,1048,973,2025-05-06,,59972.00
1959,1049,682,2024-12-17,,92220.00
1960,1050,262,2014-12-14,,15660.00
1961,1051,44,2024-06-11,,56840.00
1962,1052,904,2023-02-24,,17052.00
1963,1053,616,2021-09-03,2022-08-16,53244.00
1964,1053,714,2022-08-16,,43194.14
1965,1054,467,2025-02-25,,27840.00
1966,1055,979,2025-05-12,,
1967,1056,893,2022-05-31,2022-07-28,92220.00
1968,1056,520,2022-07-28,,82909.80
1969,1057,959,2025-06-27,2025-06-28,64844.00
1970,1057,628,2025-06-28,,
1971,1058,96,2024-12-22,2025-03-06,33988.00
1972,1058,614,2025-03-06,,
1973,1059,548,2021-03-08,,31204.00
1974,1060,261,2023-12-01,2024-11-23,58928.00
1975,1060,381,2024-11-23,,
1976,1061,418,2022-05-02,,21112.00
1977,1062,312,2012-05-08,,
1978,1063,22,2022-11-12,2023-09-01,92220.00
1979,1063,754,2023-09-01,,71640.05
1980,1064,172,2017-09-20,,17284.00
1981,1065,61,2023-05-05,2025-06-14,57768.00
1982,1065,696,2025-06-14,,30596.79
1983,1066,336,2024-01-11,2024-11-29,26448.00
1984,1066,310,2024-11-29,,17608.86
1985,1067,716,2024-04-07,2025-02-17,29000.00
1986,1067,150,2025-02-17,,21416.43
1987,1068,716,2015-10-26,2017-10-31,41412.00
1988,1068,491,2017-10-31,,24511.22
1989,1069,353,2022-08-02,2024-07-02,30276.00
1990,1069,312,2024-07-02,,18665.24
1991,1070,178,2022-01-12,2022-03-27,29580.00
1992,1070,696,2022-03-27,,26803.06
1993,1071,152,2024-07-01,2024-09-04,22852.00
1994,1071,394,2024-09-04,,
1995,1072,528,2017-04-02,2019-08-08,57188.00
1996,1072,601,2019-08-08,,30513.29
1997,1073,997,2025-05-13,,54636.00
1998,1074,826,2017-06-15,2019-01-06,
1999,1074,777,2019-01-06,2022-08-19,16368.92
2000,1074,582,2022-08-19,,7985.62
