id,full_name,national_id,licence_number,birth_date,city,province,postal_code,phone
1,Rita Ribas Morcillo,58188636Q,ES-00000001,1959-05-16,Málaga,Málaga,29078,+34 669 612 174
2,Berto Almazán Torrent,27223879K,ES-00000002,1982-04-20,Tarragona,Tarragona,43069,+34 665 825 030
3,Gaspar Hoyos,76224916H,ES-00000003,1967-02-07,Vigo,Pontevedra,36057,+34 607 030 565
4,Toño Cobos Villena,21603540P,ES-00000004,1958-10-27,Santa Cruz de Tenerife,Santa Cruz de Tenerife,38016,+34 653 765 453
5,Iris Terrón Simó,17940971M,ES-00000005,1983-11-30,Madrid,Madrid,28010,+34 646 350 550
6,Carlito de Luque,29515696A,ES-00000006,1955-09-30,Ciudad Real,Ciudad Real,13071,+34 619 237 676
7,Nayara Huerta Trujillo,58172179G,ES-00000007,1979-11-27,Girona,Girona,17076,+34 720 794 803
8,Cintia Iriarte Sanz,46116495T,ES-00000008,1979-03-19,Valencia,Valencia,46071,+34 656 613 479
9,Erasmo Parra,35254232Q,ES-00000009,1976-08-28,Almería,Almería,04059,+34 701 271 494
10,Paco Sala Piña,13913504E,ES-00000010,1983-04-19,Madrid,Madrid,28075,+34 753 546 189
11,Angelino Alcalá Aguilar,40372766S,ES-00000011,1975-11-30,Madrid,Madrid,28038,+34 624 907 078
12,Florentina Guadalupe Correa Carro,49561231A,ES-00000012,1980-06-15,Madrid,Madrid,28065,+34 657 450 246
13,Gracia Cuevas Esteban,83344967M,ES-00000013,1990-09-19,A Coruña,A Coruña,15031,+34 639 076 579
14,José Briones Morata,23224642R,ES-00000014,1985-08-13,Alicante,Alicante,03079,+34 722 676 068
15,Felisa María José Beltran Rocha,37772100M,ES-00000015,1972-06-20,Valencia,Valencia,46076,+34 719 172 076
16,Modesta Cañellas Aranda,32629480R,ES-00000016,1987-06-15,Almería,Almería,04068,+34 697 627 374
17,Juan José Salomón Sandoval Mateu,18462315P,ES-00000017,1957-02-18,León,León,24072,+34 634 580 798
18,Cristóbal Castell Clemente,15105876M,ES-00000018,1946-02-21,Lugo,Lugo,27075,+34 623 857 329
19,Constanza Feijoo-Mesa,57303793Y,ES-00000019,2007-10-29,Granada,Granada,18064,+34 714 249 936
20,Rosa María Pérez Villanueva,10990161W,ES-00000020,1982-08-06,Getafe,Madrid,28020,+34 681 514 333
21,Mohamed Rosselló Guillén,54948825P,ES-00000021,1992-09-21,Madrid,Madrid,28019,+34 641 400 904
22,Felipe García Roldán,61483911N,ES-00000022,2001-11-10,Madrid,Madrid,28051,+34 638 779 328
23,Palmira del Castelló,20226877X,ES-00000023,1979-11-29,Granada,Granada,18066,+34 708 814 887
24,Bárbara Nuñez,52754595R,ES-00000024,1973-08-28,Barcelona,Barcelona,08074,+34 690 079 312
25,Rocío Candela Porcel Godoy,29656033V,ES-00000025,1953-02-23,Castellón de la Plana,Castellón,12058,+34 666 213 492
26,Miguel Sarmiento Agustí,75787548H,ES-00000026,1957-03-10,Oviedo,Asturias,33022,+34 632 422 752
27,Tito del Bolaños,66984301K,ES-00000027,1977-08-05,Las Palmas de Gran Canaria,Las Palmas,35057,+34 707 407 209
28,Bruno Manzano Rico,89048141F,ES-00000028,1981-09-14,Bilbao,Bizkaia,48056,+34 720 338 000
29,Odalis Marisol Pujol Galán,15416384J,ES-00000029,1980-09-15,León,León,24069,+34 615 321 016
30,Rosalva Saura Domínguez,95981229K,ES-00000030,1965-03-11,Soria,Soria,42059,+34 685 774 746
31,Sebastian de Llorens,00762641F,ES-00000031,1968-03-23,Madrid,Madrid,28015,+34 779 901 892
32,Marc Rosselló Marin,82267678J,ES-00000032,1979-05-18,Valencia,Valencia,46057,+34 642 508 633
33,Cayetana Mascaró,90105073C,ES-00000033,1973-08-18,Alcorcón,Madrid,28024,+34 617 842 184
34,Anabel Cuéllar Millán,45664708W,ES-00000034,1973-12-18,Málaga,Málaga,29020,+34 638 052 626
35,Gracia Sierra-Puga,57105549E,ES-00000035,1960-05-26,Almería,Almería,04039,+34 761 857 900
36,Ámbar de Valverde,01931350V,ES-00000036,2001-12-20,Madrid,Madrid,28034,+34 614 198 555
37,Iker Moreno Peiró,06550384F,ES-00000037,1959-06-16,Barcelona,Barcelona,08006,+34 682 819 992
38,Nidia Prado Pereira,37825964A,ES-00000038,1987-01-11,Cáceres,Cáceres,10008,+34 768 391 758
39,José Ángel Haro Luján,36701031T,ES-00000039,1964-06-25,Terrassa,Barcelona,08006,+34 649 908 761
40,Ramón Vidal Guillen,75425270J,ES-00000040,1973-12-06,Sabadell,Barcelona,08040,+34 683 152 900
41,Jose Delgado-Dominguez,67660587S,ES-00000041,1966-01-06,Jaén,Jaén,23067,+34 697 547 941
42,Trini de Duran,28623846R,ES-00000042,2003-01-02,Madrid,Madrid,28072,+34 608 300 101
43,Felix Amor-Serrano,27176900P,ES-00000043,2000-06-28,Santa Cruz de Tenerife,Santa Cruz de Tenerife,38052,+34 694 542 838
44,Seve de Narváez,24360488S,ES-00000044,1979-06-05,Barcelona,Barcelona,08022,+34 707 888 906
45,Amada Rivas Duque,05899852F,ES-00000045,1984-07-18,Madrid,Madrid,28071,+34 647 094 138
46,Albina Rivera,79548367S,ES-00000046,1985-07-28,Valladolid,Valladolid,47033,+34 619 152 660
47,Cristian Soriano-Hierro,47122618B,ES-00000047,1956-03-11,Málaga,Málaga,29076,+34 789 689 393
48,Daniela Montenegro Gomez,10042688Z,ES-00000048,1970-03-27,Zaragoza,Zaragoza,50065,+34 683 429 134
49,Emperatriz Arnal-Silva,87967542V,ES-00000049,1953-08-02,Palencia,Palencia,34040,+34 604 474 424
50,Rosa Casals-Jiménez,22378490L,ES-00000050,1984-01-30,Jaén,Jaén,23068,+34 684 954 332
51,Bruno López Araujo,59397253Y,ES-00000051,1987-04-22,Jaén,Jaén,23072,+34 673 000 867
52,Cloe Andrés Cifuentes,26240569F,ES-00000052,1974-03-27,Barcelona,Barcelona,08060,+34 739 662 478
53,Sabas Belmonte Barral,62898755B,ES-00000053,1987-05-20,Málaga,Málaga,29029,+34 709 702 638
54,Adán Timoteo Enríquez Cabrero,91121586W,ES-00000054,1970-10-01,Valladolid,Valladolid,47045,+34 686 444 765
55,Horacio Grau Linares,57088904Y,ES-00000055,1982-03-22,San Sebastián,Gipuzkoa,20068,+34 775 262 235
56,Alma Jenny Bayón Alegria,23023780K,ES-00000056,1983-02-16,Barcelona,Barcelona,08059,+34 779 642 061
57,José Luis de Roldán,96339761Y,ES-00000057,1994-05-31,Elche,Alicante,03017,+34 625 118 447
58,Graciana Salom Múñiz,54272624F,ES-00000058,2000-02-21,Madrid,Madrid,28067,+34 660 030 671
59,Perla Quintana Segura,08241623X,ES-00000059,1966-06-30,Madrid,Madrid,28077,+34 770 687 287
60,Isidora Roig Bilbao,01874431T,ES-00000060,1974-06-22,Madrid,Madrid,28015,+34 657 793 190
61,Toribio Pera Rosselló,02864516G,ES-00000061,1971-12-28,Madrid,Madrid,28070,+34 676 575 978
62,Daniel Urrutia Carranza,73847634Q,ES-00000062,1974-06-06,Córdoba,Córdoba,14034,+34 701 138 081
63,Gracia Mendez Villar,03832414Q,ES-00000063,1988-02-16,Madrid,Madrid,28028,+34 737 074 433
64,Marianela Amor,09272274P,ES-00000064,2007-09-13,Elche,Alicante,03050,+34 738 442 469
65,Baudelio Azcona Ríos,07546112L,ES-00000065,1994-10-18,Bilbao,Bizkaia,48078,+34 737 975 593
66,Juan Pozuelo,05988127P,ES-00000066,1980-01-12,Madrid,Madrid,28074,+34 653 262 609
67,Ernesto Sedano Guitart,46876344K,ES-00000067,2006-11-21,Barcelona,Barcelona,08046,+34 765 694 287
68,Natalio Barroso,63279628G,ES-00000068,1983-05-25,Madrid,Madrid,28023,+34 761 255 295
69,Domitila Bayo Gonzalo,53501511S,ES-00000069,1975-01-29,Madrid,Madrid,28035,+34 626 968 026
70,Rosenda del Calderón,40792850G,ES-00000070,1992-05-02,Valladolid,Valladolid,47078,+34 737 632 345
71,Malena Bastida-Contreras,63539491J,ES-00000071,1961-02-10,Madrid,Madrid,28034,+34 636 521 701
72,Chucho Lillo Perelló,75180841M,ES-00000072,1980-03-06,Ávila,Ávila,05004,+34 660 009 652
73,Celestino Uribe-Bernad,15607660K,ES-00000073,2007-10-30,Madrid,Madrid,28044,+34 723 468 250
74,Georgina del Izquierdo,97280816Q,ES-00000074,1971-07-03,Barcelona,Barcelona,08028,+34 633 750 820
75,Violeta Santamaria Roman,29254166Y,ES-00000075,1978-03-12,Vitoria-Gasteiz,Álava,01016,+34 607 058 704
76,Baldomero de Blázquez,12363882W,ES-00000076,1984-02-06,Cartagena,Murcia,30013,+34 615 761 892
77,Maristela del Piquer,06772543D,ES-00000077,1967-05-07,Vigo,Pontevedra,36072,+34 667 921 933
78,Paulina Dominguez,75333952M,ES-00000078,1993-11-04,Valencia,Valencia,46049,+34 684 844 111
79,Dalila Cañete Ledesma,25584663S,ES-00000079,1978-10-12,Bilbao,Bizkaia,48054,+34 710 964 861
80,Alejo del Jiménez,73272920A,ES-00000080,1986-05-12,Madrid,Madrid,28040,+34 633 592 660
81,Reyes del Baquero,79935581R,ES-00000081,1951-04-02,Málaga,Málaga,29033,+34 684 575 287
82,Wilfredo Valera,49935354P,ES-00000082,1980-08-17,Madrid,Madrid,28054,+34 622 157 239
83,Juan Feliu Casanova,33093672F,ES-00000083,1964-11-07,Málaga,Málaga,29049,+34 642 126 217
84,Dani Royo,85734256P,ES-00000084,1967-07-03,L'Hospitalet de Llobregat,Barcelona,08063,+34 657 894 275
85,Carlos Seve Vall Catalá,16701777M,ES-00000085,1992-03-13,Madrid,Madrid,28010,+34 635 461 809
86,Zacarías Montenegro Carreras,78528893Q,ES-00000086,1968-10-24,Sevilla,Sevilla,41010,+34 755 451 954
87,Dionisio Marti Carbonell,45136980D,ES-00000087,1969-07-19,Madrid,Madrid,28041,+34 759 841 533
88,Ángela Cardona-Bustos,45877611V,ES-00000088,1999-11-02,Alicante,Alicante,03032,+34 776 833 353
89,Marisa del Ibáñez,04281983G,ES-00000089,2007-11-25,Madrid,Madrid,28062,+34 643 600 766
90,Custodio Agullo Santiago,38144751X,ES-00000090,1961-06-20,Valencia,Valencia,46049,+34 622 411 752
91,Jenaro del Cerezo,42456158K,ES-00000091,1972-02-09,Madrid,Madrid,28060,+34 717 214 576
92,Alba Font Moreno,63974885V,ES-00000092,1981-08-31,Santa Cruz de Tenerife,Santa Cruz de Tenerife,38018,+34 757 501 824
93,Paula Palomares Caballero,34824596C,ES-00000093,1957-10-13,Cartagena,Murcia,30036,+34 724 321 148
94,Natanael Cueto Adán,25656776T,ES-00000094,1975-09-02,Valencia,Valencia,46021,+34 667 281 251
95,Bernardo Diaz Sarmiento,03059791D,ES-00000095,1976-05-10,Huelva,Huelva,21042,+34 661 339 448
96,Fortunata Rozas Saavedra,28735152X,ES-00000096,1975-10-13,Madrid,Madrid,28051,+34 734 065 615
97,Renato Moliner Leiva,69090974D,ES-00000097,1965-09-04,Valencia,Valencia,46004,+34 607 960 175
98,Ignacia Pepita Uriarte Gracia,19820174Q,ES-00000098,1940-06-13,Málaga,Málaga,29057,+34 650 888 744
99,Adora Donaire Ojeda,45277017E,ES-00000099,1978-03-08,Barcelona,Barcelona,08076,+34 660 015 891
100,Efraín Escudero Anguita,80378845D,ES-00000100,1986-04-11,Castellón de la Plana,Castellón,12071,+34 618 374 278
101,Jacinta Folch Benet,34872695A,ES-00000101,1974-01-18,Madrid,Madrid,28041,+34 683 297 796
102,Lino Tapia,16443802K,ES-00000102,1988-11-24,Toledo,Toledo,45034,+34 645 303 169
103,Ale Gomis,57616101C,ES-00000103,1999-08-20,Lleida,Lleida,25057,+34 690 145 363
104,Carlos Hidalgo Luque,27973749E,ES-00000104,1975-01-10,Albacete,Albacete,02007,+34 642 163 279
105,Concha Pastor Baró,97426732C,ES-00000105,1991-01-26,Terrassa,Barcelona,08048,+34 711 691 057
106,Geraldo Peláez Andreu,01780810N,ES-00000106,1980-03-07,Gijón,Asturias,33080,+34 792 282 068
107,Marita Serna Machado,02378802G,ES-00000107,1997-01-01,Gijón,Asturias,33077,+34 714 045 143
108,Arsenio Cruz,86987148K,ES-00000108,1981-01-12,Vitoria-Gasteiz,Álava,01040,+34 657 052 692
109,Germán del Jover,72762388W,ES-00000109,1970-10-12,Las Palmas de Gran Canaria,Las Palmas,35077,+34 762 773 130
110,Balduino Alcaraz Jódar,86065461J,ES-00000110,2007-12-04,Granada,Granada,18015,+34 707 788 091
111,Patricio Castañeda Montes,16708217M,ES-00000111,1959-07-02,Madrid,Madrid,28039,+34 644 242 233
112,Geraldo Arrieta-Aguilar,09590899Z,ES-00000112,1969-12-11,Valladolid,Valladolid,47049,+34 654 150 089
113,Eufemia Pili Atienza Quero,40816312Y,ES-00000113,1969-04-23,Sabadell,Barcelona,08042,+34 725 560 366
114,Leonardo Pedraza Escudero,06249919Z,ES-00000114,1982-05-22,Madrid,Madrid,28027,+34 794 686 848
115,Goyo Canet Tamarit,89810424R,ES-00000115,1969-06-23,Sevilla,Sevilla,41043,+34 711 230 211
116,Ana de Luján,81354536V,ES-00000116,1989-02-02,Madrid,Madrid,28057,+34 788 135 694
117,Ana Belén Cañas-Pina,75980823R,ES-00000117,1950-06-17,Santander,Cantabria,39036,+34 777 372 893
118,Laura Carbajo Blanes,57287902P,ES-00000118,1991-06-04,Córdoba,Córdoba,14067,+34 654 794 771
119,Anselma Peral Núñez,22969781A,ES-00000119,1963-01-29,Pamplona,Navarra,31034,+34 607 377 435
120,Segismundo Navarro Guzman,38263676W,ES-00000120,1983-05-21,Almería,Almería,04028,+34 646 259 419
121,Estefanía Gomis Alegre,92054456S,ES-00000121,1977-12-22,L'Hospitalet de Llobregat,Barcelona,08078,+34 651 120 030
122,Rafael Mayoral Dalmau,95990948B,ES-00000122,1993-06-06,Barcelona,Barcelona,08001,+34 601 320 350
123,Natanael Lisandro Carballo Palacios,69792255C,ES-00000123,1967-12-06,Almería,Almería,04030,+34 605 566 995
124,Vilma Viña Castellanos,58461022J,ES-00000124,1995-12-28,Jerez de la Frontera,Cádiz,11009,+34 685 749 472
125,Alberto Tamayo Yáñez,27181046Z,ES-00000125,1980-09-26,Pamplona,Navarra,31024,+34 728 092 294
126,Pascuala Alba Varela,22361115D,ES-00000126,1972-09-09,Madrid,Madrid,28035,+34 729 827 748
127,Aureliano Chaparro Bayona,11996441D,ES-00000127,1975-05-02,Cádiz,Cádiz,11004,+34 688 977 134
128,Rosendo Recio Navarro,28930864S,ES-00000128,1993-06-22,Palma,Baleares,07006,+34 669 390 570
129,Aarón Barrio-Acevedo,48608065A,ES-00000129,2007-08-22,Granada,Granada,18059,+34 638 400 006
130,Reyes Villanueva Ocaña,34356385C,ES-00000130,1964-01-18,Girona,Girona,17010,+34 685 500 080
131,Cintia Andres-Castejón,92656682D,ES-00000131,1967-06-27,Barcelona,Barcelona,08045,+34 657 886 873
132,Guadalupe Olmo,25001791D,ES-00000132,1974-09-10,Madrid,Madrid,28039,+34 680 435 221
133,María Jesús Elorza Heras,66809944G,ES-00000133,1976-07-30,Sabadell,Barcelona,08073,+34 680 467 302
134,Sabas Piñol-Vizcaíno,15872415T,ES-00000134,1980-02-07,Vigo,Pontevedra,36067,+34 655 416 854
135,Celso Barral Mateos,47877530V,ES-00000135,1977-06-15,Barcelona,Barcelona,08062,+34 617 453 568
136,Dominga Aguilar Bautista,61823373V,ES-00000136,2007-03-03,Santa Cruz de Tenerife,Santa Cruz de Tenerife,38012,+34 639 244 716
137,Adela Costa Ferrera,11086643E,ES-00000137,1980-10-26,Valencia,Valencia,46026,+34 673 974 635
138,Vidal Morcillo Orozco,03243590S,ES-00000138,1991-04-02,Sevilla,Sevilla,41033,+34 693 068 334
139,Alfredo Ferrera,40144214Z,ES-00000139,1978-09-04,L'Hospitalet de Llobregat,Barcelona,08021,+34 619 797 277
140,Evaristo Sancho Guillén Nicolás,78562365T,ES-00000140,2004-05-09,Bilbao,Bizkaia,48073,+34 678 440 689
141,Clemente Rius Cervera,26013107S,ES-00000141,1952-11-19,Córdoba,Córdoba,14022,+34 675 622 329
142,Chita Clavero Ramos,73735074H,ES-00000142,1962-02-28,Alcorcón,Madrid,28054,+34 619 410 982
143,Macario Pancho Quintero Céspedes,01262208Z,ES-00000143,1966-03-01,Santa Cruz de Tenerife,Santa Cruz de Tenerife,38054,+34 646 028 415
144,Aurora Chacón Ortega,23932107D,ES-00000144,1963-07-14,Madrid,Madrid,28080,+34 696 036 585
145,Hilario Ponce Campoy,75745815F,ES-00000145,1999-09-30,Barcelona,Barcelona,08073,+34 637 371 649
146,Gustavo Carmona Vega,97165540Q,ES-00000146,1986-01-04,Santa Cruz de Tenerife,Santa Cruz de Tenerife,38017,+34 671 607 077
147,María Diez,56149397A,ES-00000147,1985-03-13,Albacete,Albacete,02013,+34 611 173 306
148,Eutropio Cifuentes Fabra,66672794A,ES-00000148,1983-07-19,Sevilla,Sevilla,41074,+34 778 420 888
149,Maribel Menéndez Crespo,55409029M,ES-00000149,1985-06-10,Alicante,Alicante,03003,+34 619 821 595
150,Horacio Sastre Bustos,15669874C,ES-00000150,1953-05-02,Madrid,Madrid,28001,+34 603 501 108
151,Rafael Poza,93988144R,ES-00000151,1986-12-08,Madrid,Madrid,28017,+34 720 347 445
152,Íñigo Fortuny,08394682G,ES-00000152,1959-10-20,Oviedo,Asturias,33078,+34 633 704 218
153,Arsenio Barragán-Diaz,09861557P,ES-00000153,1989-01-24,Alcorcón,Madrid,28051,+34 617 317 272
154,Gervasio Llano-Taboada,59075849G,ES-00000154,1982-01-25,Madrid,Madrid,28030,+34 740 646 684
155,Asunción Cerdá Taboada,85985696N,ES-00000155,1984-01-07,Granada,Granada,18020,+34 686 439 686
156,César Salas-Guzmán,51495274E,ES-00000156,1995-06-19,Madrid,Madrid,28027,+34 603 054 254
157,Aurora Martinez Bastida,03473650Y,ES-00000157,1974-09-23,Madrid,Madrid,28023,+34 740 020 580
158,Ofelia Solano,76358420F,ES-00000158,2002-09-15,Alicante,Alicante,03078,+34 790 942 856
159,Paola Diez Ferrán,29223110T,ES-00000159,1990-11-09,Málaga,Málaga,29065,+34 760 953 655
160,Leonel Ildefonso Simó Cortes,15548434C,ES-00000160,1979-08-28,Madrid,Madrid,28015,+34 725 844 525
161,Herminio Briones Pou,70755974Q,ES-00000161,1966-03-27,Zaragoza,Zaragoza,50064,+34 792 635 375
162,Sergio Gregorio Saldaña Giménez,70025789N,ES-00000162,1957-04-20,Madrid,Madrid,28076,+34 742 247 206
163,Angelina Lladó-Solís,72963063W,ES-00000163,1990-02-22,Sevilla,Sevilla,41024,+34 649 385 639
164,Victorino Luis Flores Bertrán,28297097J,ES-00000164,1982-02-07,Cáceres,Cáceres,10024,+34 759 014 443
165,Germán Roda-Ferrero,18627897J,ES-00000165,1956-08-18,Sevilla,Sevilla,41057,+34 640 066 499
166,Gloria del Olivé,20055728G,ES-00000166,1982-04-30,A Coruña,A Coruña,15023,+34 766 526 897
167,Modesto Dueñas Arnau,50418262P,ES-00000167,1985-08-19,Barcelona,Barcelona,08064,+34 644 497 240
168,Iris del Acosta,50079941V,ES-00000168,2004-08-05,Badajoz,Badajoz,06006,+34 642 868 556
169,Luciana Cruz Roig,38804914G,ES-00000169,1988-11-20,Melilla,Melilla,52038,+34 675 158 234
170,Ximena Fortuny Gallego,46198299Q,ES-00000170,1987-05-21,Madrid,Madrid,28069,+34 601 890 377
171,Serafina Bolaños,04738705S,ES-00000171,1964-03-13,Palma,Baleares,07079,+34 632 491 532
172,Inocencio Pino Sedano,51248650G,ES-00000172,1985-12-08,Valencia,Valencia,46005,+34 695 822 998
173,Apolonia Carlota Alberola Maldonado,17983853S,ES-00000173,1975-04-10,Madrid,Madrid,28055,+34 632 424 521
174,María Manuela Collado Castellanos,28931596B,ES-00000174,1968-11-22,Madrid,Madrid,28005,+34 761 777 516
175,Cayetana del Alba,70731563P,ES-00000175,1978-04-21,Burgos,Burgos,09040,+34 691 045 581
176,Américo Botella Camps,36776627H,ES-00000176,1967-03-04,Murcia,Murcia,30006,+34 681 762 522
177,Chita Vázquez Lasa,71137133L,ES-00000177,1985-03-09,Vitoria-Gasteiz,Álava,01070,+34 706 685 916
178,Armida del Castrillo,84736702X,ES-00000178,1990-12-22,Zaragoza,Zaragoza,50043,+34 605 338 902
179,Cipriano Merino Delgado,90745257E,ES-00000179,1985-06-24,Madrid,Madrid,28041,+34 674 469 953
180,Eleuterio Francisco Pagès,32257498K,ES-00000180,1988-04-02,Jerez de la Frontera,Cádiz,11037,+34 650 960 895
181,Sancho Roldan,60950263X,ES-00000181,1975-04-14,Valladolid,Valladolid,47042,+34 790 775 967
182,Miguel Ángel Vicente Zurita Ortiz,88878619H,ES-00000182,1980-05-04,Santander,Cantabria,39065,+34 645 468 893
183,Flora Hernando Carreño,75045309N,ES-00000183,1973-04-24,Barcelona,Barcelona,08077,+34 680 304 212
184,Cayetano de Álvarez,26022425H,ES-00000184,1978-06-21,Vitoria-Gasteiz,Álava,01072,+34 636 411 623
185,Arturo Gisbert-Bueno,44584112S,ES-00000185,1988-07-19,Sevilla,Sevilla,41001,+34 622 916 744
186,Florina Ros Nebot,92088945G,ES-00000186,1990-08-17,Las Palmas de Gran Canaria,Las Palmas,35034,+34 707 819 000
187,Anita Arellano Marqués,48416418S,ES-00000187,1971-03-06,Murcia,Murcia,30025,+34 633 913 678
188,Sandalio Martí Salazar,33106928S,ES-00000188,2007-10-26,Barcelona,Barcelona,08021,+34 695 162 436
189,Felipa Querol Roma,26829724V,ES-00000189,1977-07-07,Valencia,Valencia,46034,+34 795 976 442
190,Patricio Agustín Ávila Acero,52324279S,ES-00000190,1971-05-17,Madrid,Madrid,28013,+34 754 933 030
191,Pepito Blanca Cabrero,46813768M,ES-00000191,1982-08-15,Madrid,Madrid,28080,+34 649 650 832
192,Sosimo Laguna-Aguirre,68365480G,ES-00000192,1975-02-01,Gijón,Asturias,33050,+34 723 757 678
193,Leonardo Corbacho Calzada,81371675K,ES-00000193,1978-04-05,Sevilla,Sevilla,41046,+34 686 991 941
194,Eric Garcés Vallés,21886926B,ES-00000194,1992-11-06,Valladolid,Valladolid,47074,+34 619 528 042
195,Remigio Bou Andrade,60447214V,ES-00000195,1952-02-25,Valladolid,Valladolid,47074,+34 715 299 174
196,Rolando Saez Ochoa,09447584N,ES-00000196,1983-06-21,Girona,Girona,17001,+34 794 089 377
197,Benigno Fabricio González Porcel,92277482X,ES-00000197,1987-05-04,Madrid,Madrid,28061,+34 658 064 780
198,Eric Valentín-Bayón,83123595P,ES-00000198,2007-03-24,Murcia,Murcia,30007,+34 724 119 007
199,Domingo Solera-Cerdá,72299046H,ES-00000199,1975-01-30,Jaén,Jaén,23071,+34 684 754 852
200,Flora Luna Barbero,02239602T,ES-00000200,1980-08-02,Vigo,Pontevedra,36033,+34 609 200 164
201,Bonifacio Cantero,97837390J,ES-00000201,1969-08-26,Sevilla,Sevilla,41036,+34 679 418 826
202,Lucio Losada Puente,80408558Y,ES-00000202,1978-02-12,Valencia,Valencia,46056,+34 774 103 714
203,Alfredo Llanos Mulet,02952814M,ES-00000203,1968-06-08,Santa Cruz de Tenerife,Santa Cruz de Tenerife,38004,+34 702 832 009
204,Ricarda del Escribano,29303599N,ES-00000204,2007-01-09,Madrid,Madrid,28078,+34 661 417 293
205,Paulino Tovar Olmedo,21240676S,ES-00000205,1979-03-08,Huelva,Huelva,21021,+34 620 430 126
206,Ceferino Alejandro Iñiguez Manuel,07944129K,ES-00000206,2006-12-28,Cartagena,Murcia,30060,+34 689 927 221
207,Porfirio Cámara-Roda,93355194B,ES-00000207,1976-05-01,Barcelona,Barcelona,08002,+34 651 158 842
208,Timoteo Grande Ledesma,23874022E,ES-00000208,1997-12-30,Granada,Granada,18072,+34 685 067 457
209,Macaria Sastre Luján,66338582G,ES-00000209,1980-04-09,Madrid,Madrid,28015,+34 610 677 958
210,Corona del Borrell,50689256Q,ES-00000210,1971-02-16,Castellón de la Plana,Castellón,12036,+34 770 960 226
211,Ildefonso Villaverde,77079107N,ES-00000211,1992-02-18,Jerez de la Frontera,Cádiz,11057,+34 652 465 084
212,Salvador Pascual-León,36248977B,ES-00000212,1957-10-27,Zaragoza,Zaragoza,50020,+34 766 986 827
213,Cornelio Barbero Pujadas,39960132R,ES-00000213,2000-11-17,Zaragoza,Zaragoza,50043,+34 641 121 174
214,María Del Carmen Llorens Vigil,59485072B,ES-00000214,1988-07-08,Murcia,Murcia,30019,+34 673 866 524
215,Donato Grau Quiroga,80064712X,ES-00000215,1990-01-22,Tarragona,Tarragona,43001,+34 754 427 119
216,Bartolomé Lozano Haro,83009622T,ES-00000216,1980-01-09,Girona,Girona,17039,+34 631 731 427
217,Ana Sofía Segura Dávila,16328669A,ES-00000217,1971-11-06,Pamplona,Navarra,31054,+34 600 265 804
218,Inmaculada Valenciano,19542417F,ES-00000218,2000-10-23,Valencia,Valencia,46032,+34 686 393 594
219,Ariadna Jordán Flor,33853294P,ES-00000219,1989-07-22,Melilla,Melilla,52058,+34 661 462 363
220,Guadalupe Juliá,66721107Q,ES-00000220,1994-08-23,Murcia,Murcia,30041,+34 715 929 057
221,Elena Bernal Sáenz,37284752G,ES-00000221,1973-07-27,Murcia,Murcia,30018,+34 658 539 646
222,Anselmo Amaya-Carmona,80035049V,ES-00000222,1983-08-26,Valladolid,Valladolid,47076,+34 633 962 424
223,Julie Pallarès Sevillano,18086284G,ES-00000223,1961-05-03,Sevilla,Sevilla,41019,+34 618 034 069
224,Jesús Gerónimo Anaya Ayuso,26679123C,ES-00000224,2007-09-15,Vitoria-Gasteiz,Álava,01003,+34 732 496 751
225,Belen de Salamanca,06676086Z,ES-00000225,1980-09-02,Almería,Almería,04024,+34 645 924 964
226,Trini Conesa Fiol,81105598P,ES-00000226,2006-01-08,Getafe,Madrid,28077,+34 671 376 034
227,Fabiana Nicolasa Díez Carnero,00954732W,ES-00000227,1968-10-15,San Sebastián,Gipuzkoa,20049,+34 646 613 833
228,Calixta Gallart Granados,98882314R,ES-00000228,1980-11-01,Terrassa,Barcelona,08062,+34 725 238 743
229,Melania Maestre Jordá,02622857Y,ES-00000229,1974-04-22,Vigo,Pontevedra,36039,+34 625 971 260
230,Glauco Iglesias Palomar,02568775C,ES-00000230,1986-08-20,Madrid,Madrid,28025,+34 621 017 669
231,Edu Artigas Villegas,75004900Z,ES-00000231,1982-06-25,Madrid,Madrid,28032,+34 672 962 435
232,Segismundo Losada Mateo,38900046P,ES-00000232,1961-01-08,Elche,Alicante,03070,+34 612 081 154
233,Lorenza Palomino-Carrera,08589586Y,ES-00000233,1997-12-15,Madrid,Madrid,28051,+34 610 437 141
234,Amaya Cerro Gibert,05822947Z,ES-00000234,1999-04-06,Alcorcón,Madrid,28069,+34 613 423 151
235,Graciano Parejo-Caballero,28095837A,ES-00000235,1983-08-27,Pamplona,Navarra,31032,+34 665 951 045
236,Jose Manuel Pinedo Ortuño,32392564P,ES-00000236,1960-03-02,Madrid,Madrid,28079,+34 729 135 570
237,Armida Portero Carpio,54109960E,ES-00000237,2004-09-11,Terrassa,Barcelona,08032,+34 692 416 274
238,Arturo Posada Maldonado,32599708Z,ES-00000238,1955-02-07,Vigo,Pontevedra,36070,+34 706 009 833
239,Mirta Pujadas Velasco,90383658Y,ES-00000239,1981-11-12,Valladolid,Valladolid,47060,+34 683 768 446
240,Amador Menéndez Calderon,59716759L,ES-00000240,2007-12-25,Sevilla,Sevilla,41015,+34 614 721 266
241,Reina Benavent Machado,11949061D,ES-00000241,1955-05-28,Sabadell,Barcelona,08074,+34 713 195 525
242,Margarita Ortuño Pina,55654880D,ES-00000242,1985-05-05,Barcelona,Barcelona,08038,+34 608 555 578
243,Maximiano Ramis Gordillo,45079844M,ES-00000243,1975-01-12,Getafe,Madrid,28031,+34 653 062 666
244,Angelita Sanchez-Rico,96448833N,ES-00000244,1974-07-04,Madrid,Madrid,28032,+34 644 816 323
245,Anita Vicente Ribes,07719982D,ES-00000245,2004-07-11,Valencia,Valencia,46011,+34 664 519 910
246,Sabina Anita Farré Elías,97271335B,ES-00000246,1981-07-06,Málaga,Málaga,29020,+34 644 278 579
247,Inés Gómez Murcia,86490783L,ES-00000247,1960-12-28,Elche,Alicante,03060,+34 679 647 969
248,Ani Medina-Donaire,85907148D,ES-00000248,1970-12-13,Barcelona,Barcelona,08066,+34 645 457 353
249,Domitila Alvarez Ribera,72213283E,ES-00000249,1967-12-25,Madrid,Madrid,28036,+34 662 652 664
250,Cecilia Barco Aznar,52823406L,ES-00000250,1970-01-12,Badalona,Barcelona,08037,+34 670 681 314
251,Óscar Pol Jimenez,24788712W,ES-00000251,1983-08-03,Madrid,Madrid,28011,+34 632 141 488
252,Mayte Escobar,98900932N,ES-00000252,1989-07-31,Sevilla,Sevilla,41048,+34 618 362 328
253,Remigio Paulino Cantón Belmonte,20080143Q,ES-00000253,1980-01-24,Pamplona,Navarra,31034,+34 602 541 487
254,Olalla Verdú,20330601G,ES-00000254,1974-05-29,Madrid,Madrid,28029,+34 771 010 272
255,Nilda Riquelme Gimeno,63848781E,ES-00000255,1977-05-16,Lleida,Lleida,25034,+34 618 328 669
256,Jacinta Peral Pinto,29135255M,ES-00000256,1953-09-28,Madrid,Madrid,28035,+34 670 156 516
257,Selena Tormo,69782898R,ES-00000257,1960-08-14,Albacete,Albacete,02074,+34 661 298 229
258,Vilma Gámez Cazorla,64696253J,ES-00000258,1979-06-06,Madrid,Madrid,28069,+34 613 672 422
259,Silvio Chamorro Cortés,93698906B,ES-00000259,1968-03-10,Zaragoza,Zaragoza,50070,+34 757 862 456
260,Eloísa Mir,64035213Q,ES-00000260,1978-02-05,Barcelona,Barcelona,08020,+34 643 950 697
261,Delia Violeta Armengol Villa,97521230B,ES-00000261,1999-05-20,Madrid,Madrid,28027,+34 634 325 650
262,Amor Ambrosio Valera Cárdenas,66131101Y,ES-00000262,1984-02-16,Palencia,Palencia,34017,+34 607 511 369
263,Emiliana del Palomar,24521458P,ES-00000263,1976-04-25,Zaragoza,Zaragoza,50001,+34 615 458 271
264,Ainara Lamas Sierra,39583708H,ES-00000264,1971-06-24,Valladolid,Valladolid,47034,+34 732 337 177
265,Sofía del Salas,65641016M,ES-00000265,1965-11-20,Santa Cruz de Tenerife,Santa Cruz de Tenerife,38014,+34 682 698 772
266,Primitiva de Bermejo,76216377N,ES-00000266,1964-06-29,Castellón de la Plana,Castellón,12029,+34 784 951 763
267,Dulce Chico Casanova,57869945J,ES-00000267,1984-04-23,Sabadell,Barcelona,08070,+34 700 869 967
268,Florentino Geraldo Oliver Fábregas,01860533V,ES-00000268,2007-04-08,Vitoria-Gasteiz,Álava,01014,+34 695 466 092
269,Roberta Jover Berenguer,22516613G,ES-00000269,1975-09-09,Madrid,Madrid,28047,+34 696 679 674
270,Verónica Haydée Cerezo Farré,16023634V,ES-00000270,1973-12-02,Madrid,Madrid,28013,+34 728 726 456
271,Marita Chamorro Ríos,99938245W,ES-00000271,1997-09-27,Badalona,Barcelona,08061,+34 695 228 617
272,Adelaida Coral Molina Salmerón,51145218A,ES-00000272,1971-01-14,Jerez de la Frontera,Cádiz,11007,+34 694 316 278
273,Florentino Prats,49973764P,ES-00000273,1977-12-07,Zaragoza,Zaragoza,50056,+34 609 061 246
274,Julio Gonzalo Gallo,90111404A,ES-00000274,1973-03-21,A Coruña,A Coruña,15076,+34 632 352 619
275,César Victorino Caparrós Amigó,81818762B,ES-00000275,1962-11-08,Málaga,Málaga,29001,+34 633 924 588
276,Maximino Nogués Guillén,28459895V,ES-00000276,1965-04-16,Madrid,Madrid,28053,+34 751 142 489
277,Eufemia Dalmau Farré,59866867Y,ES-00000277,2007-02-20,Vigo,Pontevedra,36059,+34 724 972 234
278,Juan José Contreras-Tello,24395880X,ES-00000278,1991-10-23,Albacete,Albacete,02051,+34 703 582 822
279,Rolando Morcillo Antón,78904922H,ES-00000279,1970-01-29,Jerez de la Frontera,Cádiz,11028,+34 725 623 487
280,Esteban de Pla,82769931S,ES-00000280,1981-10-10,Badalona,Barcelona,08078,+34 673 231 011
281,Luisina Monreal Vicens,54300231Z,ES-00000281,1955-10-26,Sevilla,Sevilla,41002,+34 625 071 770
282,Francisca Rius Diaz,99804599D,ES-00000282,1984-05-17,Murcia,Murcia,30062,+34 665 129 936
283,Samu Luís Arco,44895953E,ES-00000283,1974-04-07,Granada,Granada,18002,+34 652 141 151
284,Leopoldo Carretero Granados,10076682Z,ES-00000284,1965-08-20,Barcelona,Barcelona,08022,+34 682 525 428
285,América Donaire Miguel,43361720G,ES-00000285,1966-07-04,Bilbao,Bizkaia,48059,+34 750 529 259
286,Silvio de Bermejo,42640888S,ES-00000286,1998-06-02,Ourense,Ourense,32028,+34 603 246 198
287,Eva María Seco Cervantes,13358215E,ES-00000287,1989-08-30,Málaga,Málaga,29011,+34 621 325 343
288,Raquel Silva Carbonell,71016683C,ES-00000288,1979-08-31,Palma,Baleares,07023,+34 703 210 680
289,Leandro Romero Sáez,89260337M,ES-00000289,1973-05-18,Palma,Baleares,07019,+34 767 721 704
290,Jacobo de Ibáñez,62506429L,ES-00000290,1997-08-11,Badajoz,Badajoz,06040,+34 758 417 610
291,Toribio Cortés Morales,40840462Y,ES-00000291,1967-02-24,Huelva,Huelva,21041,+34 651 581 724
292,Octavio Escudero Jover,71920488V,ES-00000292,1992-03-04,Alcorcón,Madrid,28071,+34 697 409 395
293,Timoteo Marti-Río,92929422S,ES-00000293,1963-05-07,Córdoba,Córdoba,14048,+34 644 211 580
294,Marco Jara Coronado,58418628P,ES-00000294,1989-06-24,Sevilla,Sevilla,41008,+34 620 276 336
295,Cecilio Tejera Vallejo,09735148F,ES-00000295,1975-11-16,Zaragoza,Zaragoza,50012,+34 689 831 556
296,Celestina del Coronado,47915601T,ES-00000296,1984-06-13,Valencia,Valencia,46074,+34 687 449 515
297,Nando de Iñiguez,13584405F,ES-00000297,1977-07-03,Jerez de la Frontera,Cádiz,11007,+34 613 179 826
298,Yolanda Mir Mosquera,68918649T,ES-00000298,1949-03-11,Córdoba,Córdoba,14010,+34 660 780 434
299,Jessica Iñiguez Alsina,56821734G,ES-00000299,1972-09-12,Lugo,Lugo,27030,+34 689 073 080
300,Amancio Navarrete,05265942T,ES-00000300,1968-12-26,Madrid,Madrid,28068,+34 626 991 633
301,Juan Luis Marti,72661161K,ES-00000301,1987-12-31,Madrid,Madrid,28030,+34 746 952 906
302,Maricruz Izaguirre,91599082H,ES-00000302,1976-07-19,Santa Cruz de Tenerife,Santa Cruz de Tenerife,38061,+34 783 106 239
303,Clotilde Lago-Medina,21739641H,ES-00000303,1994-09-02,Huelva,Huelva,21033,+34 629 033 998
304,Iván Anaya Mosquera,41516124C,ES-00000304,1970-09-24,Barcelona,Barcelona,08036,+34 763 957 497
305,Emiliano Romero Soto,69853848L,ES-00000305,2003-02-15,Madrid,Madrid,28059,+34 667 601 315
306,Maximino Amorós Fernández,76807358P,ES-00000306,1976-09-06,Oviedo,Asturias,33074,+34 697 865 922
307,Jose Angel Villa Buendía,09380425J,ES-00000307,1969-07-28,Zaragoza,Zaragoza,50003,+34 794 564 385
308,Hortensia Vargas Calleja,05838016H,ES-00000308,1973-02-03,Salamanca,Salamanca,37053,+34 754 872 496
309,Julia Blanch Leon,81964662E,ES-00000309,1975-07-21,Barcelona,Barcelona,08077,+34 664 551 714
310,Marco Salamanca Barreda,64180702F,ES-00000310,1990-05-09,Zaragoza,Zaragoza,50018,+34 647 667 095
311,Ulises Montesinos,32504281Z,ES-00000311,1999-07-23,Barcelona,Barcelona,08068,+34 650 600 172
312,Aránzazu Hidalgo Garriga,05428749J,ES-00000312,1974-07-23,Getafe,Madrid,28033,+34 670 280 543
313,Lucila del Macias,78001382X,ES-00000313,1990-07-08,Madrid,Madrid,28013,+34 661 535 771
314,Calista del Sandoval,90827808A,ES-00000314,1978-11-16,Madrid,Madrid,28056,+34 786 531 782
315,Belén del Jerez,90165852X,ES-00000315,1975-11-20,L'Hospitalet de Llobregat,Barcelona,08038,+34 641 945 524
316,Lorenzo Cordero Fernandez,67261236J,ES-00000316,1978-10-03,Valladolid,Valladolid,47024,+34 641 247 936
317,Eligio Borrell-Peláez,51487541V,ES-00000317,2005-02-01,Barcelona,Barcelona,08020,+34 628 795 384
318,Clímaco Galán Benavides,28531343G,ES-00000318,1979-08-17,San Sebastián,Gipuzkoa,20055,+34 725 846 833
319,Prudencio Hernando,96519307Z,ES-00000319,1965-12-24,Sevilla,Sevilla,41040,+34 789 496 706
320,Ruy Escribano Ibañez,62309173B,ES-00000320,1982-09-04,Barcelona,Barcelona,08076,+34 744 070 126
321,Victor Manuel Caro Ricart,55423373C,ES-00000321,1964-10-14,Ourense,Ourense,32075,+34 638 907 898
322,Sergio Dávila Arana,13161705R,ES-00000322,1989-07-25,Sevilla,Sevilla,41066,+34 633 873 147
323,Mauricio Escamilla Cabanillas,00691450R,ES-00000323,1981-02-09,Girona,Girona,17076,+34 634 638 340
324,Plinio Coll-Diego,50699442J,ES-00000324,1976-12-01,Getafe,Madrid,28070,+34 611 796 877
325,Narciso Jordán,15859113S,ES-00000325,1973-07-04,Madrid,Madrid,28030,+34 687 554 775
326,Evangelina Carvajal Soriano,60754231F,ES-00000326,1971-01-20,Palma,Baleares,07044,+34 718 183 893
327,Lisandro Nogueira Milla,47431135Y,ES-00000327,1988-02-29,Zaragoza,Zaragoza,50072,+34 626 382 402
328,María Pilar Ángela Boada Llanos,22099157K,ES-00000328,1983-01-02,Palma,Baleares,07037,+34 646 949 353
329,Celestino del Román,13419511T,ES-00000329,1994-05-03,Las Palmas de Gran Canaria,Las Palmas,35024,+34 766 047 634
330,Ricardo de Arjona,00840751D,ES-00000330,1975-04-27,Granada,Granada,18061,+34 695 986 352
331,Lina Alba Asenjo Valencia,76936693Z,ES-00000331,1995-10-23,Madrid,Madrid,28066,+34 693 142 064
332,Agustina Galindo Anguita,39810795A,ES-00000332,1976-12-15,Oviedo,Asturias,33078,+34 659 420 820
333,Pastora Perales Benito,00613107L,ES-00000333,1965-09-02,Valencia,Valencia,46058,+34 680 412 930
334,Clímaco Perera Ugarte,50283972S,ES-00000334,1995-10-06,Málaga,Málaga,29056,+34 762 253 101
335,Salomón Avilés Anaya,47712088Z,ES-00000335,1977-03-13,Málaga,Málaga,29062,+34 713 341 275
336,Luis Ángel Bonet Ayuso,73230615H,ES-00000336,1970-09-08,Sevilla,Sevilla,41065,+34 629 279 735
337,María Jesús Gisela Romero Gomila,92009202W,ES-00000337,1987-07-07,Valencia,Valencia,46045,+34 738 611 392
338,Filomena Pareja-Alfaro,47629836X,ES-00000338,1973-11-03,Málaga,Málaga,29016,+34 688 924 092
339,Felix Villanueva Castillo,60434975Z,ES-00000339,1990-02-12,Madrid,Madrid,28066,+34 783 180 126
340,Ale Ribes Aller,90053887D,ES-00000340,1990-08-21,Valencia,Valencia,46053,+34 731 395 526
341,Maricela Feliu Piña,88336445T,ES-00000341,1994-10-06,Oviedo,Asturias,33056,+34 696 885 769
342,Benjamín Colom Calvo,64819554B,ES-00000342,1983-12-07,A Coruña,A Coruña,15017,+34 793 610 003
343,Agapito Gimeno Perera,10522230Y,ES-00000343,1983-09-28,Barcelona,Barcelona,08065,+34 797 954 065
344,Esteban Plana Cepeda,45274948T,ES-00000344,1985-03-13,Valencia,Valencia,46015,+34 693 208 233
345,Gerónimo del Almagro,73513085W,ES-00000345,1983-05-29,Madrid,Madrid,28008,+34 662 861 511
346,Ainoa Valdés,97775149X,ES-00000346,1948-10-01,Barcelona,Barcelona,08043,+34 645 470 155
347,Ofelia Martínez Nadal,24980409V,ES-00000347,1960-02-01,Madrid,Madrid,28071,+34 756 889 618
348,Anunciación Pedrero,10418523Y,ES-00000348,1977-05-21,Córdoba,Córdoba,14041,+34 641 346 419
349,Rómulo Lino Solsona Torrents,20385623X,ES-00000349,1968-11-19,Badajoz,Badajoz,06045,+34 687 905 733
350,Natalia Valls Mas,08621785M,ES-00000350,1969-05-01,Valencia,Valencia,46004,+34 652 700 192
351,Octavia Ródenas Lara,82640502F,ES-00000351,1969-06-08,Las Palmas de Gran Canaria,Las Palmas,35044,+34 629 334 347
352,Olga de Barco,61666960G,ES-00000352,1990-07-27,Barcelona,Barcelona,08079,+34 616 040 083
353,Bárbara Salmerón Ortiz,39729064Z,ES-00000353,1966-07-21,Valladolid,Valladolid,47048,+34 624 990 863
354,Juana Franco-Mateos,08414219Z,ES-00000354,1978-08-27,Madrid,Madrid,28014,+34 628 301 985
355,Eulalia Palacio Casanova,22259991Q,ES-00000355,1981-06-04,Málaga,Málaga,29021,+34 624 872 210
356,Celia Arnau-Duque,33391710B,ES-00000356,1973-06-11,Barcelona,Barcelona,08041,+34 609 594 866
357,Jose Ramón Márquez Soler,05831378G,ES-00000357,1979-05-25,Vitoria-Gasteiz,Álava,01009,+34 670 641 113
358,Aurelia Quintanilla,91244780P,ES-00000358,1986-01-27,Barcelona,Barcelona,08027,+34 640 417 935
359,Corona Cervantes Plaza,52547660C,ES-00000359,1965-05-19,Barcelona,Barcelona,08012,+34 654 745 020
360,Estrella Farré Giménez,95277605J,ES-00000360,1972-04-27,Madrid,Madrid,28013,+34 738 035 112
361,Paloma Clemente Anaya,37957734Y,ES-00000361,2007-08-17,Córdoba,Córdoba,14070,+34 722 273 246
362,Maite Luís Agudo,19443238G,ES-00000362,1988-03-05,Sevilla,Sevilla,41025,+34 687 169 759
363,Carmen Fuster Lloret,13544379R,ES-00000363,1981-02-05,Vigo,Pontevedra,36072,+34 677 606 930
364,Merche Gilabert Olivé,25630145A,ES-00000364,1997-08-23,Madrid,Madrid,28062,+34 650 072 454
365,Jesús de Salmerón,44778118Q,ES-00000365,1942-01-14,Cádiz,Cádiz,11044,+34 769 996 478
366,Juan José Ariel Mur Blanes,80241913L,ES-00000366,1980-06-14,Valencia,Valencia,46045,+34 626 806 942
367,Nayara Alemán Carnero,41702500G,ES-00000367,1999-06-17,Jerez de la Frontera,Cádiz,11043,+34 742 148 130
368,César Delgado-Marti,63961232A,ES-00000368,1949-07-02,Zamora,Zamora,49007,+34 681 358 582
369,Jorge Isidoro Barros Becerra,88128050P,ES-00000369,1940-07-26,Guadalajara,Guadalajara,19076,+34 674 528 873
370,Samanta Escribano Murcia,16572024H,ES-00000370,1952-11-03,Santa Cruz de Tenerife,Santa Cruz de Tenerife,38078,+34 704 799 875
371,Haydée Barco Llobet,82851992N,ES-00000371,1993-02-28,Santa Cruz de Tenerife,Santa Cruz de Tenerife,38026,+34 735 386 777
372,Luis Morán-Boada,57085836C,ES-00000372,1995-11-15,Las Palmas de Gran Canaria,Las Palmas,35072,+34 636 523 929
373,Manuela Barranco Merino,53281283N,ES-00000373,1974-04-08,Pamplona,Navarra,31008,+34 603 823 819
374,Patricio de Cabrera,06052927V,ES-00000374,1986-09-01,Bilbao,Bizkaia,48047,+34 679 095 981
375,Juan Antonio Calzada Real,25807603Q,ES-00000375,1986-04-10,L'Hospitalet de Llobregat,Barcelona,08003,+34 610 062 365
376,Inmaculada Murillo Bellido,80216603D,ES-00000376,1975-12-26,Ávila,Ávila,05005,+34 763 412 363
377,Primitivo Borrego Hervia,67040255Q,ES-00000377,1954-11-28,Bilbao,Bizkaia,48071,+34 632 138 286
378,Eusebio Perera Grande,51193585R,ES-00000378,1991-01-08,Madrid,Madrid,28032,+34 774 319 043
379,Godofredo Ballesteros Baquero,62311166A,ES-00000379,1989-03-04,Palencia,Palencia,34043,+34 602 879 660
380,Ruy Saavedra Olivé,55943861H,ES-00000380,1956-12-11,Murcia,Murcia,30016,+34 675 888 540
381,Salomón Gascón Téllez,74613619D,ES-00000381,1978-11-11,Barcelona,Barcelona,08050,+34 653 075 037
382,Eli López Mayo,82468585S,ES-00000382,1975-04-16,Ciudad Real,Ciudad Real,13051,+34 784 186 918
383,María Pilar Gabriela Hoz Esteve,02360921V,ES-00000383,2007-01-15,Madrid,Madrid,28067,+34 711 144 216
384,Julia Madrid,59863434T,ES-00000384,1990-09-29,Barcelona,Barcelona,08052,+34 715 104 615
385,Purificación Cortés Sanchez,17758709H,ES-00000385,1973-07-28,Málaga,Málaga,29066,+34 664 076 161
386,Raúl González,55135260M,ES-00000386,1974-02-23,Málaga,Málaga,29046,+34 609 188 734
387,Marino Collado Hervia,25125120N,ES-00000387,1961-11-05,Badalona,Barcelona,08053,+34 702 006 522
388,Esmeralda Redondo Costa,07405894D,ES-00000388,1997-08-23,Madrid,Madrid,28070,+34 734 366 225
389,Eva María Agustín Medina,14608533Z,ES-00000389,1985-11-25,Sevilla,Sevilla,41042,+34 697 102 284
390,Rita Águila Pombo,69969105T,ES-00000390,1972-02-28,Elche,Alicante,03077,+34 735 606 771
391,Ovidio Juan,45625355W,ES-00000391,1968-01-08,Sevilla,Sevilla,41060,+34 747 245 062
392,Damián Villanueva Rios,27187048J,ES-00000392,1996-12-22,Badalona,Barcelona,08067,+34 616 895 224
393,Xavier Grau-Sales,04369873B,ES-00000393,1973-01-05,Lleida,Lleida,25032,+34 696 666 978
394,Natanael Vizcaíno Sevillano,85769170P,ES-00000394,1969-08-28,Bilbao,Bizkaia,48026,+34 724 123 305
395,Rafael Bonet Peñalver,55790191B,ES-00000395,1973-06-06,Badajoz,Badajoz,06076,+34 626 550 114
396,Renata María Manuela Bastida Dueñas,55700738M,ES-00000396,1974-02-07,Castellón de la Plana,Castellón,12056,+34 674 053 369
397,Lola Olivares,43611780P,ES-00000397,1979-03-16,Logroño,La Rioja,26047,+34 644 723 507
398,Onofre del Cabeza,38832519D,ES-00000398,1971-02-05,Logroño,La Rioja,26008,+34 661 664 746
399,Emma Amores Esparza,08804008E,ES-00000399,1959-11-16,Sevilla,Sevilla,41069,+34 789 212 533
400,Cruz Juan José Francisco Salcedo,20294037X,ES-00000400,1976-10-11,Cádiz,Cádiz,11052,+34 686 173 511
401,Alex Sedano,13890980S,ES-00000401,1963-10-06,Valencia,Valencia,46035,+34 796 649 583
402,Áurea Checa Iriarte,29110762F,ES-00000402,1986-04-10,Madrid,Madrid,28051,+34 789 749 526
403,Elpidio Vilaplana Girón,19888264A,ES-00000403,1946-10-08,Vigo,Pontevedra,36004,+34 774 282 568
404,Celso de Pomares,03555142D,ES-00000404,1951-05-02,Albacete,Albacete,02070,+34 621 457 638
405,Renata Amigó Tirado,36553358X,ES-00000405,1990-06-22,Sevilla,Sevilla,41001,+34 600 361 733
406,Édgar Borrás Barrios,83432534B,ES-00000406,1950-01-05,Madrid,Madrid,28076,+34 760 663 052
407,Ruperta de Doménech,80143890E,ES-00000407,2005-12-08,Alicante,Alicante,03013,+34 680 577 471
408,Claudia Gracia Arnal,04367043X,ES-00000408,1980-12-07,Barcelona,Barcelona,08007,+34 676 921 151
409,Ágata Villanueva Nebot,10439841A,ES-00000409,1992-04-26,Madrid,Madrid,28021,+34 607 091 437
410,Luisa Torres Gálvez,83168057B,ES-00000410,1969-09-18,Valladolid,Valladolid,47073,+34 671 659 355
411,Adoración Canales Villanueva,82908226B,ES-00000411,1983-01-08,Madrid,Madrid,28044,+34 623 350 015
412,Jeremías Borja Macias Sarmiento,85512884B,ES-00000412,1976-02-16,Ciudad Real,Ciudad Real,13012,+34 658 438 583
413,Juan Manuel Haro Roura,90417455Q,ES-00000413,1958-07-03,Valencia,Valencia,46024,+34 629 691 593
414,Olga Palomo Gisbert,45525717T,ES-00000414,1987-12-11,Murcia,Murcia,30024,+34 687 793 664
415,Dorita Rivera-Berenguer,89673442F,ES-00000415,2006-12-16,L'Hospitalet de Llobregat,Barcelona,08019,+34 771 290 932
416,Rafaela Aragón,71179182R,ES-00000416,1973-04-13,Madrid,Madrid,28063,+34 740 596 088
417,Borja Lasa Galán,70153769C,ES-00000417,1966-05-19,Castellón de la Plana,Castellón,12048,+34 792 132 433
418,Javier Sanjuan Córdoba,90306668C,ES-00000418,1977-02-26,Madrid,Madrid,28002,+34 750 896 621
419,Federico Losada Oliva,53652507Q,ES-00000419,1973-04-12,Granada,Granada,18065,+34 783 507 980
420,Ildefonso Oliva Requena,71384466X,ES-00000420,1980-02-29,Jerez de la Frontera,Cádiz,11071,+34 672 725 190
421,Angelino Girona Valverde,29003650Y,ES-00000421,1974-09-21,Murcia,Murcia,30028,+34 684 094 691
422,Natalia Redondo-Abellán,25261729R,ES-00000422,1981-06-22,Madrid,Madrid,28013,+34 670 204 779
423,Adoración Ureña Estrada,07753655X,ES-00000423,1993-01-15,Vitoria-Gasteiz,Álava,01042,+34 620 556 503
424,Abilio Piñeiro Cazorla,79822643Q,ES-00000424,1975-04-25,Salamanca,Salamanca,37031,+34 629 927 497
425,Basilio Amat Izquierdo,30785740X,ES-00000425,1977-03-24,Sevilla,Sevilla,41025,+34 694 330 227
426,Rosalva Montero Rey,55468015L,ES-00000426,1970-11-25,Girona,Girona,17004,+34 672 495 168
427,Octavia del Almansa,01905917E,ES-00000427,1985-01-18,Barcelona,Barcelona,08004,+34 633 483 255
428,Valentina Yáñez Quiroga,53093803M,ES-00000428,1964-07-09,Castellón de la Plana,Castellón,12068,+34 661 621 301
429,Angelina Carrasco,85088579X,ES-00000429,2007-03-22,Madrid,Madrid,28006,+34 643 120 496
430,Cándido Elías Palomo Tenorio,65509614W,ES-00000430,1960-08-10,Santander,Cantabria,39079,+34 610 189 070
431,Ainara Vizcaíno Palma,13517021J,ES-00000431,1982-01-16,Córdoba,Córdoba,14053,+34 630 773 558
432,Victor Manuel de Castillo,91045043A,ES-00000432,1954-12-14,Madrid,Madrid,28010,+34 658 449 162
433,Gaspar Escolano Anglada,40292179C,ES-00000433,1974-11-04,Madrid,Madrid,28004,+34 757 589 056
434,Marisela del Pozuelo,11797632N,ES-00000434,1939-08-26,Madrid,Madrid,28070,+34 663 439 351
435,Felicia Boix Lledó,54643138Z,ES-00000435,1985-06-02,Cartagena,Murcia,30008,+34 635 771 167
436,Benito Serna Salinas,96778174Q,ES-00000436,1980-05-20,Las Palmas de Gran Canaria,Las Palmas,35034,+34 694 969 393
437,Noelia Marqués Bernal,11658751M,ES-00000437,1971-07-08,Córdoba,Córdoba,14048,+34 680 890 584
438,Hernando Madrigal Haro,30698659F,ES-00000438,1988-12-19,Málaga,Málaga,29022,+34 643 515 000
439,Esteban Blanch Prat,35646887S,ES-00000439,1962-07-12,Madrid,Madrid,28076,+34 649 506 146
440,Valentina Gomila Gallardo,85338614N,ES-00000440,1940-01-03,Valladolid,Valladolid,47004,+34 718 705 769
441,Almudena Jordá Frías,77150711V,ES-00000441,2007-10-02,Las Palmas de Gran Canaria,Las Palmas,35034,+34 712 065 344
442,Serafina Llorente Escamilla,06471100G,ES-00000442,1980-06-16,Cartagena,Murcia,30071,+34 615 008 550
443,Jose Carlos Herrera Cáceres,53795087L,ES-00000443,1950-10-31,Madrid,Madrid,28050,+34 682 409 260
444,Gregorio Nando Peinado Cabrera,88581834W,ES-00000444,1979-11-27,Madrid,Madrid,28060,+34 652 213 268
445,Ceferino Escamilla Coloma,99406447X,ES-00000445,1957-07-24,Murcia,Murcia,30052,+34 666 849 633
446,Primitiva del Zabala,73874696F,ES-00000446,1991-08-21,Jerez de la Frontera,Cádiz,11066,+34 748 506 727
447,Eva Cerdán,89763360H,ES-00000447,1984-12-01,Alcorcón,Madrid,28010,+34 652 256 152
448,Lorenzo Posada,43232072F,ES-00000448,1972-08-20,Madrid,Madrid,28071,+34 678 707 059
449,Álvaro Victoriano Izaguirre Vall,30450530W,ES-00000449,1970-05-29,Oviedo,Asturias,33043,+34 600 909 427
450,Susanita Llabrés-Ortega,40189803V,ES-00000450,1976-12-11,Barcelona,Barcelona,08026,+34 696 605 974
451,Leticia Tomás,49546053M,ES-00000451,1982-10-01,Toledo,Toledo,45021,+34 716 052 122
452,Anabel de Osuna,25867828G,ES-00000452,1987-02-09,Jerez de la Frontera,Cádiz,11026,+34 657 585 539
453,Melania Charo Mendez Montalbán,39675770B,ES-00000453,1972-03-14,Madrid,Madrid,28007,+34 751 907 979
454,Marcio Tiburcio Rocha Cal,90916631T,ES-00000454,1974-06-03,Madrid,Madrid,28024,+34 797 911 308
455,Hugo Palomino Coca,75685682L,ES-00000455,1990-11-21,Sevilla,Sevilla,41005,+34 682 276 173
456,Leonardo Pou Valcárcel,90146790S,ES-00000456,1979-01-19,Barcelona,Barcelona,08029,+34 611 536 060
457,Verónica Huguet Rius,63375888D,ES-00000457,1996-08-31,Barcelona,Barcelona,08058,+34 645 790 231
458,Fabiana Caro Agustí,11206844W,ES-00000458,1973-03-18,Toledo,Toledo,45017,+34 608 500 982
459,Ana Franch Pelayo,43411202J,ES-00000459,1976-07-25,Bilbao,Bizkaia,48059,+34 687 601 890
460,Ana Belén Gallego Lastra,07600310Y,ES-00000460,1961-08-11,Murcia,Murcia,30025,+34 655 060 128
461,María Teresa Jódar-Pinto,19208984M,ES-00000461,1973-04-06,A Coruña,A Coruña,15047,+34 676 194 634
462,Rosa María Lluch Lluch,86541046G,ES-00000462,1993-09-29,Madrid,Madrid,28036,+34 642 049 941
463,María Dolores Soler Amaya,69402564H,ES-00000463,1982-03-04,Las Palmas de Gran Canaria,Las Palmas,35047,+34 638 671 063
464,Josefa Pujadas Lopez,80318734C,ES-00000464,1966-06-02,Barcelona,Barcelona,08071,+34 627 256 190
465,Marcela Galvez-Casanovas,44307969X,ES-00000465,1952-04-05,Zaragoza,Zaragoza,50052,+34 649 721 175
466,Fernanda Vidal Vera,42395223J,ES-00000466,1968-05-31,Valladolid,Valladolid,47010,+34 722 226 603
467,Felisa Aguilar Arteaga,84881319A,ES-00000467,1991-07-13,Alicante,Alicante,03039,+34 798 271 621
468,Aníbal Soriano,10972440Z,ES-00000468,1967-03-06,Zaragoza,Zaragoza,50035,+34 663 945 287
469,Raimundo Arellano Abellán,98281967T,ES-00000469,1982-03-24,Madrid,Madrid,28002,+34 676 308 017
470,Virgilio Farré Blanco,59573469L,ES-00000470,1980-01-21,Almería,Almería,04025,+34 643 432 320
471,Hugo Nuñez Alcolea,52652436P,ES-00000471,1993-05-04,Barcelona,Barcelona,08006,+34 634 407 221
472,Custodia Mate Pozo,33443077L,ES-00000472,1986-01-05,Barcelona,Barcelona,08073,+34 797 739 087
473,Emelina Maricela Porta Valdés,63090470K,ES-00000473,1990-05-01,Zamora,Zamora,49018,+34 756 356 870
474,Rufina Barreda Gimeno,77770229F,ES-00000474,1975-09-23,Madrid,Madrid,28060,+34 689 765 609
475,Amado Sevillano Serra,44764139K,ES-00000475,1991-03-01,Madrid,Madrid,28050,+34 707 527 044
476,Adriana Buendía Coloma,45978323N,ES-00000476,1982-02-06,Madrid,Madrid,28012,+34 602 345 384
477,Hilario Vélez Daza,10435093Q,ES-00000477,1995-05-03,Pamplona,Navarra,31004,+34 653 035 134
478,Maximino Cid,57471037V,ES-00000478,1971-07-10,Badalona,Barcelona,08058,+34 761 065 046
479,Isabela Cárdenas Ribas,88389366K,ES-00000479,1980-02-07,Córdoba,Córdoba,14028,+34 730 721 218
480,Abilio Carreño Amo,91863143Q,ES-00000480,1955-08-18,A Coruña,A Coruña,15016,+34 710 434 776
481,Bautista Puig Bustamante,02335614X,ES-00000481,1980-08-05,Vitoria-Gasteiz,Álava,01055,+34 666 119 285
482,Albino Villena,09312129G,ES-00000482,1970-09-23,Ciudad Real,Ciudad Real,13029,+34 620 294 254
483,Mar Catalá Varela,60119618X,ES-00000483,1988-04-05,Las Palmas de Gran Canaria,Las Palmas,35063,+34 642 928 035
484,Natividad Tomé Torrent,88331820K,ES-00000484,1978-06-16,Madrid,Madrid,28013,+34 797 323 440
485,Susanita Carvajal Espejo,92339446N,ES-00000485,1974-05-07,Madrid,Madrid,28015,+34 775 012 161
486,Xavier Lamas Iglesias,23519460M,ES-00000486,1999-12-04,Santa Cruz de Tenerife,Santa Cruz de Tenerife,38076,+34 610 757 041
487,Ana Belén Trini Cerdán Atienza,55039298E,ES-00000487,1953-01-27,San Sebastián,Gipuzkoa,20056,+34 669 194 661
488,Elvira Amaya Manuel,84742154B,ES-00000488,2004-04-15,Madrid,Madrid,28051,+34 718 104 431
489,Javier Castelló,79925007F,ES-00000489,1985-09-24,Vigo,Pontevedra,36035,+34 735 178 635
490,Remedios Beltrán Alegre,66065942Y,ES-00000490,1987-02-25,Getafe,Madrid,28005,+34 754 937 939
491,Adelia Estevez,27073144M,ES-00000491,1982-06-29,Vitoria-Gasteiz,Álava,01039,+34 625 531 385
492,Agapito España Higueras,52182238E,ES-00000492,1972-12-26,Zaragoza,Zaragoza,50039,+34 614 714 481
493,Lupe Mateo Asenjo,56732349C,ES-00000493,1966-07-08,Madrid,Madrid,28060,+34 602 575 702
494,Isidro del Gomis,30141252M,ES-00000494,1970-02-18,Madrid,Madrid,28020,+34 792 608 485
495,Carlos Polo Alcalde,12545655Y,ES-00000495,1977-02-03,Murcia,Murcia,30060,+34 603 323 430
496,Paula Adriana Muro Mendizábal,29945761Z,ES-00000496,1977-06-20,Madrid,Madrid,28031,+34 772 294 804
497,Juliana Peña Conde,22599429C,ES-00000497,1939-05-16,Málaga,Málaga,29039,+34 676 773 817
498,Claudia Leon Alsina,80431991W,ES-00000498,1982-03-01,Valencia,Valencia,46021,+34 601 484 899
499,Fátima Galiano Raya,67985634A,ES-00000499,1987-05-17,Madrid,Madrid,28057,+34 708 582 764
500,Anastasio Salas Colom,54156778N,ES-00000500,1992-11-09,Palma,Baleares,07024,+34 622 568 222
501,Jose Ignacio Egea,91208603X,ES-00000501,2007-02-26,Las Palmas de Gran Canaria,Las Palmas,35048,+34 765 203 115
502,Marcos Escamilla Martí,83064808D,ES-00000502,1970-09-13,Barcelona,Barcelona,08068,+34 781 157 310
503,Albert Cabo-Donaire,77739933W,ES-00000503,1969-12-16,Melilla,Melilla,52032,+34 625 985 501
504,Brígida Morante-Sancho,96301081N,ES-00000504,1984-06-18,Sevilla,Sevilla,41034,+34 707 187 835
505,Geraldo Ribas,88900881Q,ES-00000505,1968-01-06,Badajoz,Badajoz,06026,+34 619 314 006
506,Otilia Quiroga Polo,72326431X,ES-00000506,1960-06-22,Santa Cruz de Tenerife,Santa Cruz de Tenerife,38023,+34 653 294 388
507,Nicodemo Nilo Vara Llano,65972565D,ES-00000507,1988-12-13,Madrid,Madrid,28024,+34 604 312 926
508,Héctor Garcés,53625502J,ES-00000508,1978-07-07,Pamplona,Navarra,31025,+34 663 144 258
509,Isaías Carbó,70045456Z,ES-00000509,1994-01-14,Murcia,Murcia,30075,+34 688 515 839
510,Mateo Vaquero Santos,55198816N,ES-00000510,1993-12-27,Barcelona,Barcelona,08033,+34 766 844 338
511,Zaira Rosalva Gelabert Gomis,07178133V,ES-00000511,2007-02-06,Valladolid,Valladolid,47064,+34 781 925 622
512,Elisabet Vigil Díez,83575717L,ES-00000512,1956-07-10,Madrid,Madrid,28078,+34 661 886 549
513,Eloísa Iniesta Carbajo,47561567M,ES-00000513,1964-05-28,Madrid,Madrid,28035,+34 743 615 712
514,Josefina Carmona Parejo,43522660J,ES-00000514,1977-04-07,Palma,Baleares,07015,+34 776 337 488
515,Amancio Vicens,02659703Y,ES-00000515,1959-06-12,Murcia,Murcia,30062,+34 763 757 057
516,Aurelia Ojeda Valbuena,40207465S,ES-00000516,1965-10-24,Palma,Baleares,07077,+34 656 243 182
517,Lucila Gilabert Barros,42818184G,ES-00000517,1963-12-03,Córdoba,Córdoba,14049,+34 767 795 816
518,Ruperto Alejo Bolaños Fabregat,87094747A,ES-00000518,1983-03-15,Málaga,Málaga,29053,+34 612 152 702
519,Octavio Victor Manuel Miranda García,51095477B,ES-00000519,1962-03-01,Madrid,Madrid,28002,+34 695 824 030
520,Aurelio Dalmau-Noriega,60359008Q,ES-00000520,1988-07-08,Gijón,Asturias,33070,+34 626 449 699
521,Marciano Verdejo Figueras,48069459B,ES-00000521,1974-08-21,Madrid,Madrid,28051,+34 673 560 426
522,Heliodoro Fermín Cervantes Infante,93326332Z,ES-00000522,1991-04-17,Jaén,Jaén,23035,+34 649 556 880
523,Haroldo Pedro Calderón,67769738P,ES-00000523,1978-12-23,Sevilla,Sevilla,41006,+34 679 640 924
524,Plinio Pérez-Salmerón,89196906P,ES-00000524,1957-01-08,Zaragoza,Zaragoza,50045,+34 602 257 925
525,Albina Dalila Escudero Sabater,68357024N,ES-00000525,1966-04-19,Badalona,Barcelona,08062,+34 698 097 259
526,Clementina Orozco Coca,98794683T,ES-00000526,1974-04-30,Elche,Alicante,03077,+34 691 234 741
527,Rolando Riquelme,29789585P,ES-00000527,1970-08-23,Madrid,Madrid,28014,+34 623 540 523
528,Loida Salas Roda,21362219A,ES-00000528,1970-01-11,Albacete,Albacete,02019,+34 694 018 701
529,Javiera Chamorro Ordóñez,42327224W,ES-00000529,1985-07-01,Almería,Almería,04041,+34 634 858 395
530,Melania Cabo Niño,95991753B,ES-00000530,1992-02-02,Madrid,Madrid,28039,+34 612 168 984
531,Marcelo Dueñas Valcárcel,89953228K,ES-00000531,2007-09-25,Gijón,Asturias,33061,+34 698 844 420
532,Carlito Alfonso Iborra,28449825K,ES-00000532,1967-07-29,Madrid,Madrid,28011,+34 622 751 715
533,Maristela Odalis Ríos Romero,52922096Q,ES-00000533,1973-09-30,Pamplona,Navarra,31071,+34 754 458 049
534,Zaida Valdés Ponce,02690672V,ES-00000534,2007-08-07,Valladolid,Valladolid,47036,+34 685 762 838
535,Jafet Peña Cueto,31957570J,ES-00000535,2000-11-11,Madrid,Madrid,28009,+34 691 125 586
536,Tristán Donoso Prats,80147860J,ES-00000536,1993-02-07,Málaga,Málaga,29064,+34 783 426 662
537,Feliciano de Poza,36142613E,ES-00000537,1989-03-09,Zaragoza,Zaragoza,50072,+34 654 873 604
538,Amalia Alcaraz Montenegro,87768175Z,ES-00000538,1962-09-17,Barcelona,Barcelona,08076,+34 696 969 238
539,Florentina Moya,47976214P,ES-00000539,1983-05-19,Getafe,Madrid,28007,+34 625 378 091
540,Severo Montes Cisneros,79623283C,ES-00000540,1979-06-29,Zaragoza,Zaragoza,50043,+34 739 827 089
541,Agapito Clímaco Batlle Arévalo,56556854S,ES-00000541,2000-08-30,Madrid,Madrid,28046,+34 795 797 758
542,Yago Manso Mínguez,43271703D,ES-00000542,2001-04-27,Salamanca,Salamanca,37052,+34 738 252 653
543,Maximiliano Mancebo-Pelayo,67357510D,ES-00000543,1970-11-18,Madrid,Madrid,28014,+34 684 041 167
544,Sebastián Bravo Catalán,33434744N,ES-00000544,1969-12-30,Cáceres,Cáceres,10056,+34 795 953 354
545,Celestina Múñiz-Palma,36842182T,ES-00000545,1989-03-21,Granada,Granada,18031,+34 660 959 521
546,Leticia Alcalá-Llopis,74071810B,ES-00000546,1992-12-20,Málaga,Málaga,29076,+34 639 207 463
547,Evaristo Soler Pujadas,80584768J,ES-00000547,1986-10-22,Córdoba,Córdoba,14071,+34 793 938 945
548,Felix Mosquera-Salas,11955421K,ES-00000548,1948-04-27,Jaén,Jaén,23073,+34 653 583 701
549,Adora Dalila Cifuentes Aranda,91964309M,ES-00000549,1999-08-03,Huelva,Huelva,21053,+34 742 886 442
550,Fabricio Marqués-Bayo,78987535S,ES-00000550,2002-03-27,Madrid,Madrid,28052,+34 632 409 932
551,Lupe Gomila Aramburu,88366107S,ES-00000551,1995-12-25,Burgos,Burgos,09006,+34 663 681 825
552,Pepe del Castrillo,66872097B,ES-00000552,1965-12-02,Madrid,Madrid,28017,+34 692 360 000
553,Anunciación Araujo Hoyos,96530491C,ES-00000553,1990-11-23,Palma,Baleares,07028,+34 699 164 762
554,Aura Roda Guitart,04003562K,ES-00000554,2002-03-08,Málaga,Málaga,29057,+34 742 766 771
555,Cleto Cañete Bustamante,62134634L,ES-00000555,1982-09-19,Barcelona,Barcelona,08071,+34 673 986 636
556,Américo Gutiérrez Castilla,80264660L,ES-00000556,1976-09-24,Zaragoza,Zaragoza,50019,+34 737 767 947
557,Natanael Apolinar Juliá Calderon,82019764Q,ES-00000557,1980-11-18,Gijón,Asturias,33058,+34 621 447 835
558,Ale del Garriga,20504872G,ES-00000558,1979-02-22,Castellón de la Plana,Castellón,12047,+34 680 059 547
559,Primitivo Tomás Ibañez,07100047Q,ES-00000559,1975-04-22,Barcelona,Barcelona,08036,+34 653 986 405
560,Obdulia Rosado Mercader,86806307Y,ES-00000560,1981-07-23,Jerez de la Frontera,Cádiz,11041,+34 619 185 668
561,Clementina Mendez-Cervera,11857745A,ES-00000561,1991-04-20,Sevilla,Sevilla,41025,+34 687 377 818
562,Lucila Sans Perera,76145027P,ES-00000562,1992-06-25,Zaragoza,Zaragoza,50051,+34 632 704 524
563,Sebastian del Cámara,32692849M,ES-00000563,1999-10-25,Madrid,Madrid,28059,+34 627 335 506
564,Alondra Briones Carvajal,06861171H,ES-00000564,1991-05-15,A Coruña,A Coruña,15034,+34 646 176 194
565,Iris Ferrer Ramis,29698119J,ES-00000565,1980-06-29,Málaga,Málaga,29048,+34 799 103 838
566,Paulino Arcos Farré,50781030C,ES-00000566,1988-08-09,Barcelona,Barcelona,08060,+34 615 754 296
567,Melisa Ayllón-Cazorla,82325302E,ES-00000567,1978-09-15,Castellón de la Plana,Castellón,12001,+34 733 339 282
568,Isidoro Chacón-Porras,33349708F,ES-00000568,2006-02-14,Madrid,Madrid,28057,+34 693 458 067
569,Iker Llamas-Moliner,81977969N,ES-00000569,1966-11-11,Madrid,Madrid,28030,+34 659 283 426
570,Mireia Mur,39790015S,ES-00000570,1998-09-06,Guadalajara,Guadalajara,19040,+34 630 174 592
571,Alex Amo Barragán,20644227W,ES-00000571,1976-10-01,Vitoria-Gasteiz,Álava,01012,+34 695 912 217
572,Francisco Cazorla Nogueira,36638453M,ES-00000572,1973-02-19,Córdoba,Córdoba,14046,+34 785 550 468
573,Jenaro Nieto Folch,13291234V,ES-00000573,2007-03-26,L'Hospitalet de Llobregat,Barcelona,08043,+34 710 048 522
574,Petrona Hernandez Rovira,68179255X,ES-00000574,1987-09-19,Las Palmas de Gran Canaria,Las Palmas,35024,+34 726 049 646
575,Amador Juliá Uría,23593074L,ES-00000575,1960-09-10,A Coruña,A Coruña,15002,+34 610 397 588
576,Eloísa Alberto-Pino,08629619L,ES-00000576,1973-08-18,Zaragoza,Zaragoza,50025,+34 720 090 787
577,Dionisio Mayo Tenorio,49444536X,ES-00000577,1981-11-07,Sevilla,Sevilla,41010,+34 654 340 336
578,Marita Dionisia Valero Montes,29438410C,ES-00000578,1971-11-21,Córdoba,Córdoba,14047,+34 656 957 867
579,Nicolasa Cintia Santos Toledo,68783300Y,ES-00000579,1958-10-09,Granada,Granada,18066,+34 706 574 381
580,Sara Esteve,19288229S,ES-00000580,1961-06-29,Madrid,Madrid,28061,+34 606 873 499
581,Aarón Leon,47201260Q,ES-00000581,1974-12-15,Terrassa,Barcelona,08078,+34 675 295 508
582,Lucía Vara,73188826C,ES-00000582,1957-03-25,Burgos,Burgos,09035,+34 756 741 133
583,Evelia Hervás Aroca,74529044M,ES-00000583,1970-07-20,Santander,Cantabria,39041,+34 649 537 764
584,Ale Escrivá Rios,37325478C,ES-00000584,1976-10-07,Alicante,Alicante,03037,+34 790 370 971
585,Hipólito Pi-Ariño,67179945G,ES-00000585,1983-01-12,Córdoba,Córdoba,14052,+34 693 148 895
586,Aureliano Marcelino Giner Yáñez,11717996W,ES-00000586,1980-03-12,Málaga,Málaga,29004,+34 607 860 321
587,Máximo Leiva Amores,83343796F,ES-00000587,1968-02-12,Las Palmas de Gran Canaria,Las Palmas,35071,+34 619 622 596
588,Saturnino Sainz-Linares,67727218S,ES-00000588,2000-12-20,Barcelona,Barcelona,08063,+34 678 872 139
589,Tomás Ferrera Morell,10642678A,ES-00000589,1991-04-18,Madrid,Madrid,28014,+34 678 638 039
590,Victoriano Adadia Roldán,62594802A,ES-00000590,1995-03-25,San Sebastián,Gipuzkoa,20039,+34 772 656 050
591,Gustavo Márquez Cobo,01358581V,ES-00000591,1981-04-03,Ourense,Ourense,32014,+34 618 033 948
592,Belen del Borrego,16902638F,ES-00000592,1946-01-11,Zaragoza,Zaragoza,50041,+34 617 038 944
593,Estefanía Juan Barragán,51746075P,ES-00000593,1973-05-06,Murcia,Murcia,30009,+34 728 841 750
594,Noelia de Ruiz,67479192K,ES-00000594,1989-09-12,Gijón,Asturias,33020,+34 627 846 454
595,Gerardo de Jerez,19861564Y,ES-00000595,1948-11-09,Barcelona,Barcelona,08030,+34 728 417 332
596,Adelardo Segovia-Oliver,88741809N,ES-00000596,1979-11-15,Zaragoza,Zaragoza,50061,+34 769 512 691
597,Cecilia Navarrete Iriarte,93206944L,ES-00000597,1998-06-01,Barcelona,Barcelona,08051,+34 602 622 515
598,Geraldo Sureda Fonseca,89093092Q,ES-00000598,1987-03-20,Las Palmas de Gran Canaria,Las Palmas,35008,+34 637 634 199
599,Zoraida Sureda Conesa,40178484Z,ES-00000599,1982-09-14,Alicante,Alicante,03029,+34 697 847 143
600,Augusto Antón Criado,23014234C,ES-00000600,1984-06-20,Barcelona,Barcelona,08062,+34 622 499 406
601,Pedro de Crespi,38728779E,ES-00000601,1990-01-31,San Sebastián,Gipuzkoa,20004,+34 775 800 517
602,Luna Torrent Leal,33236084A,ES-00000602,1992-11-03,Lugo,Lugo,27013,+34 791 661 097
603,Fausto Conde Jáuregui,72231756A,ES-00000603,1984-09-25,L'Hospitalet de Llobregat,Barcelona,08044,+34 641 247 449
604,Chus Cuéllar Ortega,33854330D,ES-00000604,1949-01-24,Valencia,Valencia,46076,+34 654 170 500
605,Casandra Ribas Cabrero,60202768S,ES-00000605,1965-03-30,L'Hospitalet de Llobregat,Barcelona,08009,+34 639 113 105
606,Débora Porta,62042995N,ES-00000606,1958-06-04,Soria,Soria,42004,+34 711 355 144
607,Carmina Sainz Barrio,25011043S,ES-00000607,1979-08-30,Logroño,La Rioja,26079,+34 645 258 453
608,Fausto Portillo Berenguer,79295537R,ES-00000608,2003-11-29,Huesca,Huesca,22042,+34 694 508 843
609,Nicodemo Atienza-Pelayo,76845000E,ES-00000609,1989-04-21,Barcelona,Barcelona,08057,+34 669 768 468
610,Wálter del Valls,40314865M,ES-00000610,1970-10-24,Albacete,Albacete,02018,+34 682 997 603
611,Marcelino Ramírez-Berrocal,49835563Z,ES-00000611,1967-10-13,Valencia,Valencia,46023,+34 608 881 474
612,Sol Hernández Pomares,11065406Z,ES-00000612,1987-11-04,Las Palmas de Gran Canaria,Las Palmas,35041,+34 654 455 946
613,Chus Teodoro Barrios Vergara,08525252A,ES-00000613,1976-11-06,L'Hospitalet de Llobregat,Barcelona,08039,+34 759 934 068
614,Iris Garay Tomas,90686942N,ES-00000614,1978-08-23,Valladolid,Valladolid,47021,+34 607 459 977
615,Chita de Salas,47467715Q,ES-00000615,1985-12-30,Alcorcón,Madrid,28039,+34 650 365 087
616,Curro Esteve Prat,86828470C,ES-00000616,1973-12-20,Vitoria-Gasteiz,Álava,01044,+34 626 603 958
617,Reinaldo Viñas Esparza,45684555T,ES-00000617,1968-04-10,Vitoria-Gasteiz,Álava,01056,+34 615 254 598
618,Pili Isaura Codina Cánovas,66120660F,ES-00000618,1993-02-13,Valencia,Valencia,46001,+34 796 079 427
619,Leticia Bayona-Tomé,87727762N,ES-00000619,1980-07-26,Málaga,Málaga,29051,+34 626 340 252
620,Sabas Tomé Palomino,69240964Q,ES-00000620,1974-01-06,Valladolid,Valladolid,47023,+34 766 349 711
621,Edelmira Palacios Carbonell,33340026P,ES-00000621,1969-04-21,Lugo,Lugo,27056,+34 612 163 273
622,Jafet Reig Porta,79179132E,ES-00000622,2007-11-25,Valladolid,Valladolid,47071,+34 777 786 874
623,Claudio Larrañaga,87951278Z,ES-00000623,1991-07-10,Bilbao,Bizkaia,48004,+34 618 746 333
624,Anselmo del Mateo,74155925S,ES-00000624,1965-07-11,Salamanca,Salamanca,37072,+34 671 552 984
625,Guiomar de Abella,39197667D,ES-00000625,1982-03-25,Sevilla,Sevilla,41012,+34 607 163 004
626,Andrea Llamas Barros,95597967P,ES-00000626,1976-08-10,Vitoria-Gasteiz,Álava,01001,+34 648 982 719
627,Reyes Daza Armas,44433010T,ES-00000627,1977-11-17,Gijón,Asturias,33069,+34 634 570 438
628,Araceli del Herranz,81588531X,ES-00000628,1998-10-26,Almería,Almería,04039,+34 626 133 912
629,Jennifer Ferrero-Valle,70985153T,ES-00000629,1960-08-16,Málaga,Málaga,29001,+34 662 597 187
630,Clímaco Pina Chico,03049111R,ES-00000630,1999-07-02,Madrid,Madrid,28012,+34 661 361 931
631,Aurelio Balaguer Escolano,61247527E,ES-00000631,1969-05-24,Alcorcón,Madrid,28060,+34 620 968 250
632,Remigio Hernandez Rueda,56745367C,ES-00000632,1972-03-25,Madrid,Madrid,28014,+34 643 805 842
633,Sosimo Guzman Barberá,55015739S,ES-00000633,1984-08-06,Palma,Baleares,07050,+34 621 234 537
634,Baldomero Granados-López,07760069F,ES-00000634,1982-08-19,Sevilla,Sevilla,41024,+34 717 736 115
635,Modesta Aroca Crespi,88839716P,ES-00000635,1973-02-06,Córdoba,Córdoba,14005,+34 661 184 403
636,Dominga Francisca Bayona Ripoll,12989997B,ES-00000636,1982-03-04,Madrid,Madrid,28020,+34 610 236 009
637,Rosa Paredes Ramis,92140624W,ES-00000637,1973-05-06,Madrid,Madrid,28031,+34 762 998 126
638,Emelina Llobet Donaire,11811284W,ES-00000638,1983-04-25,Tarragona,Tarragona,43041,+34 616 435 395
639,Jordana Pastora Miranda Pera,75404306W,ES-00000639,1965-05-16,Huelva,Huelva,21064,+34 687 830 598
640,Rebeca Bartolomé Ruano,97632161J,ES-00000640,1957-05-08,Barcelona,Barcelona,08038,+34 645 450 505
641,Sabas Blanca-Andres,63253927V,ES-00000641,1969-08-31,Almería,Almería,04064,+34 643 303 918
642,Guadalupe Villalba Morales,42455406M,ES-00000642,1959-06-18,Málaga,Málaga,29074,+34 624 420 867
643,Baudelio Pons Amador,43197720V,ES-00000643,2007-02-11,Cádiz,Cádiz,11025,+34 683 287 132
644,Ainara Perla Mercader Alonso,72725001J,ES-00000644,1995-03-29,Sevilla,Sevilla,41041,+34 681 924 268
645,Vito Bilbao,26139403H,ES-00000645,1965-04-10,Pamplona,Navarra,31025,+34 660 693 425
646,Faustino Álvaro Olmedo,80229664Y,ES-00000646,1966-10-17,Barcelona,Barcelona,08076,+34 678 066 852
647,Ángel Diez-Seco,28730261H,ES-00000647,1947-10-02,Valencia,Valencia,46016,+34 663 779 208
648,Concha Aliaga Crespo,95486452C,ES-00000648,1957-11-16,Vitoria-Gasteiz,Álava,01028,+34 643 901 611
649,Casandra Quirós Amores,90467822J,ES-00000649,1971-01-21,Vigo,Pontevedra,36003,+34 650 228 058
650,Cecilio Rocamora,51873246N,ES-00000650,1967-04-08,Jerez de la Frontera,Cádiz,11076,+34 789 523 162
651,Tiburcio Castelló Cuadrado,13317832G,ES-00000651,1994-07-27,Las Palmas de Gran Canaria,Las Palmas,35025,+34 767 671 421
652,Marina Barragán-Anaya,36687369T,ES-00000652,1949-04-12,Segovia,Segovia,40063,+34 687 705 466
653,Ainara Solís,16214208J,ES-00000653,1973-02-24,Valladolid,Valladolid,47065,+34 781 000 806
654,Nazaret Barranco Vilar,84612078T,ES-00000654,1963-10-13,Sabadell,Barcelona,08038,+34 699 406 812
655,Chus Perales,83085320M,ES-00000655,1997-04-11,Madrid,Madrid,28041,+34 780 950 610
656,Blas Manjón Luís,68343872Q,ES-00000656,2007-05-12,Madrid,Madrid,28049,+34 626 755 244
657,Silvia Carbajo Piquer,23485492P,ES-00000657,1980-12-03,Valencia,Valencia,46065,+34 619 088 110
658,Obdulia López Elías,18685919Y,ES-00000658,1972-09-14,Zaragoza,Zaragoza,50046,+34 663 461 100
659,Rosa María Girona,25200578F,ES-00000659,1981-10-08,Madrid,Madrid,28072,+34 641 623 067
660,Gervasio Enríquez-Serna,98691500H,ES-00000660,1958-05-17,Málaga,Málaga,29059,+34 625 737 319
661,Manu Gimenez Escudero,46659812B,ES-00000661,1989-12-24,Valencia,Valencia,46031,+34 789 922 575
662,Máxima Garcia,95812690A,ES-00000662,1957-06-11,Almería,Almería,04020,+34 679 797 921
663,Evangelina Bernad Ferrero,33566575F,ES-00000663,1996-09-23,Barcelona,Barcelona,08030,+34 678 283 038
664,Florina de Goicoechea,51542950L,ES-00000664,1962-02-19,Madrid,Madrid,28012,+34 662 897 405
665,Jonatan Amores Vazquez,57882467T,ES-00000665,1990-12-31,Madrid,Madrid,28063,+34 745 863 969
666,Verónica del Álvaro,35218086A,ES-00000666,1995-09-12,San Sebastián,Gipuzkoa,20046,+34 669 695 995
667,Gonzalo Mínguez Crespo,81163580F,ES-00000667,1992-08-04,Valencia,Valencia,46074,+34 624 369 504
668,Tomasa Pomares Solana,89115183G,ES-00000668,1969-04-15,Terrassa,Barcelona,08051,+34 654 023 845
669,Julio Saavedra Perea,14813756P,ES-00000669,1975-04-26,Girona,Girona,17003,+34 750 696 822
670,Asdrubal Garmendia,66320213N,ES-00000670,1989-03-12,L'Hospitalet de Llobregat,Barcelona,08036,+34 641 810 099
671,Abilio Borrás Cabanillas,58562967E,ES-00000671,1978-01-11,Zaragoza,Zaragoza,50074,+34 721 242 791
672,Eli Roig Cordero,18173143S,ES-00000672,1972-05-30,Getafe,Madrid,28068,+34 657 746 505
673,Josep León-Roura,29965787F,ES-00000673,1981-06-13,Barcelona,Barcelona,08036,+34 648 041 343
674,Pascuala Fuster Martín,93883169K,ES-00000674,1974-11-28,Terrassa,Barcelona,08079,+34 764 133 014
675,Máxima Rebeca Nadal Dávila,37823795L,ES-00000675,2007-10-17,Toledo,Toledo,45004,+34 625 162 032
676,Vasco Martorell Aliaga,53337761W,ES-00000676,1974-12-11,Barcelona,Barcelona,08051,+34 631 148 546
677,Pepita Plaza,88617135K,ES-00000677,1951-12-25,Barcelona,Barcelona,08006,+34 649 348 923
678,Perla Cisneros Galván,26643672N,ES-00000678,1971-01-21,Alicante,Alicante,03043,+34 680 550 919
679,Gil Salazar-Mayoral,83310111V,ES-00000679,1983-10-16,Elche,Alicante,03002,+34 622 259 721
680,Josué Adadia Ramirez,12856845Y,ES-00000680,1974-04-21,Almería,Almería,04071,+34 649 012 878
681,Ángel Godoy Alcalá,53470019X,ES-00000681,1970-11-05,Madrid,Madrid,28015,+34 718 856 678
682,Estela Cantón Valenciano,34357295X,ES-00000682,1960-12-18,Sabadell,Barcelona,08029,+34 646 201 677
683,Francisco Mas-Menendez,57664969J,ES-00000683,1966-01-04,Barcelona,Barcelona,08046,+34 654 987 084
684,Adán Manzano Alarcón,14476195H,ES-00000684,1983-09-03,Cartagena,Murcia,30045,+34 625 073 766
685,Apolinar Rubén Bayón Sáenz,55989077Q,ES-00000685,1961-09-03,Madrid,Madrid,28024,+34 697 206 085
686,Ruth Orozco,57833386R,ES-00000686,1978-05-12,Toledo,Toledo,45051,+34 658 350 242
687,María Del Carmen Carro Almeida,45120359V,ES-00000687,1984-08-25,Las Palmas de Gran Canaria,Las Palmas,35001,+34 697 043 973
688,Fabio Duque Rivera,39776289C,ES-00000688,1964-06-19,Valencia,Valencia,46079,+34 730 919 399
689,Paula Agudo Herrera,49299186C,ES-00000689,1985-09-20,Gijón,Asturias,33011,+34 788 807 678
690,Milagros Coello,19943940L,ES-00000690,1988-08-19,Burgos,Burgos,09003,+34 732 034 011
691,Josefina Huguet Ochoa,50345569H,ES-00000691,1986-08-20,Zaragoza,Zaragoza,50050,+34 655 921 295
692,Jose Carlos Salinas-Sobrino,89938707J,ES-00000692,1988-11-13,Oviedo,Asturias,33061,+34 630 567 469
693,Hector del Cabrera,84756997L,ES-00000693,1998-09-01,Huelva,Huelva,21060,+34 645 457 916
694,Violeta de Planas,52566642G,ES-00000694,2007-10-19,Cartagena,Murcia,30069,+34 781 574 720
695,María Carrera Sebastián,49548432S,ES-00000695,2007-01-12,Zamora,Zamora,49046,+34 602 126 594
696,Fabiana del Angulo,42362552W,ES-00000696,1982-01-17,Gijón,Asturias,33022,+34 741 764 788
697,Fulgencio Barberá-Cervantes,23032873Y,ES-00000697,1997-07-30,Zaragoza,Zaragoza,50075,+34 676 253 597
698,Isa Quiroga Lobato,56530088K,ES-00000698,1982-08-20,Albacete,Albacete,02078,+34 799 581 506
699,Alma Tomasa Rosado Guitart,97531149V,ES-00000699,1980-03-18,Valencia,Valencia,46009,+34 696 335 496
700,Maristela Fuster Isern,93919307A,ES-00000700,1985-10-05,Las Palmas de Gran Canaria,Las Palmas,35065,+34 658 345 163
701,Marc de Riba,86572876W,ES-00000701,1978-12-08,Vigo,Pontevedra,36064,+34 631 123 884
702,Loida Cueto Chico,00295269H,ES-00000702,1983-03-30,Zaragoza,Zaragoza,50056,+34 770 386 688
703,Bonifacio Haro Cañizares,14218551C,ES-00000703,1979-03-18,Valencia,Valencia,46008,+34 704 678 687
704,Montserrat Prado Manuel,88110431F,ES-00000704,1966-04-21,Salamanca,Salamanca,37036,+34 638 737 365
705,Apolinar Vera,81607221R,ES-00000705,1945-12-27,Huelva,Huelva,21080,+34 640 911 217
706,Marcos Herranz Valverde,67498653R,ES-00000706,1986-05-09,Badalona,Barcelona,08065,+34 603 255 980
707,Alex Barros Carretero,27412943W,ES-00000707,1987-03-08,Las Palmas de Gran Canaria,Las Palmas,35048,+34 797 008 077
708,Anselmo Abraham Sanchez Parejo,45561172N,ES-00000708,1967-07-24,Alicante,Alicante,03003,+34 604 758 755
709,Héctor Escudero Huerta,64300178K,ES-00000709,1981-07-07,Madrid,Madrid,28071,+34 794 003 268
710,Julia Ayala Rojas,97737370C,ES-00000710,1993-06-18,Madrid,Madrid,28065,+34 663 786 193
711,Telmo Alberto Pombo Torralba,71409267V,ES-00000711,2007-12-20,Madrid,Madrid,28080,+34 743 208 915
712,Joel Amat Guerrero,68453516L,ES-00000712,1971-05-09,Logroño,La Rioja,26067,+34 606 696 760
713,Adoración Rincón-Ariño,85579429V,ES-00000713,1975-06-30,Barcelona,Barcelona,08080,+34 637 360 742
714,Alcides Ródenas-Quintanilla,20804164C,ES-00000714,1965-08-12,Valencia,Valencia,46011,+34 668 539 277
715,Dorita Olivera,12806150A,ES-00000715,1994-05-08,Jerez de la Frontera,Cádiz,11061,+34 652 811 723
716,Adelaida Angelita Batlle Pedrosa,11759902W,ES-00000716,1970-08-18,Lugo,Lugo,27040,+34 794 864 300
717,María Mena-Lara,88916575R,ES-00000717,1981-01-04,Valencia,Valencia,46012,+34 699 901 150
718,Febe Bonet,25525917B,ES-00000718,1960-08-26,Barcelona,Barcelona,08075,+34 699 563 386
719,Soledad de Peláez,46249403Z,ES-00000719,1995-08-31,Madrid,Madrid,28049,+34 706 298 531
720,Manuel Abascal Niño,51939603Z,ES-00000720,1974-11-06,Cartagena,Murcia,30064,+34 710 956 671
721,Aurora Ledesma-Marin,75689245V,ES-00000721,1983-04-25,Madrid,Madrid,28038,+34 677 707 569
722,Pascuala Mas Jover,72758007Z,ES-00000722,1981-08-20,Zamora,Zamora,49008,+34 695 099 841
723,Concha Aller Bolaños,90567356A,ES-00000723,1971-02-24,Jaén,Jaén,23065,+34 651 471 869
724,Anunciación del Sanjuan,42631192W,ES-00000724,1977-08-04,Barcelona,Barcelona,08020,+34 783 823 559
725,Cecilia Ferrer Crespi,88390654K,ES-00000725,1972-01-06,Madrid,Madrid,28037,+34 638 476 906
726,Agapito de Echeverría,00784056D,ES-00000726,1973-09-14,Vigo,Pontevedra,36036,+34 766 499 010
727,Isidora del Oliver,86239482Q,ES-00000727,2000-05-18,Valencia,Valencia,46078,+34 695 370 854
728,Severo Modesto Ayuso Hoyos,80985311B,ES-00000728,1985-03-17,Barcelona,Barcelona,08051,+34 644 488 479
729,Macaria Novoa Bru,05794020K,ES-00000729,1987-01-01,Barcelona,Barcelona,08025,+34 622 824 129
730,Adelia Peña Francisco,19227276N,ES-00000730,1956-12-17,Castellón de la Plana,Castellón,12019,+34 703 609 231
731,Julián Bru Bosch,89482710Z,ES-00000731,1969-03-15,Madrid,Madrid,28037,+34 791 680 488
732,Trinidad Manjón Ramirez,76651108C,ES-00000732,1987-11-25,Sevilla,Sevilla,41056,+34 631 591 688
733,Bartolomé Espinosa Mascaró,91126820S,ES-00000733,1971-12-21,Barcelona,Barcelona,08060,+34 716 686 717
734,Celia Ureña Lobo,91279452L,ES-00000734,1964-06-17,Madrid,Madrid,28016,+34 703 608 330
735,Rocío Cerro,45928427A,ES-00000735,1998-06-02,Madrid,Madrid,28005,+34 664 937 314
736,Nieves Baró Alfaro,62895468J,ES-00000736,1952-11-15,Pamplona,Navarra,31026,+34 725 216 917
737,Tiburcio Sans Roda,93742741P,ES-00000737,1965-12-03,Jaén,Jaén,23025,+34 626 383 252
738,Pancho Acuña-Castejón,41707136V,ES-00000738,2000-11-24,Sevilla,Sevilla,41052,+34 720 653 293
739,Gilberto Muñoz Cabo,04970131S,ES-00000739,1964-07-09,Barcelona,Barcelona,08060,+34 669 689 476
740,Amada Cervantes Garriga,97647196Y,ES-00000740,1975-07-05,Barcelona,Barcelona,08040,+34 676 977 453
741,Manuelita del Costa,95451010K,ES-00000741,1979-02-13,Granada,Granada,18051,+34 705 537 421
742,Fanny Hierro Segura,51715414Y,ES-00000742,1981-08-14,Palma,Baleares,07005,+34 786 010 873
743,Josefa de Estrada,50548666W,ES-00000743,1969-12-13,Santa Cruz de Tenerife,Santa Cruz de Tenerife,38077,+34 676 593 001
744,Santiago Marín Flor,80401489K,ES-00000744,1977-09-27,Bilbao,Bizkaia,48011,+34 677 679 836
745,Candelas Ester Iniesta Nadal,97685668E,ES-00000745,2001-12-20,Barcelona,Barcelona,08005,+34 786 891 019
746,Salomón Ruben Gaya Carretero,10904359J,ES-00000746,1974-02-05,Valladolid,Valladolid,47072,+34 765 435 328
747,Gerónimo Santiago Arjona,31197778A,ES-00000747,1958-11-26,Barcelona,Barcelona,08027,+34 667 434 949
748,Amalia Valenciano Quintana,48181784G,ES-00000748,1943-12-27,Madrid,Madrid,28052,+34 712 164 974
749,Diego Isidoro Calzada Moraleda,36520743D,ES-00000749,2004-09-05,Santa Cruz de Tenerife,Santa Cruz de Tenerife,38042,+34 637 638 324
750,Edu Matas Luque,72035269M,ES-00000750,1966-03-16,Valladolid,Valladolid,47021,+34 622 319 265
751,Moisés Arribas-Beltran,98897957G,ES-00000751,1969-07-27,Madrid,Madrid,28056,+34 769 443 796
752,Alfredo Moreno Bueno,77042802R,ES-00000752,1983-07-20,L'Hospitalet de Llobregat,Barcelona,08063,+34 690 723 401
753,Leticia Oliveras Vicens,54982634F,ES-00000753,1950-03-20,Valencia,Valencia,46038,+34 791 561 665
754,Jerónimo Alcántara,15090216P,ES-00000754,2003-08-09,Madrid,Madrid,28032,+34 613 340 302
755,Mario Samuel Bauzà Naranjo,04100830E,ES-00000755,1989-12-14,Madrid,Madrid,28077,+34 709 750 180
756,Aura Murcia Carbonell,83005488Y,ES-00000756,1959-12-06,Zaragoza,Zaragoza,50033,+34 610 399 454
757,Bartolomé Salgado Merino,66985705E,ES-00000757,1976-01-03,Santander,Cantabria,39012,+34 707 882 931
758,Reinaldo Carvajal-Noguera,98894343R,ES-00000758,1992-09-08,Murcia,Murcia,30038,+34 710 914 736
759,Buenaventura Pellicer Varela,67521080A,ES-00000759,1983-07-14,Santa Cruz de Tenerife,Santa Cruz de Tenerife,38038,+34 653 787 481
760,Lupe Augusto Madrigal Borrell,32744522C,ES-00000760,2001-03-10,Lugo,Lugo,27041,+34 671 731 940
761,Vinicio Guillén Andres,44729882B,ES-00000761,1949-02-28,Madrid,Madrid,28041,+34 665 442 200
762,Vito Pomares Arteaga,12638773C,ES-00000762,1948-03-02,Elche,Alicante,03058,+34 622 005 610
763,Espiridión Roman Bartolomé,35075534M,ES-00000763,1963-06-20,Barcelona,Barcelona,08033,+34 696 160 086
764,Hipólito Quiroga Arévalo,62019406K,ES-00000764,1972-06-14,Logroño,La Rioja,26077,+34 621 213 138
765,Noemí Tirado Burgos,53662280Z,ES-00000765,1977-08-30,Palma,Baleares,07036,+34 695 178 831
766,Heraclio Néstor Gárate Pulido,41660805P,ES-00000766,1971-07-10,Santa Cruz de Tenerife,Santa Cruz de Tenerife,38075,+34 792 361 064
767,Ainoa Narváez,27474649E,ES-00000767,1981-02-19,Salamanca,Salamanca,37059,+34 648 540 424
768,Venceslás Borja Zaragoza,24470610J,ES-00000768,1989-05-01,Castellón de la Plana,Castellón,12031,+34 620 260 673
769,Germán Avilés Nicolás,13794044R,ES-00000769,1975-11-19,A Coruña,A Coruña,15080,+34 637 030 625
770,Daniela Ribas-Múgica,99098338D,ES-00000770,1980-02-06,Las Palmas de Gran Canaria,Las Palmas,35066,+34 615 012 235
771,Plinio Marco Manso,97259677Z,ES-00000771,1990-05-22,Jaén,Jaén,23065,+34 766 025 896
772,Noemí Quesada Diez,75090977W,ES-00000772,1973-10-20,Barcelona,Barcelona,08005,+34 647 321 776
773,Daniel Ledesma Vargas,80850459P,ES-00000773,1983-03-25,Alcorcón,Madrid,28076,+34 621 923 306
774,Estefanía Terrón Peñas,82318415N,ES-00000774,1991-12-21,Badajoz,Badajoz,06065,+34 779 255 106
775,Angelino Antón Romeu,77711459W,ES-00000775,1995-06-07,Guadalajara,Guadalajara,19059,+34 607 905 814
776,Ale Ferrán Bautista,85699929C,ES-00000776,1980-09-21,Huelva,Huelva,21069,+34 696 918 645
777,Luciana Conde Trillo,83215398H,ES-00000777,1979-08-25,Valencia,Valencia,46059,+34 637 005 034
778,Filomena Hoz Marin,09337305H,ES-00000778,1952-09-01,Oviedo,Asturias,33069,+34 628 002 569
779,Lisandro Pastor Torre,70989606Z,ES-00000779,1988-02-24,Barcelona,Barcelona,08010,+34 715 581 385
780,Baudelio del Alarcón,09578510E,ES-00000780,1978-05-20,Madrid,Madrid,28076,+34 607 585 804
781,Olga Milagros Carbonell Roma,17986031P,ES-00000781,1939-01-21,Sevilla,Sevilla,41036,+34 680 484 316
782,Lázaro Ortuño Llorente,35678510J,ES-00000782,2004-05-29,Sevilla,Sevilla,41071,+34 655 442 522
783,Faustino Benítez Arribas,03572499R,ES-00000783,1981-02-05,Jerez de la Frontera,Cádiz,11049,+34 634 768 814
784,Ana Nevado-Ribera,90946518X,ES-00000784,1960-08-21,Guadalajara,Guadalajara,19019,+34 674 363 727
785,Clemente Bertrán Echeverría,30479037N,ES-00000785,1970-03-17,Madrid,Madrid,28027,+34 640 548 933
786,Alma Sacristán Lobo,46060788E,ES-00000786,1988-07-07,Ourense,Ourense,32065,+34 764 522 260
787,Joaquín Frutos Olmo,41000680Y,ES-00000787,1976-06-09,Barcelona,Barcelona,08046,+34 769 641 647
788,Amor Bertrán Bernal,01112952M,ES-00000788,1975-11-04,Alcorcón,Madrid,28009,+34 624 061 254
789,Fabricio Pablo,60849972E,ES-00000789,1966-07-14,Alicante,Alicante,03056,+34 684 346 807
790,Eric del Zurita,71554573D,ES-00000790,1970-06-05,Barcelona,Barcelona,08002,+34 630 242 355
791,Haroldo Velázquez Uribe,19509979E,ES-00000791,1997-03-24,Gijón,Asturias,33024,+34 615 206 894
792,Florencia Gibert Solís,51528970T,ES-00000792,2007-07-22,Cádiz,Cádiz,11063,+34 758 558 738
793,Jeremías Cámara,35487424B,ES-00000793,1982-08-05,Badajoz,Badajoz,06013,+34 694 402 532
794,Isabel Heras Rivas,75166185T,ES-00000794,2007-07-25,Madrid,Madrid,28050,+34 615 937 437
795,Darío Posada Nieto,02671509J,ES-00000795,1976-04-11,Lleida,Lleida,25057,+34 663 918 396
796,Silvestre Osorio Tomas,45216996P,ES-00000796,1969-06-19,Girona,Girona,17044,+34 606 156 358
797,Reyna Olivares Cerro,75771741N,ES-00000797,1981-10-23,Salamanca,Salamanca,37020,+34 729 213 238
798,Paz Campo,31932206H,ES-00000798,2007-03-22,Albacete,Albacete,02063,+34 699 511 279
799,Gloria Villaverde Jurado,01277059F,ES-00000799,1998-05-12,Albacete,Albacete,02070,+34 667 383 259
800,Agustina Arteaga,14348888Q,ES-00000800,1973-12-09,Zaragoza,Zaragoza,50062,+34 772 782 532
801,Gustavo Dominguez Moreno,07627694C,ES-00000801,1986-10-04,Elche,Alicante,03033,+34 670 838 760
802,Salomón Gimenez Ángel,02050277B,ES-00000802,1985-05-10,Valencia,Valencia,46058,+34 703 534 064
803,Bárbara García Castro,47975696L,ES-00000803,1957-04-06,A Coruña,A Coruña,15003,+34 658 636 931
804,Ruth Salvà Juliá,66337563C,ES-00000804,2007-01-04,Zaragoza,Zaragoza,50038,+34 787 210 005
805,Vasco Cerezo Lara,97063340M,ES-00000805,1970-11-01,Madrid,Madrid,28038,+34 626 618 002
806,Hernando de Salgado,47413764T,ES-00000806,1988-06-26,Madrid,Madrid,28038,+34 665 815 039
807,Néstor Costa,52790011C,ES-00000807,1978-08-04,Barcelona,Barcelona,08064,+34 613 306 806
808,Román Navas Yáñez,78446564G,ES-00000808,1986-02-15,Sevilla,Sevilla,41037,+34 649 983 608
809,Teodosio Gaya-Castelló,67273804T,ES-00000809,1981-04-14,Oviedo,Asturias,33047,+34 771 720 272
810,Candela del Suárez,15707492X,ES-00000810,1992-02-02,Las Palmas de Gran Canaria,Las Palmas,35063,+34 613 221 238
811,Isaura de Calderón,00347369T,ES-00000811,1988-08-06,Valencia,Valencia,46043,+34 604 962 411
812,Godofredo Sebastián Zapata,65890249X,ES-00000812,1990-03-05,Sevilla,Sevilla,41079,+34 793 229 717
813,Rita Figueroa Cal,57760904S,ES-00000813,1992-02-24,Bilbao,Bizkaia,48037,+34 607 792 001
814,Rodolfo Toledo Pomares,45968981P,ES-00000814,1981-01-19,Murcia,Murcia,30026,+34 639 534 663
815,Olegario Fábregas Ribas,27911926T,ES-00000815,1985-05-13,Madrid,Madrid,28007,+34 667 214 194
816,Rodrigo del Camino,59021509J,ES-00000816,1985-04-26,Barcelona,Barcelona,08045,+34 703 115 644
817,Mamen Rosa-Cerdán,54087552Q,ES-00000817,2000-02-01,Vigo,Pontevedra,36033,+34 666 175 527
818,Eric Lago Calleja,68215161J,ES-00000818,1975-07-07,Murcia,Murcia,30074,+34 600 235 913
819,Alondra Rebollo Barrena,63217921Y,ES-00000819,1984-09-30,Girona,Girona,17017,+34 737 903 726
820,Porfirio Santamaria Company,03786768W,ES-00000820,1965-03-30,Palma,Baleares,07001,+34 628 090 077
821,Fernando Bayona Tejada,28651353T,ES-00000821,1971-02-17,Cartagena,Murcia,30069,+34 616 667 598
822,Esteban Barranco Ibáñez,74866297D,ES-00000822,1996-04-23,Murcia,Murcia,30059,+34 653 548 483
823,Tito Macario Sobrino Riera,45639761X,ES-00000823,1966-09-20,Zaragoza,Zaragoza,50047,+34 621 239 855
824,Ricarda Bauzà Jaume,84806369X,ES-00000824,1993-02-11,Sevilla,Sevilla,41010,+34 773 900 534
825,Pascuala Torrecilla Benitez,05941541C,ES-00000825,1993-05-14,León,León,24079,+34 703 003 482
826,Águeda Núñez Hurtado,13369297H,ES-00000826,1970-08-15,Málaga,Málaga,29040,+34 700 458 911
827,Anabel Barba Bosch,65953593N,ES-00000827,1945-01-05,Alcorcón,Madrid,28052,+34 631 923 205
828,Celso de Pereira,98816029W,ES-00000828,1977-09-15,Valencia,Valencia,46014,+34 649 037 087
829,Eligio Valverde Pera,11003906Q,ES-00000829,1988-10-19,Tarragona,Tarragona,43080,+34 678 017 451
830,Abel Fajardo Cardona,38266810P,ES-00000830,1965-12-07,Palma,Baleares,07056,+34 668 999 659
831,Pilar España Espinosa,71307611K,ES-00000831,1969-08-07,Palencia,Palencia,34025,+34 750 932 339
832,Lucio Conesa Dalmau,27433297R,ES-00000832,1937-09-23,Madrid,Madrid,28016,+34 757 761 780
833,Maxi Aguado Rocamora,48069238C,ES-00000833,1989-05-11,Madrid,Madrid,28066,+34 627 568 709
834,Alcides Company Jover,67854805K,ES-00000834,1974-06-20,Zaragoza,Zaragoza,50041,+34 639 246 023
835,Sosimo Hernando Niño,64919959K,ES-00000835,1974-10-12,Madrid,Madrid,28011,+34 610 477 124
836,Belen Cortina Calzada,23728921M,ES-00000836,1991-04-14,Gijón,Asturias,33010,+34 643 792 584
837,María Manuela Torrijos Amador,19665615V,ES-00000837,1980-08-02,Vigo,Pontevedra,36059,+34 611 961 260
838,Silvia Saldaña,83183611V,ES-00000838,1986-09-01,Alcorcón,Madrid,28034,+34 674 791 722
839,Nando Castrillo Baró,07291724B,ES-00000839,1956-04-15,San Sebastián,Gipuzkoa,20021,+34 628 225 060
840,Consuela Ortiz Pedro,49648503J,ES-00000840,1986-02-25,L'Hospitalet de Llobregat,Barcelona,08061,+34 623 296 076
841,Raúl Poza-Lastra,57378483S,ES-00000841,1974-05-17,Madrid,Madrid,28052,+34 613 986 698
842,Jessica Judith Carranza Esteve,63353378Q,ES-00000842,1979-02-05,Barcelona,Barcelona,08075,+34 639 901 969
843,Macaria Agudo-Girona,18395267M,ES-00000843,1994-01-23,Ourense,Ourense,32006,+34 793 897 891
844,Silvio Figueras,29236303Z,ES-00000844,1989-05-26,Lleida,Lleida,25038,+34 637 858 892
845,Jose Francisco de Arias,26786388J,ES-00000845,1972-01-05,Palma,Baleares,07005,+34 704 803 368
846,Amílcar Calatayud Barragán,12667574W,ES-00000846,1967-07-30,Bilbao,Bizkaia,48067,+34 625 379 070
847,Adrián Sobrino Puga,66386246N,ES-00000847,1988-11-24,Lugo,Lugo,27042,+34 644 579 138
848,Mariano Luz Mateo,91083474R,ES-00000848,1979-04-11,Vitoria-Gasteiz,Álava,01078,+34 701 015 163
849,Alex Mohamed Villalobos Noguera,54979650J,ES-00000849,1958-03-14,Valladolid,Valladolid,47026,+34 718 946 300
850,Cristian Tudela Diez,29386834X,ES-00000850,1973-08-30,Getafe,Madrid,28007,+34 760 213 864
851,Casemiro Agustín,65543500D,ES-00000851,1983-08-19,Bilbao,Bizkaia,48048,+34 695 845 400
852,Maxi Vicens,07739440D,ES-00000852,1974-05-06,Albacete,Albacete,02053,+34 645 894 540
853,Cecilia Alsina Llamas,78212145R,ES-00000853,1961-01-10,Barcelona,Barcelona,08023,+34 647 613 263
854,Felix Cabañas Vall,66443633Z,ES-00000854,1993-03-07,Málaga,Málaga,29041,+34 776 315 212
855,Morena Carreras Catalán,50945128J,ES-00000855,1982-09-19,Valencia,Valencia,46073,+34 701 565 740
856,Pablo Capdevila Capdevila,16846447M,ES-00000856,1975-09-13,Vigo,Pontevedra,36034,+34 627 781 259
857,Zaida Solsona Luís,33366079W,ES-00000857,1994-09-14,Las Palmas de Gran Canaria,Las Palmas,35066,+34 678 436 655
858,María Belda-Soriano,48236472K,ES-00000858,1970-04-27,Segovia,Segovia,40014,+34 739 922 171
859,Pedro Águila Ferreras,81877535L,ES-00000859,1973-12-03,Málaga,Málaga,29035,+34 783 677 769
860,Paula Quesada Ayuso,79985183S,ES-00000860,1996-10-01,Valencia,Valencia,46056,+34 758 845 982
861,Pascual Amigó Piquer,14737170N,ES-00000861,1983-07-10,Sabadell,Barcelona,08045,+34 709 732 825
862,Rita Baró Llano,92673164T,ES-00000862,1999-08-25,Madrid,Madrid,28004,+34 641 776 954
863,Luis Seve Roura Pinilla,77431977Q,ES-00000863,1986-08-02,Palencia,Palencia,34062,+34 650 139 776
864,Natalia Perales Herranz,69943989T,ES-00000864,1980-07-30,Sabadell,Barcelona,08071,+34 640 106 186
865,Rodrigo Sobrino Jover,99208578X,ES-00000865,1967-06-17,Ourense,Ourense,32048,+34 786 544 295
866,Leire Garrido Alcaraz,48453081Q,ES-00000866,1950-10-16,Ourense,Ourense,32018,+34 733 446 962
867,Angelita Dalila Costa Vargas,05418044A,ES-00000867,1971-07-18,Madrid,Madrid,28014,+34 798 152 819
868,Fausto Mateo,10423148P,ES-00000868,1985-03-04,Ourense,Ourense,32075,+34 611 402 868
869,Nadia Martinez Trujillo,85972781T,ES-00000869,1988-03-07,Lleida,Lleida,25009,+34 677 788 302
870,Abigaíl Cabezas Iriarte,59454997C,ES-00000870,1972-02-02,Barcelona,Barcelona,08006,+34 642 113 922
871,María Jesús Nicolasa Crespo Carmona,94568402S,ES-00000871,1993-08-13,San Sebastián,Gipuzkoa,20062,+34 730 767 398
872,Natanael del Céspedes,22599165D,ES-00000872,1985-07-31,Málaga,Málaga,29027,+34 724 459 470
873,Leocadio Sales Ferrer,13827813Y,ES-00000873,1973-06-13,Vigo,Pontevedra,36012,+34 653 431 782
874,Pascual Piquer,08057859Q,ES-00000874,1973-02-22,Cáceres,Cáceres,10038,+34 669 885 054
875,Cloe Carreras Frutos,81422253E,ES-00000875,1986-08-05,Madrid,Madrid,28076,+34 603 839 050
876,Tadeo Fabián Figueroa Bonilla,23415473R,ES-00000876,1980-02-24,Málaga,Málaga,29034,+34 756 520 484
877,Ofelia Marco Seco,99360638V,ES-00000877,1987-11-27,Las Palmas de Gran Canaria,Las Palmas,35042,+34 669 882 806
878,Ciro Augusto Salmerón Bautista,53463609V,ES-00000878,1983-02-12,Palma,Baleares,07038,+34 609 595 954
879,Nicanor Benavent Gual,92989255W,ES-00000879,1988-07-13,Jerez de la Frontera,Cádiz,11014,+34 750 388 465
880,Ariel Timoteo Mármol Puig,93560991G,ES-00000880,1974-11-23,Palencia,Palencia,34022,+34 716 614 760
881,Luis Espada Palma,11553013K,ES-00000881,1981-06-14,Barcelona,Barcelona,08022,+34 732 892 233
882,Pili del Valverde,68504409J,ES-00000882,1989-09-07,Burgos,Burgos,09053,+34 780 293 364
883,Pepita Planas Redondo,26516785Q,ES-00000883,1991-12-26,Jaén,Jaén,23040,+34 760 746 924
884,Pelayo Farré Barba,09037108V,ES-00000884,1981-03-16,Sevilla,Sevilla,41044,+34 622 203 068
885,Íngrid Ligia Cabrera Acosta,66544844W,ES-00000885,1992-11-16,Barcelona,Barcelona,08066,+34 786 752 194
886,América Codina,52386703V,ES-00000886,1997-06-07,Terrassa,Barcelona,08064,+34 699 877 806
887,Heraclio de Bautista,06801010W,ES-00000887,1988-05-29,Castellón de la Plana,Castellón,12066,+34 640 970 215
888,Emilia Villegas Bustos,63998065J,ES-00000888,1976-07-15,Sevilla,Sevilla,41011,+34 717 118 755
889,Óscar Agullo-Pineda,46315817G,ES-00000889,1972-08-31,Santa Cruz de Tenerife,Santa Cruz de Tenerife,38064,+34 606 557 549
890,Lupe Quiroga Aguilar,70448309E,ES-00000890,1951-11-26,Madrid,Madrid,28045,+34 671 264 025
891,Jenny Carreras-Aguiló,27466221N,ES-00000891,2006-10-12,Vigo,Pontevedra,36017,+34 733 718 377
892,Fernando Quintero-Morell,96659631S,ES-00000892,2007-06-14,Las Palmas de Gran Canaria,Las Palmas,35020,+34 619 105 727
893,Jose Angel de Toro,66549302K,ES-00000893,1967-10-07,Palma,Baleares,07024,+34 632 444 984
894,Ramiro Segura Campillo,15361825X,ES-00000894,1982-09-07,Barcelona,Barcelona,08053,+34 665 301 534
895,Samu Lumbreras Aroca,38297712K,ES-00000895,1982-06-06,Palma,Baleares,07072,+34 616 737 931
896,Rufino Sanabria Pont,01021389M,ES-00000896,1990-07-02,Córdoba,Córdoba,14047,+34 615 537 864
897,Eva María Jerez Montes,82199621J,ES-00000897,1972-05-26,Lugo,Lugo,27058,+34 650 964 267
898,Dominga Diez Mata,59003876K,ES-00000898,1969-10-31,Málaga,Málaga,29072,+34 635 306 104
899,Jaime Anselmo Llano Vega,13031937E,ES-00000899,1977-05-09,Valencia,Valencia,46062,+34 674 429 202
900,Lucio Niño-Peralta,32933953T,ES-00000900,1993-07-15,Badalona,Barcelona,08052,+34 702 131 196
901,Ileana Fajardo Múñiz,49576120B,ES-00000901,1972-12-24,Zaragoza,Zaragoza,50045,+34 624 845 574
902,Olalla del Palomino,07303677G,ES-00000902,1985-08-28,Santa Cruz de Tenerife,Santa Cruz de Tenerife,38049,+34 772 396 694
903,Marcia Olivé Campo,37369787P,ES-00000903,1973-12-18,Badalona,Barcelona,08015,+34 631 179 551
904,Segismundo Figueroa,72461770V,ES-00000904,1960-11-13,León,León,24051,+34 683 825 598
905,Ernesto Amador Martí,30682306F,ES-00000905,1964-05-31,Granada,Granada,18016,+34 732 020 018
906,Ignacio Terrón Pérez,85134914T,ES-00000906,1980-02-11,Alicante,Alicante,03023,+34 775 678 124
907,Natividad Serrano Ferrández,75180375E,ES-00000907,1972-08-27,Bilbao,Bizkaia,48054,+34 617 808 375
908,Antonia Bermudez,19682962E,ES-00000908,1985-05-15,Barcelona,Barcelona,08032,+34 687 126 788
909,Cebrián del Cabezas,50761365C,ES-00000909,1966-06-10,Barcelona,Barcelona,08025,+34 600 442 633
910,Cleto Silva Ropero,49164120X,ES-00000910,1969-11-11,Barcelona,Barcelona,08012,+34 750 627 592
911,Xavier Cornejo Torrecilla,90930077Z,ES-00000911,1989-04-20,Castellón de la Plana,Castellón,12005,+34 718 424 804
912,Cleto Miguel,23971677L,ES-00000912,1997-12-25,Valladolid,Valladolid,47029,+34 784 807 010
913,Nicolasa Alvarez Sáez,42517024Y,ES-00000913,1976-08-26,Jaén,Jaén,23077,+34 606 975 356
914,Régulo Cámara-Somoza,85566465W,ES-00000914,1963-09-01,Barcelona,Barcelona,08057,+34 786 852 419
915,José María Escolano-Zamora,57807169G,ES-00000915,1987-04-10,Madrid,Madrid,28017,+34 701 992 648
916,Amor Segovia Lobato,93296769Y,ES-00000916,1992-03-13,Gijón,Asturias,33066,+34 760 968 043
917,Candelario Vargas Leal,90895894D,ES-00000917,1980-02-14,Málaga,Málaga,29075,+34 660 716 378
918,Toño Canales Aliaga,08635148M,ES-00000918,1985-08-27,Burgos,Burgos,09017,+34 701 655 164
919,Espiridión Bayón Morales,89666361X,ES-00000919,1959-05-24,Ourense,Ourense,32069,+34 629 005 783
920,Marita Rozas Rozas,09296605M,ES-00000920,1962-02-21,Zaragoza,Zaragoza,50037,+34 706 140 204
921,Yago del Bayo,91364931F,ES-00000921,1979-11-02,Madrid,Madrid,28075,+34 624 519 070
922,Úrsula del Calderón,24730889R,ES-00000922,1969-08-16,Las Palmas de Gran Canaria,Las Palmas,35028,+34 685 147 574
923,Alberto Planas Campillo,40941369N,ES-00000923,1979-05-03,Sevilla,Sevilla,41079,+34 629 515 809
924,Marcela Porras Lastra,71080910P,ES-00000924,2001-05-26,Almería,Almería,04070,+34 674 790 187
925,Aitor Baena Cabezas,41241776Q,ES-00000925,1989-04-20,León,León,24008,+34 725 967 951
926,Ceferino Ibañez Puerta,99945986S,ES-00000926,1977-06-27,Badalona,Barcelona,08011,+34 705 872 096
927,Íngrid Segura Carmona,70731518D,ES-00000927,1937-05-17,Albacete,Albacete,02022,+34 647 812 569
928,Flavia Maldonado Mariño,39260534V,ES-00000928,1999-04-25,Palma,Baleares,07079,+34 685 133 175
929,Eduardo Mur Huertas,14393714S,ES-00000929,1983-01-21,Barcelona,Barcelona,08018,+34 658 518 477
930,Francisco Bustos Vilalta,25580034D,ES-00000930,1972-11-25,Cádiz,Cádiz,11003,+34 678 821 724
931,Elpidio Malo Baquero,26672393Y,ES-00000931,1962-06-25,Lleida,Lleida,25029,+34 625 888 055
932,Santos Corbacho Niño,51385525Y,ES-00000932,1968-05-21,Gijón,Asturias,33029,+34 748 373 912
933,Luna Gascón,66650855Y,ES-00000933,1984-11-12,Jaén,Jaén,23067,+34 619 701 815
934,Reyes Vallejo Salmerón,32534511E,ES-00000934,1956-11-16,L'Hospitalet de Llobregat,Barcelona,08050,+34 765 283 357
935,Cecilio Isaías Pérez Bernat,34400759G,ES-00000935,1987-12-20,Vitoria-Gasteiz,Álava,01036,+34 689 792 118
936,Antonio Belmonte Martínez,63072788A,ES-00000936,1995-07-05,Madrid,Madrid,28030,+34 649 429 310
937,Ana Sofía Codina Marin,50501440H,ES-00000937,1997-03-23,Almería,Almería,04056,+34 753 787 979
938,Teresa Estévez Gimenez,75243031A,ES-00000938,2002-03-09,Getafe,Madrid,28039,+34 690 739 133
939,Ángeles Flavia Montesinos Palau,98572839Z,ES-00000939,1985-03-03,Madrid,Madrid,28034,+34 629 352 061
940,Paula Díez-Arana,33721379K,ES-00000940,1976-03-23,Madrid,Madrid,28021,+34 615 438 913
941,Amelia del Cabello,42695325B,ES-00000941,1970-10-27,Getafe,Madrid,28070,+34 684 246 856
942,Aureliano Noriega Quintanilla,78244496Z,ES-00000942,1973-10-14,Madrid,Madrid,28022,+34 653 385 514
943,Ezequiel Olmo-Quintero,02868186V,ES-00000943,1998-05-17,Sabadell,Barcelona,08032,+34 776 292 615
944,Sara Marí Herrero,54875475M,ES-00000944,1964-07-26,Valencia,Valencia,46017,+34 646 459 724
945,Alexandra Santamaría Cerezo,62301780R,ES-00000945,1977-03-02,Madrid,Madrid,28012,+34 787 947 986
946,Chus Leiva-Cazorla,95098637P,ES-00000946,1972-11-18,Madrid,Madrid,28034,+34 648 567 759
947,Nicolasa Bermudez Navarro,33204567L,ES-00000947,1984-11-10,Santander,Cantabria,39049,+34 726 164 094
948,Luisina Viña,46864071F,ES-00000948,1957-10-02,Elche,Alicante,03044,+34 605 607 638
949,Vicente Gual Ariño,55922663A,ES-00000949,1990-10-12,Cartagena,Murcia,30071,+34 726 495 297
950,Ileana de Saldaña,34414722Y,ES-00000950,1974-09-28,Gijón,Asturias,33044,+34 742 660 401
951,Maximino Alcalá Zabaleta,54200295J,ES-00000951,1980-05-05,Alicante,Alicante,03003,+34 614 557 692
952,Cornelio Ariza Comas,36248517B,ES-00000952,1957-09-27,Madrid,Madrid,28078,+34 796 219 790
953,Hilda Mir Plaza,15076929S,ES-00000953,1984-07-06,Alicante,Alicante,03002,+34 681 262 486
954,Lupita Buendía Rivera,16587895L,ES-00000954,1955-06-09,Madrid,Madrid,28016,+34 672 662 518
955,Pancho Guardia,98173644F,ES-00000955,1962-02-20,Madrid,Madrid,28075,+34 692 484 962
956,Vasco Solís Alcalá,60360709S,ES-00000956,1971-08-17,Córdoba,Córdoba,14047,+34 685 821 187
957,Clímaco Murillo Urrutia,08062239A,ES-00000957,1985-04-03,Zaragoza,Zaragoza,50059,+34 741 290 271
958,Juana Posada Nevado,76538372F,ES-00000958,1993-02-25,L'Hospitalet de Llobregat,Barcelona,08074,+34 653 312 572
959,Adriana Burgos Bosch,40912051L,ES-00000959,1981-12-03,A Coruña,A Coruña,15079,+34 701 906 781
960,Clímaco Torrents,74755553X,ES-00000960,1965-08-23,Murcia,Murcia,30054,+34 662 263 885
961,Máxima Isern-Flores,05662976P,ES-00000961,1986-09-09,Barcelona,Barcelona,08068,+34 611 873 911
962,Judith Cáceres Jerez,88450465D,ES-00000962,1973-06-09,Cartagena,Murcia,30021,+34 766 464 352
963,Leonor Francisca Gimenez Vilar,07993064N,ES-00000963,1995-09-08,Barcelona,Barcelona,08050,+34 711 192 616
964,Valentín Lluch Tamayo,01491473S,ES-00000964,1997-07-09,Madrid,Madrid,28038,+34 610 162 933
965,Timoteo Mendoza-Asensio,06738944J,ES-00000965,2000-10-31,Ciudad Real,Ciudad Real,13073,+34 756 677 122
966,Juan José Conesa Benítez,38422287M,ES-00000966,1977-04-29,Ourense,Ourense,32027,+34 648 976 572
967,Begoña Balaguer Piñol,31742781K,ES-00000967,1954-03-27,Barcelona,Barcelona,08053,+34 693 840 769
968,Ainara de Viña,27823507Q,ES-00000968,1976-12-02,Guadalajara,Guadalajara,19006,+34 627 455 231
969,Gabino Haro Calderón,67766236W,ES-00000969,2007-05-22,Barcelona,Barcelona,08038,+34 703 235 353
970,Marianela del Peinado,46126617W,ES-00000970,1956-09-12,Lugo,Lugo,27057,+34 622 254 917
971,Jose Luis de Alfonso,58010251L,ES-00000971,2003-04-05,Granada,Granada,18043,+34 783 038 944
972,Blanca Cortes,58230860N,ES-00000972,1963-01-26,Madrid,Madrid,28004,+34 729 679 904
973,Ainara Ramírez Becerra,88818148Z,ES-00000973,1973-12-31,Madrid,Madrid,28063,+34 651 755 476
974,Brunilda Benítez Garmendia,18179920F,ES-00000974,1976-01-19,Valencia,Valencia,46047,+34 681 643 343
975,Telmo Ramos,70405630P,ES-00000975,1991-11-25,Murcia,Murcia,30024,+34 773 947 533
976,Anacleto Arranz,73072776M,ES-00000976,2007-06-14,Madrid,Madrid,28044,+34 603 750 598
977,Severino Frutos Gallego,16744159K,ES-00000977,1986-05-29,San Sebastián,Gipuzkoa,20072,+34 633 628 440
978,Isaías Ángel Jara,01557531V,ES-00000978,1974-11-24,Girona,Girona,17045,+34 607 390 266
979,Dionisio Juan Francisco Cortes Terrón,53359699K,ES-00000979,1998-12-08,Vigo,Pontevedra,36013,+34 689 790 575
980,Marcos Vila,38431273K,ES-00000980,1988-10-05,Granada,Granada,18013,+34 743 661 540
981,Fabricio Morales,79083704K,ES-00000981,2000-07-13,Madrid,Madrid,28025,+34 622 279 202
982,Agustina Santamaria-Cervera,93358904H,ES-00000982,1994-06-09,Getafe,Madrid,28021,+34 639 980 593
983,Galo Iglesia Tejera,84643058E,ES-00000983,1988-10-26,Madrid,Madrid,28075,+34 709 932 134
984,Gala Cañellas Marí,45241441G,ES-00000984,1969-10-03,Madrid,Madrid,28015,+34 728 705 672
985,Berto Bosch Galan,18861140J,ES-00000985,1972-03-23,Madrid,Madrid,28066,+34 644 875 951
986,Juan Francisco Valera,59593023T,ES-00000986,1968-08-12,Madrid,Madrid,28050,+34 641 511 355
987,Ruperto Puente,78821420Y,ES-00000987,1988-07-21,Cádiz,Cádiz,11079,+34 606 805 994
988,Elías Conde Crespi,00094781K,ES-00000988,1952-07-09,Madrid,Madrid,28065,+34 708 258 370
989,Sosimo Granados,96988215K,ES-00000989,1963-11-01,Melilla,Melilla,52047,+34 617 086 501
990,Bernabé Alberdi Izquierdo,09966206F,ES-00000990,1998-02-10,Valencia,Valencia,46027,+34 601 937 680
991,Juan Francisco Puerta Arjona,86505259M,ES-00000991,1973-04-15,Zaragoza,Zaragoza,50050,+34 744 431 546
992,Alfonso Borrell,10468667X,ES-00000992,1993-01-07,Valladolid,Valladolid,47023,+34 716 027 852
993,Rosalía Pozuelo,72540299R,ES-00000993,1947-12-22,Almería,Almería,04001,+34 723 579 207
994,Áurea Busquets Barreda,53496466F,ES-00000994,1977-08-15,Madrid,Madrid,28062,+34 674 020 109
995,Gerónimo de Oliveras,85234396F,ES-00000995,1964-01-25,Valencia,Valencia,46080,+34 778 061 598
996,Isidro Almazán Perea,16737444E,ES-00000996,1995-07-04,Murcia,Murcia,30021,+34 632 249 993
997,Eloy Victoriano Rosell Vázquez,03237808Y,ES-00000997,1964-08-31,Palma,Baleares,07039,+34 721 406 636
998,Águeda Nicolasa Cánovas Manzanares,86073198E,ES-00000998,1974-07-17,Málaga,Málaga,29033,+34 603 308 105
999,Felisa Gema Castellanos Gilabert,99665565X,ES-00000999,1988-02-07,Jerez de la Frontera,Cádiz,11027,+34 629 752 171
1000,Apolonia Milla Haro,78977146E,ES-00001000,1998-01-31,Sevilla,Sevilla,41055,+34 676 701 621
