id,vehicle_id,dealership_id,buyer_id,sale_date,sale_type,sale_price,financing,warranty_months
1,2,24,930,2018-07-13,used,9947.91,loan,24
2,3,6,734,2022-01-08,used,14236.50,leasing,12
3,3,6,977,2022-05-16,used,13280.03,loan,12
4,5,23,136,2014-08-20,new,49360.23,loan,36
5,7,2,662,2022-01-25,demo,57188.00,loan,12
6,7,2,110,2023-11-27,used,35621.41,cash,24
7,8,29,377,2019-11-26,new,28374.30,loan,36
8,10,3,241,2020-12-24,used,15383.82,cash,24
9,10,3,306,2024-12-21,used,6966.69,cash,24
10,11,13,912,2020-10-21,new,51425.99,loan,36
11,12,24,109,2018-10-24,new,14846.36,cash,36
12,13,12,665,2021-12-01,new,55022.16,cash,36
13,13,12,137,2022-10-30,used,43193.92,leasing,12
14,14,17,733,2016-09-25,new,22335.58,loan,36
15,14,6,312,2020-08-13,used,11106.17,cash,12
16,14,18,605,2025-06-21,used,4238.37,renting,12
17,15,13,383,2016-01-07,new,24939.59,loan,36
18,17,21,455,2020-10-25,used,10215.49,cash,12
19,18,30,978,2013-05-03,new,42030.25,renting,36
20,18,20,392,2018-08-14,used,15612.76,cash,24
21,18,10,148,2019-07-27,used,12930.04,loan,24
22,18,10,513,2021-05-27,used,8984.70,cash,24
23,19,28,621,2024-11-11,used,21386.72,loan,12
24,20,24,917,2022-04-01,demo,21112.00,loan,24
25,21,5,50,2020-02-02,new,35021.70,cash,36
26,21,5,122,2024-10-18,used,13915.84,loan,12
27,22,20,587,2023-04-13,new,50739.50,cash,36
28,22,30,175,2024-11-19,used,36162.28,loan,12
29,23,24,868,2018-07-13,used,11032.91,cash,12
30,26,14,676,2018-02-06,new,33770.14,leasing,36
31,26,16,532,2022-09-18,used,15487.73,loan,24
32,26,28,89,2024-12-06,used,9973.68,loan,12
33,27,2,199,2020-09-04,used,5850.02,cash,12
34,27,16,935,2021-11-25,used,4588.61,renting,12
35,27,6,100,2024-12-28,used,2484.71,loan,12
36,28,18,208,2021-12-11,used,33505.27,cash,12
37,28,18,496,2023-08-20,used,23961.99,leasing,24
38,29,14,436,2020-05-24,new,44279.73,loan,36
39,29,28,915,2023-11-12,used,21352.73,leasing,12
40,29,14,935,2025-04-17,used,16079.80,loan,12
41,31,28,965,2025-05-10,new,53493.99,leasing,36
42,31,25,549,2025-06-15,used,57614.62,loan,12
43,32,19,632,2018-10-01,new,52361.76,cash,36
44,32,26,640,2023-06-06,used,20379.88,loan,12
45,34,26,181,2023-10-16,new,18882.50,cash,36
46,34,15,648,2024-10-23,used,15001.42,loan,24
47,35,10,1000,2024-06-23,new,27158.60,cash,36
48,36,18,55,2021-12-11,used,13951.56,loan,24
49,37,3,254,2020-12-24,new,48422.22,cash,36
50,38,26,759,2019-03-27,new,11862.84,loan,36
51,39,18,815,2021-12-11,demo,5516.82,loan,12
52,39,25,547,2015-04-21,used,20612.93,leasing,24
53,39,7,209,2017-01-10,used,14638.03,loan,12
54,39,25,711,2020-11-17,used,6815.21,loan,12
55,40,19,860,2024-04-22,new,18735.08,loan,36
56,42,30,709,2025-01-10,used,52960.59,cash,24
57,44,15,924,2024-07-02,new,11028.60,cash,36
58,45,12,575,2016-04-04,new,21861.84,loan,36
59,46,6,86,2021-08-31,new,15028.68,loan,36
60,48,10,917,2016-07-08,new,32632.35,renting,36
61,49,18,290,2023-01-01,new,12219.68,loan,36
62,50,13,175,2020-12-03,used,18359.78,loan,12
63,52,24,476,2021-06-22,used,21540.99,renting,24
64,52,16,643,2022-07-29,used,17314.37,loan,24
65,53,15,518,2025-05-12,demo,55216.00,cash,12
66,54,12,729,2021-08-09,new,14642.31,cash,36
67,54,13,460,2024-06-01,used,9780.02,loan,12
68,55,11,856,2020-12-25,new,32584.43,renting,36
69,55,4,427,2025-02-25,used,14841.51,cash,24
70,56,10,420,2014-03-01,new,45915.10,cash,36
71,56,20,415,2019-07-21,used,16153.67,cash,12
72,56,10,505,2020-09-19,used,12815.92,leasing,24
73,56,20,758,2020-10-15,used,12636.16,cash,24
74,58,13,546,2023-11-07,new,16049.46,loan,36
75,58,12,629,2024-09-06,used,12721.63,loan,12
76,59,5,89,2015-11-21,used,23664.75,loan,12
77,59,5,479,2015-11-21,used,23664.75,loan,12
78,59,11,657,2018-08-31,used,13640.61,loan,12
79,60,5,967,2016-09-22,new,31766.57,leasing,36
80,61,17,703,2017-04-01,new,21851.52,cash,36
81,62,16,563,2023-09-14,new,27339.83,loan,36
82,62,20,838,2023-11-13,used,31765.81,loan,12
83,63,13,380,2011-01-27,new,15563.60,loan,36
84,63,12,595,2021-07-07,used,1977.14,cash,12
85,64,1,238,2025-02-18,new,28365.33,loan,36
86,65,6,547,2012-11-01,new,16359.00,leasing,36
87,65,12,733,2020-11-01,demo,3274.98,cash,24
88,66,1,510,2025-06-28,demo,55216.00,cash,12
89,67,9,348,2025-02-07,new,27209.70,loan,36
90,68,18,118,2021-12-11,used,16966.39,cash,12
91,70,27,25,2024-03-03,used,17740.78,loan,12
92,71,20,350,2023-09-11,demo,21175.64,loan,12
93,72,19,59,2025-03-21,demo,17400.00,cash,12
94,74,7,120,2019-01-31,new,21936.20,loan,36
95,74,14,155,2021-12-10,used,10646.03,cash,12
96,75,10,375,2016-12-07,used,5043.76,loan,12
97,75,30,888,2017-06-04,used,4576.33,cash,24
98,75,30,18,2017-11-22,used,4170.30,loan,12
99,76,25,442,2019-09-16,new,16413.84,cash,36
100,76,18,398,2023-01-18,used,8961.39,loan,24
101,77,12,975,2025-06-28,new,58954.75,loan,36
102,79,13,771,2022-11-21,used,8972.95,loan,12
103,80,22,292,2012-09-04,used,16939.79,renting,12
104,80,15,552,2021-07-10,used,2927.54,cash,12
105,81,7,944,2018-02-04,new,16068.78,loan,36
106,81,19,496,2021-05-23,demo,8859.28,cash,12
107,82,23,505,2024-01-09,new,21589.32,loan,36
108,83,12,502,2025-06-28,used,20003.52,leasing,12
109,84,1,974,2025-04-11,demo,92220.00,loan,12
110,84,28,983,2025-04-15,used,91737.74,leasing,12
111,85,21,992,2023-06-26,new,50314.44,cash,36
112,85,10,862,2024-07-23,used,40815.57,loan,12
113,86,15,243,2017-09-08,used,18456.34,cash,12
114,86,1,153,2023-12-16,used,5318.46,cash,12
115,87,25,806,2022-11-20,new,13818.00,leasing,36
116,87,18,746,2023-11-09,used,11775.41,loan,12
117,88,22,522,2016-01-30,new,31412.04,cash,36
118,88,15,235,2022-05-29,used,9053.32,loan,12
119,88,15,898,2023-08-15,used,7116.64,cash,12
120,89,25,215,2014-06-23,new,33677.55,leasing,36
121,89,30,540,2019-08-21,used,10427.53,leasing,12
122,90,6,326,2012-05-08,new,20974.80,cash,36
123,90,14,524,2020-08-18,used,4045.14,loan,12
124,91,7,712,2017-07-22,new,31379.83,loan,36
125,91,11,833,2018-12-06,used,22597.77,cash,12
126,91,20,199,2018-12-24,used,22377.99,cash,24
127,93,11,63,2013-09-10,new,32471.55,cash,36
128,93,22,247,2017-01-13,used,19289.05,leasing,12
129,94,14,397,2024-07-11,used,10335.75,loan,12
130,95,12,445,2017-08-29,new,24462.88,loan,36
131,95,13,64,2019-08-26,used,16647.59,cash,24
132,96,10,4,2024-06-16,new,18837.14,leasing,36
133,97,26,789,2022-06-20,used,21095.00,cash,24
134,98,10,363,2015-07-31,new,13081.50,cash,36
135,100,27,959,2020-03-21,new,30493.02,renting,36
136,101,11,170,2022-07-15,new,20495.54,loan,36
137,101,29,23,2023-04-02,used,19628.44,cash,12
138,102,1,722,2019-08-03,demo,31204.00,cash,12
139,102,22,697,2023-06-18,used,11873.64,loan,12
140,103,13,618,2024-02-18,new,18966.42,cash,36
141,104,11,611,2010-05-05,new,19741.44,loan,36
142,105,3,793,2022-05-28,new,21551.34,loan,36
143,107,4,904,2023-12-07,new,23044.80,leasing,36
144,108,19,327,2023-07-09,new,15351.00,leasing,36
145,108,7,275,2024-12-16,used,10267.67,loan,24
146,109,28,640,2016-09-11,new,14253.34,loan,36
147,110,6,598,2012-12-12,new,16135.96,loan,36
148,111,25,532,2012-02-06,new,23968.71,cash,36
149,111,7,218,2022-11-13,demo,2883.50,renting,12
150,112,22,488,2024-07-04,new,43853.88,loan,36
151,112,27,667,2025-02-13,used,41591.02,loan,12
152,113,11,439,2021-02-28,new,51377.40,loan,36
153,114,11,265,2024-10-08,demo,25636.00,leasing,12
154,116,19,27,2023-12-24,new,29142.82,loan,36
155,117,13,218,2018-12-22,new,23610.51,cash,36
156,118,16,734,2023-11-29,new,19869.60,loan,36
157,119,20,202,2024-07-11,new,45873.80,loan,36
158,120,11,145,2021-01-29,new,51770.10,loan,36
159,120,5,541,2024-11-03,used,24145.42,loan,12
160,121,3,153,2022-07-06,new,21508.74,cash,36
161,122,4,943,2019-06-20,used,15017.70,cash,12
162,122,11,284,2024-10-06,used,5248.21,cash,24
163,123,30,155,2025-06-27,new,48534.50,loan,36
164,125,6,376,2012-09-20,new,15722.68,renting,36
165,125,12,29,2020-01-17,used,3805.41,cash,12
166,125,6,901,2024-09-28,used,1497.91,loan,24
167,128,18,210,2023-07-01,demo,17052.00,loan,12
168,129,21,174,2021-09-03,new,23176.80,leasing,36
169,130,26,644,2020-03-11,new,22408.80,loan,36
170,131,30,840,2020-06-13,new,20511.01,loan,36
171,132,18,645,2021-12-11,used,6438.26,leasing,12
172,132,19,495,2016-04-15,used,19782.06,renting,12
173,132,7,760,2018-06-09,used,12913.36,renting,12
174,133,16,442,2021-04-22,new,44334.81,cash,36
175,133,24,949,2024-02-24,used,23362.85,cash,12
176,134,29,940,2024-02-09,used,8736.60,loan,24
177,135,17,810,2016-08-10,new,28532.70,loan,36
178,135,23,346,2022-05-12,used,9240.13,loan,12
179,136,7,186,2024-02-27,new,28697.34,loan,36
180,137,4,777,2020-01-04,new,18134.48,cash,36
181,137,4,625,2022-11-04,demo,9872.60,loan,12
182,138,30,913,2019-01-23,used,40900.44,loan,12
183,138,30,853,2020-06-27,demo,30816.93,cash,12
184,139,18,474,2021-12-11,used,3349.20,loan,24
185,140,8,506,2021-06-03,new,24450.48,cash,36
186,141,18,442,2021-12-11,used,12573.18,cash,12
187,142,3,805,2022-08-29,new,19619.43,loan,36
188,143,25,692,2020-12-12,new,54217.80,loan,36
189,143,7,923,2021-08-31,used,48553.97,cash,12
190,144,26,561,2018-09-01,new,22128.00,cash,36
191,144,26,263,2020-11-17,used,16186.84,cash,12
192,145,1,349,2022-01-10,new,45686.48,loan,36
193,145,22,120,2022-07-25,used,42861.80,loan,12
194,146,7,123,2020-11-29,new,13208.73,loan,36
195,146,18,73,2024-12-28,used,5744.73,loan,24
196,147,11,599,2025-06-04,used,67720.52,loan,12
197,148,25,891,2012-05-10,new,15717.24,loan,36
198,148,18,570,2021-12-11,demo,2326.83,loan,12
199,149,8,119,2020-06-06,new,50160.56,cash,36
200,149,9,324,2024-07-17,used,20402.84,loan,12
201,150,25,324,2021-02-19,new,58716.45,loan,36
202,151,7,812,2023-03-25,used,16606.07,loan,12
203,153,18,575,2021-12-11,used,2687.83,loan,24
204,153,19,183,2022-02-26,used,2577.70,loan,12
205,153,19,893,2022-07-06,used,2401.92,loan,24
206,153,25,687,2022-10-04,used,2287.29,loan,24
207,154,2,830,2024-08-02,new,73481.85,loan,36
208,154,4,47,2025-02-24,used,70121.28,loan,24
209,155,5,909,2021-08-30,new,28338.03,leasing,36
210,157,30,372,2025-05-09,new,43467.30,leasing,36
211,158,29,573,2025-02-26,demo,26546.17,renting,12
212,159,23,521,2024-01-16,new,21012.48,loan,36
213,159,9,903,2024-10-19,demo,18666.87,cash,24
214,160,7,549,2015-06-22,new,22300.43,loan,36
215,162,25,128,2011-08-22,used,61419.43,loan,24
216,162,18,562,2021-12-11,used,7153.72,loan,12
217,162,18,799,2021-12-11,used,7153.72,loan,24
218,162,18,297,2023-06-20,used,5288.54,loan,12
219,164,26,707,2025-06-26,new,22523.16,loan,36
220,165,12,240,2016-05-15,used,21751.25,loan,12
221,165,6,16,2017-08-15,used,16882.26,cash,24
222,166,22,956,2020-06-25,new,32086.20,leasing,36
223,168,13,363,2016-12-28,demo,34916.00,loan,24
224,168,12,334,2018-07-17,used,23184.30,loan,12
225,168,13,208,2024-04-18,used,7399.35,loan,12
226,169,20,209,2025-05-05,new,48941.20,renting,36
227,169,10,674,2025-06-17,used,52653.34,renting,12
228,170,28,342,2013-11-09,new,19979.76,loan,36
229,171,8,90,2025-02-17,new,17450.16,leasing,36
230,171,13,917,2025-02-21,used,20947.36,cash,12
231,172,1,266,2021-09-19,new,18771.84,loan,36
232,173,30,811,2024-05-27,new,20350.10,leasing,36
233,173,10,759,2025-04-28,used,17398.98,loan,12
234,175,23,208,2018-04-02,used,26826.43,loan,24
235,176,1,217,2017-10-02,used,8090.73,cash,12
236,176,22,596,2022-02-05,used,3415.95,loan,12
237,176,12,990,2024-07-04,used,2117.69,loan,12
238,176,29,818,2025-03-23,used,1836.70,loan,12
239,177,16,26,2021-03-11,demo,41528.00,cash,24
240,178,26,107,2023-05-30,new,23157.60,renting,36
241,179,14,516,2019-03-29,new,48613.51,leasing,36
242,179,14,653,2021-09-24,used,34899.38,loan,24
243,180,28,340,2024-12-11,new,20746.00,renting,36
244,180,9,944,2025-03-03,used,23879.78,cash,24
245,181,25,658,2021-05-06,demo,34916.00,loan,12
246,182,30,766,2019-12-23,new,44629.20,loan,36
247,183,20,915,2022-07-02,new,43245.10,loan,36
248,184,13,272,2010-08-06,new,16834.60,leasing,36
249,184,6,420,2018-12-09,demo,3498.97,cash,12
250,184,6,592,2021-05-03,used,2173.88,loan,24
251,185,5,848,2025-05-10,new,17436.88,cash,36
252,185,11,485,2025-06-30,used,19958.53,cash,24
253,186,8,669,2020-12-23,demo,34104.00,cash,12
254,186,17,114,2024-07-08,used,14538.11,loan,24
255,187,5,280,2025-05-10,new,84131.30,loan,36
256,187,11,617,2025-06-08,used,91923.50,leasing,12
257,188,16,91,2020-06-04,new,42586.02,loan,36
258,188,24,267,2022-02-07,used,34558.15,cash,12
259,189,12,206,2020-10-06,new,52134.28,cash,36
260,191,21,151,2021-10-04,new,24117.90,cash,36
261,192,18,392,2024-01-09,new,14310.45,leasing,36
262,193,8,673,2020-06-06,used,12174.82,leasing,12
263,195,6,397,2018-06-18,used,38186.63,cash,24
264,196,3,382,2020-12-24,used,7635.83,cash,24
265,196,3,279,2020-12-24,used,7635.83,loan,24
266,197,29,692,2022-01-15,new,23753.25,cash,36
267,199,24,794,2023-11-27,used,6510.73,loan,12
268,200,11,152,2023-08-21,new,20091.06,cash,36
269,201,2,321,2020-09-04,used,6223.54,loan,12
270,201,3,37,2021-08-19,used,5148.57,renting,12
271,202,12,379,2013-08-04,used,26077.35,loan,24
272,203,12,672,2025-06-18,used,21789.87,loan,12
273,204,13,206,2021-05-30,used,19724.52,loan,24
274,204,6,52,2024-05-05,used,11022.69,cash,12
275,205,10,376,2022-02-18,new,21747.74,cash,36
276,205,1,743,2022-07-30,used,18821.23,loan,12
277,206,5,18,2021-10-04,demo,20648.00,loan,24
278,207,19,651,2012-02-25,new,55619.01,cash,36
279,208,26,488,2016-06-28,new,17795.96,loan,36
280,209,12,507,2022-08-04,new,56654.75,cash,36
281,212,7,353,2025-06-17,new,20771.24,loan,36
282,213,6,33,2024-01-04,new,78887.85,loan,36
283,213,16,929,2024-12-24,used,72587.84,cash,12
284,215,30,527,2022-01-22,new,17239.04,loan,36
285,216,16,240,2020-05-24,new,12055.89,leasing,36
286,216,24,549,2022-12-28,used,6808.02,loan,12
287,216,14,131,2024-07-23,used,4986.70,cash,12
288,219,6,513,2020-05-19,new,16314.99,cash,36
289,221,5,332,2025-03-11,new,18001.14,leasing,36
290,222,20,33,2018-08-14,used,4535.54,loan,24
291,222,20,538,2018-08-14,used,4535.54,loan,24
292,223,2,208,2020-09-04,demo,9733.34,renting,24
293,224,3,226,2022-02-15,new,46036.34,cash,36
294,226,20,540,2024-12-12,used,8581.06,cash,12
295,227,30,593,2013-03-02,new,13063.95,loan,36
296,227,30,164,2015-02-10,used,8979.80,loan,12
297,227,20,143,2020-06-10,used,3117.75,renting,12
298,228,1,804,2024-02-09,new,10370.80,loan,36
299,228,22,612,2024-03-12,used,12303.55,loan,24
300,230,19,799,2011-02-24,new,23682.12,cash,36
301,232,10,14,2022-10-17,new,19877.30,cash,36
302,233,19,683,2018-08-30,demo,59972.00,loan,12
303,233,24,11,2023-04-08,used,20968.00,renting,12
304,233,1,590,2024-03-04,used,17516.71,cash,12
305,234,21,119,2022-05-08,new,19497.06,loan,36
306,234,14,364,2022-12-21,used,15701.88,loan,12
307,235,6,208,2010-09-09,new,15288.08,leasing,36
308,235,13,398,2012-11-25,used,10495.09,loan,12
309,236,15,970,2023-12-11,used,35613.63,cash,24
310,237,26,17,2018-01-18,new,23565.60,leasing,36
311,239,5,826,2020-11-28,new,33247.41,loan,36
312,239,5,91,2022-05-28,used,26693.48,loan,12
313,239,11,458,2022-08-03,used,25739.30,loan,12
314,240,8,607,2023-11-15,new,30685.83,renting,36
315,241,27,87,2017-10-02,new,19576.58,cash,36
316,242,7,662,2025-02-04,new,31255.84,cash,36
317,243,3,554,2020-12-24,used,9684.40,loan,12
318,243,30,817,2017-04-23,used,20067.93,loan,12
319,243,5,533,2018-05-26,used,16165.45,loan,12
320,244,6,201,2022-06-27,new,54234.00,cash,36
321,245,22,307,2012-05-25,new,25512.06,loan,36
322,246,7,522,2013-07-28,new,31995.85,cash,36
323,247,21,64,2020-10-25,used,7905.08,leasing,24
324,247,21,29,2020-10-25,used,7905.08,loan,12
325,247,21,442,2024-08-02,used,3740.95,loan,12
326,248,10,639,2010-04-20,new,13568.85,loan,36
327,248,10,731,2016-04-11,demo,4138.34,loan,12
328,248,10,181,2017-01-20,used,3546.60,loan,12
329,248,10,33,2020-01-23,used,1953.09,cash,24
330,249,18,768,2021-12-11,used,35866.84,loan,12
331,250,6,948,2017-06-24,used,4399.43,loan,12
332,250,12,876,2022-10-19,used,1530.79,loan,24
333,251,24,566,2025-05-31,new,28986.49,leasing,36
334,251,1,122,2025-06-02,used,33894.89,loan,24
335,252,11,532,2019-01-04,new,17556.14,loan,36
336,252,11,70,2022-06-28,used,9708.72,cash,12
337,252,5,723,2025-03-11,used,5678.90,loan,12
338,253,3,849,2020-12-24,used,11909.36,loan,12
339,254,27,932,2019-10-19,new,22716.59,loan,36
340,254,9,756,2024-03-27,used,9135.73,leasing,12
341,256,3,214,2024-10-09,new,21932.61,cash,36
342,258,5,557,2017-10-24,new,25896.78,leasing,36
343,258,19,966,2018-02-11,used,26621.51,leasing,24
344,258,27,123,2019-07-27,used,18036.85,loan,24
345,259,25,303,2025-02-14,new,55178.89,leasing,36
346,259,7,7,2025-05-19,used,58048.45,leasing,12
347,260,24,620,2018-07-13,used,10218.26,loan,12
348,260,30,690,2018-08-21,used,10004.03,loan,24
349,261,18,510,2021-12-11,used,4751.14,loan,12
350,261,18,77,2021-12-11,used,4751.14,loan,24
351,262,10,602,2022-05-14,new,19989.59,loan,36
352,263,23,353,2018-08-22,demo,22968.00,renting,12
353,264,26,767,2024-04-03,used,19080.43,leasing,24
354,265,12,260,2018-12-18,new,21968.10,loan,36
355,265,13,220,2021-04-19,used,15625.90,loan,12
356,265,6,623,2022-07-20,used,12190.10,cash,12
357,268,26,928,2015-12-06,new,33915.40,loan,36
358,268,26,950,2016-10-08,demo,29511.53,loan,12
359,269,10,246,2010-04-16,new,19430.40,leasing,36
360,269,18,963,2021-12-11,used,1791.14,loan,12
361,269,21,455,2020-10-25,used,2240.52,renting,12
362,269,28,542,2017-02-10,used,4673.14,loan,24
363,269,29,841,2023-07-26,used,1298.49,cash,12
364,270,16,211,2017-01-20,new,44302.68,loan,36
365,271,11,367,2013-12-15,demo,19563.98,loan,12
366,271,30,569,2016-06-29,used,11822.72,cash,24
367,271,9,28,2021-10-29,used,4102.58,loan,12
368,272,4,714,2023-06-30,new,50138.64,loan,36
369,272,27,215,2023-10-16,used,49688.00,loan,12
370,275,4,31,2018-11-08,new,11900.35,renting,36
371,275,21,640,2022-12-18,used,5500.63,cash,24
372,275,26,461,2024-08-19,used,3948.87,cash,12
373,276,14,442,2020-09-14,new,21671.26,cash,36
374,276,17,220,2021-04-25,demo,20572.50,cash,12
375,276,3,422,2022-04-12,used,16991.40,loan,12
376,277,12,633,2013-08-04,used,14584.33,cash,12
377,277,12,223,2022-04-29,used,2577.22,loan,12
378,279,21,861,2020-10-25,used,16208.21,leasing,24
379,279,21,662,2024-05-25,used,7963.30,cash,12
380,280,20,746,2025-05-14,new,50352.40,leasing,36
381,280,20,96,2025-05-16,used,56719.10,cash,12
382,282,19,981,2012-05-27,demo,27028.00,loan,24
383,285,1,552,2022-09-13,new,24215.00,cash,36
384,286,28,134,2018-01-15,new,35456.32,loan,36
385,286,24,897,2023-02-19,used,12638.38,leasing,12
386,287,3,73,2023-04-15,new,80318.85,renting,36
387,287,25,206,2025-04-10,used,49999.32,cash,12
388,288,11,776,2024-03-23,new,21379.60,cash,36
389,289,3,124,2020-12-24,demo,25684.28,cash,12
390,289,3,877,2024-12-16,used,11663.01,cash,12
391,290,26,885,2020-01-06,used,13700.32,loan,24
392,293,16,297,2019-05-03,new,46726.20,cash,36
393,293,14,291,2020-09-26,used,32088.43,loan,12
394,294,6,151,2017-01-12,new,57442.50,leasing,36
395,294,12,805,2021-06-21,used,23154.18,cash,12
396,297,19,993,2012-04-21,new,23297.67,loan,36
397,297,7,571,2018-09-21,used,7005.18,cash,24
398,298,13,324,2022-11-22,used,16251.29,loan,24
399,299,5,34,2024-04-01,new,16977.64,loan,36
400,300,19,302,2014-11-08,new,55311.69,cash,36
401,300,7,802,2016-10-07,demo,41281.45,renting,24
402,300,25,870,2019-03-16,used,25453.40,loan,12
403,302,6,159,2016-05-15,new,23728.32,loan,36
404,302,13,855,2018-07-03,used,15389.74,renting,12
405,303,5,611,2015-11-21,used,47705.30,loan,24
406,303,5,640,2022-10-12,used,12151.84,cash,24
407,303,5,204,2023-03-14,used,11182.51,cash,24
408,303,11,114,2023-10-23,used,9906.48,loan,24
409,304,12,736,2021-04-04,new,14783.82,renting,36
410,305,21,378,2020-10-25,used,7964.99,loan,12
411,305,30,984,2020-07-26,used,8368.70,leasing,12
412,306,5,149,2020-07-09,demo,35449.92,cash,12
413,307,15,314,2025-05-23,new,48600.36,cash,36
414,307,22,993,2025-06-21,used,57021.77,loan,12
415,308,17,467,2020-08-11,new,24307.50,loan,36
416,308,19,655,2024-02-09,used,12542.06,loan,12
417,309,14,500,2024-03-04,new,24327.50,loan,36
418,311,19,479,2024-05-26,new,30253.51,loan,36
419,312,11,172,2024-09-22,used,13670.13,renting,12
420,313,6,968,2016-09-29,new,22614.90,loan,36
421,314,26,669,2017-12-12,new,18394.74,loan,36
422,314,26,304,2024-11-21,used,4750.29,loan,12
423,316,29,460,2025-01-18,new,50439.32,loan,36
424,318,28,353,2022-04-27,new,11527.53,leasing,36
425,319,12,901,2023-01-06,new,15432.54,renting,36
426,320,5,859,2019-07-27,new,16970.52,loan,36
427,320,11,909,2024-11-26,used,6042.07,loan,12
428,321,19,859,2016-12-13,new,23283.69,cash,36
429,322,28,74,2011-08-25,new,22091.94,loan,36
430,322,10,510,2018-12-30,demo,5467.84,leasing,12
431,323,21,802,2020-10-25,used,9852.78,loan,24
432,324,6,293,2020-02-15,new,15472.29,loan,36
433,325,6,305,2024-09-29,demo,26216.00,loan,12
434,325,5,609,2024-10-13,used,25824.89,loan,12
435,326,30,288,2018-08-24,new,46736.00,renting,36
436,327,8,795,2025-06-21,new,22526.40,loan,36
437,328,17,416,2022-12-02,new,26971.74,cash,36
438,328,8,594,2023-01-14,used,29093.35,loan,12
439,329,25,373,2025-02-05,new,44514.21,cash,36
440,329,25,958,2025-06-13,used,46295.59,loan,12
441,330,2,359,2020-09-04,used,8401.48,loan,12
442,330,2,846,2020-09-04,demo,8401.48,loan,12
443,331,25,438,2025-01-13,new,15445.50,loan,36
444,332,20,776,2025-03-30,used,25983.46,loan,12
445,333,7,969,2020-11-16,used,4446.36,leasing,24
446,336,6,872,2022-11-14,new,48913.37,cash,36
447,337,13,205,2021-04-02,used,6186.78,cash,12
448,337,12,986,2022-11-01,used,4519.36,loan,24
449,338,23,225,2018-04-24,new,27531.72,loan,36
450,339,3,968,2020-12-24,demo,57249.75,leasing,12
451,339,3,365,2025-02-04,demo,20589.82,loan,12
452,340,1,914,2019-11-03,demo,31204.00,loan,12
453,340,29,873,2021-04-28,used,21202.20,loan,12
454,340,22,622,2022-07-05,demo,16757.45,loan,12
455,341,21,156,2023-11-06,new,81861.15,loan,36
456,342,16,86,2022-12-27,new,19372.32,cash,36
457,343,19,786,2014-07-14,new,58839.96,leasing,36
458,344,11,811,2025-06-02,demo,37881.99,cash,12
459,345,24,197,2018-07-13,used,9704.24,loan,12
460,346,1,169,2021-03-01,new,27849.57,loan,36
461,346,29,320,2024-09-01,used,12695.53,loan,12
462,347,30,23,2016-08-18,new,40940.00,cash,36
463,347,10,179,2016-10-17,used,49096.50,loan,24
464,348,25,273,2012-05-01,new,20941.80,renting,36
465,348,3,601,2020-12-24,used,3552.69,loan,12
466,348,12,806,2018-10-28,used,5451.27,cash,12
467,348,21,436,2020-10-25,used,3670.42,cash,12
468,349,28,603,2022-05-08,new,44518.41,loan,36
469,350,12,799,2017-04-17,new,23601.27,cash,36
470,350,6,613,2017-05-19,used,25854.67,loan,24
471,353,12,164,2021-11-02,new,17895.50,leasing,36
472,354,12,723,2015-12-09,new,21621.60,cash,36
473,354,24,124,2020-12-19,used,8895.86,leasing,24
474,355,30,440,2025-03-24,new,49254.80,loan,36
475,355,30,743,2025-06-17,used,52204.04,loan,12
476,356,5,682,2017-12-01,new,32879.70,loan,36
477,356,11,25,2018-07-04,used,33890.93,loan,12
478,358,30,430,2024-09-22,new,28462.02,cash,36
479,359,24,983,2022-05-25,used,23796.97,cash,12
480,360,13,734,2020-05-28,new,15489.78,cash,36
481,361,29,690,2019-09-30,new,25869.73,cash,36
482,362,28,662,2015-04-05,new,35492.12,cash,36
483,362,28,334,2015-05-22,used,38515.53,leasing,12
484,362,24,264,2018-12-05,used,16267.42,loan,12
485,363,18,398,2021-12-11,used,3907.24,leasing,12
486,363,25,899,2025-02-16,used,2077.03,cash,12
487,364,25,172,2023-12-13,new,14645.61,cash,36
488,366,2,995,2021-03-15,demo,24708.00,cash,12
489,368,10,235,2025-04-06,new,45717.00,loan,36
490,368,10,461,2025-04-20,used,56025.44,cash,12
491,369,1,91,2018-12-29,new,25390.91,loan,36
492,369,29,189,2019-12-02,used,21394.34,loan,24
493,370,2,632,2020-09-04,used,7733.57,leasing,12
494,370,3,120,2024-05-19,used,3707.82,leasing,12
495,372,18,926,2025-02-24,new,15216.00,cash,36
496,372,19,442,2025-06-15,used,15271.61,cash,24
497,373,16,684,2021-12-02,used,12354.93,loan,12
498,374,1,94,2019-12-05,new,25455.47,loan,36
499,374,27,55,2021-04-07,used,19559.24,loan,12
500,375,2,938,2020-09-04,new,73513.65,cash,36
501,376,14,556,2021-06-25,new,20813.78,loan,36
502,377,18,261,2024-11-02,new,46605.45,loan,36
503,377,19,622,2025-05-29,used,47801.26,cash,12
504,378,4,299,2017-07-02,used,15393.59,loan,12
505,378,21,288,2023-04-10,used,4896.95,leasing,12
506,378,26,697,2024-08-18,demo,3740.13,loan,24
507,379,19,509,2022-03-28,new,60161.40,loan,36
508,379,18,823,2023-10-02,used,43341.10,leasing,24
509,381,25,966,2025-04-05,new,15048.00,cash,36
510,382,28,588,2022-01-29,new,45055.44,cash,36
511,383,12,732,2025-02-12,new,17297.00,cash,36
512,383,12,977,2025-04-02,used,19448.39,cash,12
513,384,17,581,2013-12-01,new,47911.78,loan,36
514,385,11,447,2025-06-02,new,82290.80,leasing,36
515,386,20,758,2023-08-13,new,45452.40,loan,36
516,386,10,442,2025-03-08,used,39798.67,renting,12
517,387,30,852,2025-05-12,new,18841.08,loan,36
518,387,30,105,2025-06-29,used,21259.67,cash,12
519,388,24,776,2018-09-16,new,20720.28,loan,36
520,389,19,70,2025-05-11,new,53473.94,loan,36
521,390,1,76,2025-03-08,used,11998.64,loan,12
522,391,3,377,2020-12-24,used,8196.83,leasing,24
523,392,5,719,2018-11-08,used,31221.64,loan,12
524,393,13,290,2024-03-23,new,55675.36,leasing,36
525,394,15,566,2025-06-17,used,53977.02,cash,12
526,395,10,913,2020-05-22,new,32636.80,loan,36
527,395,3,478,2025-02-16,used,13427.64,cash,12
528,396,13,679,2022-01-27,new,55300.48,cash,36
529,396,6,23,2022-12-04,used,50264.74,renting,12
530,397,8,317,2021-08-18,new,21810.48,loan,36
531,397,9,736,2022-05-17,demo,19161.32,cash,24
532,398,12,263,2021-06-03,new,30463.70,loan,36
533,398,30,196,2024-06-09,used,17129.12,leasing,12
534,399,27,457,2021-04-04,new,25345.18,loan,36
535,399,22,595,2023-08-09,used,18326.32,loan,24
536,402,11,173,2019-06-11,new,17447.56,loan,36
537,402,11,295,2024-03-31,used,7130.68,loan,24
538,403,17,992,2020-02-04,new,24972.48,cash,36
539,403,9,182,2024-05-08,used,11561.42,loan,12
540,403,8,791,2024-09-21,used,10737.91,leasing,24
541,404,10,132,2015-09-24,new,13543.20,loan,36
542,404,20,910,2018-08-14,used,7628.75,loan,24
543,404,20,511,2021-06-13,used,4349.75,cash,24
544,404,10,77,2024-07-13,used,2359.22,leasing,12
545,405,21,479,2020-10-25,used,8491.55,leasing,12
546,406,25,69,2020-01-15,new,56815.20,cash,36
547,406,19,683,2022-09-25,used,33938.89,loan,12
548,409,18,67,2021-12-11,used,6864.68,leasing,24
549,410,25,699,2025-05-14,demo,34916.00,leasing,12
550,410,25,506,2025-06-27,used,33131.92,loan,12
551,411,7,541,2020-10-10,new,57435.30,cash,36
552,411,19,988,2021-05-15,used,51664.51,leasing,24
553,412,15,849,2017-04-29,used,6476.90,leasing,24
554,412,1,528,2014-03-06,used,12098.37,cash,12
555,412,29,600,2018-05-27,used,5231.58,loan,12
556,413,6,217,2023-10-14,used,15192.21,loan,12
557,414,15,628,2018-02-18,used,9333.24,loan,24
558,414,24,69,2021-09-14,used,4595.52,loan,12
559,414,26,265,2024-09-26,used,2517.01,cash,12
560,415,29,632,2023-02-05,new,51157.15,loan,36
561,416,8,787,2020-06-06,used,14001.79,loan,24
562,416,13,892,2019-02-07,used,21969.52,loan,24
563,417,17,520,2019-05-25,new,52175.64,renting,36
564,418,7,364,2024-11-09,new,13914.00,loan,36
565,418,18,683,2025-04-28,used,14016.97,leasing,24
566,419,7,188,2020-09-11,new,47048.19,loan,36
567,419,19,499,2021-06-06,demo,41096.81,leasing,12
568,420,15,691,2017-04-29,used,8050.33,renting,24
569,421,16,905,2023-07-01,new,36956.34,loan,36
570,422,25,119,2025-01-08,used,38662.69,loan,24
571,424,13,54,2021-03-26,demo,66700.00,cash,12
572,425,20,538,2023-07-03,new,21696.00,cash,36
573,425,7,729,2024-12-02,used,16847.50,cash,12
574,426,16,825,2015-09-26,new,20506.08,loan,36
575,426,28,85,2018-10-07,used,11666.84,leasing,12
576,426,28,571,2025-01-21,used,3347.38,leasing,12
577,427,26,378,2018-01-21,new,11400.62,loan,36
578,428,9,359,2025-06-21,used,61437.41,loan,12
579,429,21,716,2025-06-21,new,32018.28,loan,36
580,429,4,819,2025-06-29,used,37933.25,cash,24
581,430,17,128,2024-09-08,new,28062.30,loan,36
582,431,12,908,2013-08-04,demo,15664.27,renting,12
583,432,27,989,2025-06-11,demo,58928.00,loan,24
584,433,9,501,2025-06-06,used,21538.76,cash,12
585,434,30,832,2025-06-01,new,29675.04,cash,36
586,435,10,631,2015-10-17,demo,51620.00,loan,12
587,436,6,628,2016-10-29,new,21295.89,leasing,36
588,436,12,480,2019-07-27,used,13764.82,loan,24
589,436,13,688,2024-08-21,used,5032.25,loan,24
590,437,22,68,2024-02-06,used,15738.19,cash,12
591,438,23,998,2014-11-13,new,19225.80,loan,36
592,438,16,610,2023-02-07,used,3929.86,loan,12
593,438,15,82,2023-06-08,used,3679.80,loan,12
594,439,16,324,2023-08-14,new,11633.44,loan,36
595,440,6,8,2010-05-20,new,16427.88,renting,36
596,440,13,386,2014-09-01,used,7245.45,loan,12
597,440,6,239,2020-11-14,used,2115.28,leasing,12
598,442,28,959,2025-01-30,used,7724.71,loan,24
599,443,11,549,2019-10-23,new,34482.63,loan,36
600,444,5,455,2023-09-16,demo,20648.00,cash,12
601,444,5,25,2023-10-14,used,20003.81,loan,12
602,445,2,15,2020-09-04,used,35826.74,loan,12
603,445,3,470,2020-12-24,used,33729.82,leasing,24
604,446,25,393,2024-11-01,new,55235.70,loan,36
605,446,7,960,2025-06-17,used,52461.26,loan,12
606,447,2,168,2020-09-04,used,6326.20,cash,12
607,448,4,671,2018-03-10,new,24456.00,renting,36
608,448,26,603,2020-12-15,used,15745.05,leasing,24
609,449,12,266,2013-08-04,new,47185.88,leasing,36
610,449,6,272,2014-04-06,used,39351.60,loan,24
611,449,6,724,2017-10-06,used,19640.84,leasing,12
612,450,18,979,2021-12-11,used,14919.87,loan,12
613,452,1,503,2020-02-26,used,17861.30,loan,12
614,452,27,434,2021-12-21,used,12451.73,cash,24
615,453,1,862,2021-03-12,new,11268.40,loan,36
616,454,12,574,2025-03-23,new,52398.00,loan,36
617,454,12,809,2025-06-18,used,58713.38,loan,12
618,455,20,711,2023-08-05,new,43054.20,loan,36
619,455,30,377,2024-02-09,used,39995.07,leasing,12
620,456,8,420,2020-06-06,used,17403.35,loan,24
621,457,30,324,2024-05-21,new,50925.70,renting,36
622,458,24,763,2022-01-24,new,21697.83,renting,36
623,458,15,248,2023-02-23,used,15606.11,loan,12
624,459,10,869,2021-09-02,demo,53360.00,loan,12
625,459,30,692,2023-10-09,used,30274.80,renting,12
626,460,12,659,2013-08-04,used,11778.46,loan,12
627,460,13,484,2023-03-22,used,1742.61,cash,24
628,460,12,828,2023-05-05,used,1701.44,renting,12
629,461,20,164,2022-01-16,new,44311.80,loan,36
630,462,6,413,2021-07-18,new,24339.38,loan,36
631,462,12,271,2025-06-03,used,11751.01,loan,12
632,463,24,979,2018-07-13,used,15848.51,cash,12
633,463,16,181,2019-10-14,used,12357.03,loan,12
634,464,24,453,2018-07-13,used,25685.70,loan,12
635,464,28,534,2017-03-19,used,33694.96,loan,12
636,464,28,669,2019-09-21,used,20279.01,loan,12
637,465,18,701,2023-12-02,used,11784.35,cash,12
638,466,13,617,2023-10-22,demo,66700.00,loan,12
639,467,22,586,2022-09-17,new,46538.52,cash,36
640,468,9,406,2022-03-18,new,26379.27,leasing,36
641,469,2,61,2020-09-04,used,42978.76,loan,24
642,470,30,910,2015-11-09,new,12621.15,renting,36
643,470,30,890,2019-07-19,used,6135.90,cash,24
644,470,10,352,2025-06-19,used,1895.50,cash,24
645,471,5,148,2020-10-28,new,17949.52,loan,36
646,472,28,78,2015-04-13,new,46542.60,loan,36
647,472,16,751,2018-02-04,demo,26452.21,loan,24
648,472,14,643,2021-08-31,used,13024.55,loan,24
649,473,27,961,2016-12-14,used,9993.42,cash,12
650,475,11,476,2023-10-10,new,77472.78,loan,36
651,477,6,597,2015-06-20,new,23240.23,cash,36
652,477,13,395,2020-02-25,used,10035.05,leasing,12
653,479,17,160,2021-05-08,used,12106.00,loan,12
654,480,3,442,2020-12-24,new,47747.05,cash,36
655,481,11,863,2018-01-31,new,21528.76,loan,36
656,481,21,221,2020-10-25,used,13422.24,loan,24
657,481,10,948,2023-01-15,used,8634.19,loan,12
658,482,10,219,2019-12-11,new,44909.80,loan,36
659,482,20,377,2022-12-24,used,22876.32,loan,12
660,483,21,433,2023-05-03,new,24110.00,loan,36
661,484,13,478,2012-05-05,new,44344.16,cash,36
662,484,6,982,2022-12-04,used,6312.27,loan,12
663,484,6,966,2025-04-22,used,3934.56,cash,12
664,484,6,284,2025-06-16,used,3818.72,cash,12
665,485,10,467,2024-12-07,demo,22852.00,loan,24
666,486,29,518,2020-09-13,new,73521.60,cash,36
667,487,29,520,2025-04-01,new,11242.00,loan,36
668,487,29,561,2025-06-28,used,12044.70,cash,24
669,489,18,933,2024-05-10,new,12557.66,cash,36
670,490,15,579,2017-04-29,new,25802.80,cash,36
671,491,12,482,2018-09-14,new,22746.57,leasing,36
672,492,16,228,2024-07-05,new,18888.36,loan,36
673,493,5,392,2015-11-21,used,51101.62,loan,24
674,494,23,752,2024-03-11,new,80915.10,cash,36
675,496,15,668,2017-04-29,used,7848.41,leasing,24
676,496,21,929,2020-10-25,used,3925.78,loan,12
677,497,19,494,2021-08-23,new,29504.02,leasing,36
678,498,9,185,2020-01-03,new,26974.35,loan,36
679,498,23,880,2024-09-09,used,9495.91,cash,24
680,500,2,200,2020-09-04,used,14575.62,loan,24
681,501,18,649,2021-12-11,used,35756.72,leasing,24
682,501,7,45,2024-07-03,used,21514.30,loan,24
683,503,21,453,2022-09-15,new,22411.20,loan,36
684,504,27,705,2016-12-14,new,19626.24,cash,36
685,505,24,913,2018-07-13,used,30977.49,loan,12
686,505,28,270,2019-04-01,used,26867.01,leasing,12
687,506,13,119,2022-08-11,new,16313.40,loan,36
688,507,2,220,2022-12-17,demo,25172.00,loan,12
689,508,5,745,2018-01-06,new,52601.40,loan,36
690,508,5,799,2019-05-24,used,36876.50,loan,12
691,509,27,453,2019-02-08,new,24877.12,leasing,36
692,510,30,996,2020-10-18,new,45465.65,loan,36
693,510,30,215,2025-04-10,used,18622.18,cash,24
694,511,22,164,2019-09-09,new,27244.32,loan,36
695,511,15,905,2020-02-19,used,24681.97,loan,12
696,512,5,916,2015-11-21,used,30175.21,cash,24
697,513,13,684,2021-01-30,new,55720.80,loan,36
698,513,13,720,2021-05-22,used,57721.09,cash,12
699,514,15,744,2021-10-18,used,16486.55,loan,12
700,515,20,530,2023-07-04,new,18783.95,cash,36
701,516,5,855,2024-11-26,new,21496.67,loan,36
702,517,5,34,2022-09-13,used,14669.36,leasing,12
703,517,11,878,2022-09-19,used,14621.60,cash,12
704,518,18,263,2021-12-11,used,4425.22,cash,12
705,519,18,201,2023-02-03,new,13942.50,loan,36
706,521,14,587,2020-02-15,new,12208.21,loan,36
707,521,14,379,2022-01-01,used,7765.98,loan,24
708,523,12,462,2020-09-21,new,17370.50,loan,36
709,524,15,866,2025-06-18,used,21823.99,cash,24
710,525,7,616,2022-03-13,new,14224.50,cash,36
711,526,9,602,2022-07-20,demo,26448.00,loan,12
712,527,26,737,2017-04-29,new,11198.55,cash,36
713,527,26,95,2017-09-13,used,11494.81,cash,12
714,529,2,119,2020-09-04,used,11466.73,leasing,12
715,529,3,911,2024-08-28,used,5204.11,cash,12
716,530,12,669,2019-12-25,new,23850.75,loan,36
717,531,1,580,2018-06-04,new,26803.16,leasing,36
718,531,27,3,2018-11-11,used,24818.68,leasing,24
719,534,7,667,2023-04-21,new,54636.66,cash,36
720,535,2,592,2024-05-15,used,11283.56,loan,24
721,537,13,351,2010-03-28,new,16960.88,cash,36
722,537,13,935,2014-12-20,used,6159.58,loan,12
723,538,30,657,2014-12-10,new,13159.80,cash,36
724,538,30,788,2017-08-12,used,7718.23,loan,24
725,538,30,150,2021-03-08,used,3800.32,loan,12
726,539,12,437,2022-11-02,new,16101.75,loan,36
727,541,11,439,2023-06-12,used,5008.01,cash,12
728,541,4,635,2024-12-26,used,3688.22,cash,12
729,542,28,641,2015-12-01,new,20816.16,loan,36
730,543,22,139,2023-01-17,new,50612.04,renting,36
731,543,15,592,2024-04-19,used,43401.99,loan,24
732,545,13,345,2022-06-05,used,39585.61,loan,12
733,546,1,804,2020-01-19,demo,22968.00,renting,12
734,546,9,694,2024-12-06,used,7864.86,loan,12
735,547,9,152,2013-02-02,new,50916.70,loan,36
736,549,19,116,2021-05-05,new,12331.03,cash,36
737,549,19,200,2022-08-21,used,9980.65,cash,24
738,550,13,925,2020-11-04,new,56465.00,loan,36
739,551,14,830,2023-01-05,new,50063.94,leasing,36
740,552,12,911,2018-09-26,new,30792.30,loan,36
741,552,6,936,2022-03-27,used,15869.36,loan,12
742,553,19,228,2012-09-28,new,27576.22,loan,36
743,553,12,260,2014-10-08,used,18352.63,loan,24
744,553,10,587,2023-10-23,used,3051.70,loan,12
745,554,11,672,2024-09-01,new,22435.63,loan,36
746,555,10,698,2024-09-21,used,51551.90,loan,24
747,556,13,883,2020-05-31,new,16057.41,cash,36
748,557,23,730,2021-08-29,new,21108.24,loan,36
749,560,10,732,2011-10-01,new,12650.85,cash,36
750,560,30,434,2019-02-25,used,2835.43,renting,12
751,560,30,106,2019-04-08,used,2771.46,renting,12
752,561,2,765,2025-03-01,used,23928.39,loan,12
753,562,9,216,2024-12-18,used,20037.50,cash,12
754,564,2,845,2020-09-04,used,7246.55,cash,24
755,564,2,380,2024-12-11,used,3106.43,loan,24
756,565,3,622,2020-12-24,used,10266.26,leasing,12
757,565,9,263,2021-12-10,used,8483.76,loan,24
758,565,26,363,2022-03-10,used,8078.89,leasing,12
759,566,19,511,2021-06-25,new,30557.52,cash,36
760,566,18,205,2024-12-23,used,15178.09,loan,12
761,567,6,85,2021-10-17,new,14696.37,loan,36
762,569,16,580,2018-02-09,new,19149.48,cash,36
763,569,28,112,2025-02-05,used,5081.57,loan,12
764,570,10,543,2024-01-27,new,44560.20,loan,36
765,571,18,346,2021-12-11,used,6823.03,leasing,12
766,571,19,460,2019-03-12,used,11779.36,loan,12
767,573,7,128,2021-12-24,used,5106.11,loan,24
768,574,5,320,2023-06-05,new,81055.62,leasing,36
769,575,26,562,2023-10-04,new,74356.35,loan,36
770,575,19,595,2025-05-29,used,56172.94,leasing,12
771,576,7,530,2025-01-28,new,14745.00,cash,36
772,577,19,225,2025-01-22,new,58968.00,leasing,36
773,578,25,266,2017-04-13,new,12345.44,leasing,36
774,579,30,432,2015-06-18,used,35408.03,loan,12
775,581,6,484,2018-07-06,used,3303.00,loan,24
776,581,6,197,2024-06-18,used,1013.73,loan,24
777,581,6,958,2024-12-13,used,920.28,loan,12
778,583,8,314,2022-02-19,new,51136.47,loan,36
779,584,15,376,2019-05-12,used,15276.91,renting,12
780,585,19,861,2024-03-16,used,13834.79,cash,24
781,587,5,366,2021-06-01,new,51438.60,cash,36
782,588,1,444,2023-11-15,new,48402.24,loan,36
783,589,13,864,2015-01-16,new,24411.01,renting,36
784,590,1,786,2015-10-21,new,18739.20,loan,36
785,591,21,268,2024-06-01,new,22433.46,cash,36
786,591,5,727,2025-01-04,used,18456.51,cash,12
787,592,6,447,2024-08-03,new,56408.08,loan,36
788,592,6,201,2024-12-30,used,53438.32,loan,12
789,594,6,268,2023-06-26,used,9802.43,loan,12
790,595,10,239,2025-06-29,new,43839.09,loan,36
791,597,13,36,2020-10-16,used,28613.62,renting,12
792,598,11,852,2024-05-09,demo,63225.08,cash,12
793,599,6,147,2016-10-15,new,29799.00,cash,36
794,599,6,175,2023-01-17,used,9279.59,loan,12
795,600,5,113,2020-03-07,new,33979.26,loan,36
796,600,5,31,2020-06-02,used,38166.60,leasing,12
797,601,25,23,2024-08-07,new,29543.15,leasing,36
798,602,30,426,2011-03-08,new,44704.70,cash,36
799,602,10,352,2021-02-23,used,5982.78,cash,12
800,604,21,9,2020-10-25,demo,11574.39,cash,12
801,604,4,735,2018-07-21,used,18140.20,loan,12
802,604,21,200,2020-10-25,used,11574.39,cash,12
803,605,11,970,2021-01-28,used,13744.70,loan,12
804,606,6,296,2019-02-11,new,55096.50,cash,36
805,606,13,132,2020-11-24,used,42075.97,loan,12
806,606,13,183,2023-05-21,used,25690.75,cash,12
807,607,26,931,2019-03-10,demo,21112.00,leasing,24
808,607,26,405,2019-04-03,used,20426.72,cash,12
809,607,21,957,2024-10-15,used,5901.51,leasing,12
810,608,20,707,2025-06-03,new,43750.60,leasing,36
811,609,12,210,2024-06-13,new,25905.00,loan,36
812,610,10,283,2023-11-02,new,49235.20,leasing,36
813,612,6,160,2016-09-13,used,16870.58,renting,12
814,612,12,585,2020-01-18,used,8685.21,loan,12
815,613,5,626,2018-06-24,demo,26216.00,loan,12
816,613,25,529,2020-10-08,used,15768.13,loan,12
817,613,22,924,2021-01-22,used,14885.64,cash,24
818,614,7,646,2014-06-10,demo,67860.00,renting,24
819,614,7,731,2019-02-03,used,21634.71,cash,12
820,615,20,126,2018-08-14,demo,3393.55,leasing,12
821,615,20,597,2020-11-14,used,2169.98,loan,12
822,616,1,429,2024-09-13,new,23017.50,loan,36
823,616,27,816,2025-05-18,used,22299.14,cash,12
824,617,15,736,2025-01-10,used,50854.22,loan,24
825,618,10,1000,2015-03-05,new,41611.95,cash,36
826,618,10,661,2015-06-14,used,45208.14,loan,24
827,618,30,574,2019-02-23,used,20291.46,loan,12
828,619,13,422,2018-09-11,new,55096.50,cash,36
829,619,12,421,2024-06-10,used,16159.64,loan,12
830,620,18,268,2021-12-11,used,24189.19,cash,24
831,621,21,27,2020-10-25,used,6695.42,loan,12
832,622,23,677,2021-07-22,new,29441.16,loan,36
833,623,18,264,2021-12-11,used,42594.89,renting,24
834,626,13,224,2016-10-05,new,23371.14,leasing,36
835,627,2,799,2020-09-04,used,41289.73,leasing,24
836,627,2,211,2024-07-04,used,19307.54,loan,24
837,628,20,271,2021-09-13,new,44128.26,loan,36
838,628,20,92,2023-03-22,used,31397.49,leasing,12
839,629,29,936,2017-03-21,new,26531.47,leasing,36
840,629,29,974,2018-09-20,used,22695.37,loan,24
841,630,29,961,2023-08-20,new,11069.30,cash,36
842,631,4,719,2017-09-02,new,11139.26,leasing,36
843,632,20,736,2023-03-15,new,45927.54,cash,36
844,634,17,857,2025-04-12,demo,22272.00,loan,24
845,634,24,950,2025-06-01,used,21065.20,loan,24
846,638,5,511,2023-05-01,demo,16132.70,loan,12
847,639,21,20,2020-10-25,new,12528.34,cash,36
848,640,16,321,2015-06-06,used,42007.11,loan,12
849,640,28,663,2019-04-01,used,19685.36,loan,12
850,640,14,335,2023-01-12,used,9290.52,loan,12
851,641,12,403,2017-12-09,new,28838.81,leasing,36
852,641,13,127,2020-12-04,used,17244.24,cash,12
853,641,13,93,2023-12-02,used,9522.12,cash,24
854,643,11,412,2025-05-17,used,28758.83,loan,12
855,644,6,469,2014-10-20,new,23091.12,loan,36
856,644,12,139,2015-05-14,used,21211.03,renting,24
857,644,25,226,2024-04-05,used,3630.01,cash,24
858,645,13,836,2013-09-11,new,25387.04,loan,36
859,645,17,813,2014-04-05,used,21511.81,cash,12
860,646,11,509,2022-09-18,new,31597.16,cash,36
861,646,13,854,2024-07-28,used,24133.59,leasing,12
862,647,22,380,2018-07-17,new,19330.56,cash,36
863,647,24,438,2021-05-28,used,11083.43,cash,12
864,648,19,300,2021-05-24,new,49704.38,loan,36
865,649,5,776,2016-05-13,used,33200.58,cash,12
866,649,5,257,2024-04-04,used,6931.93,leasing,12
867,650,20,417,2024-09-18,new,19755.16,cash,36
868,651,14,168,2017-04-13,used,9847.31,cash,24
869,653,3,69,2020-12-24,used,35590.44,leasing,12
870,654,3,394,2020-12-24,used,5567.73,loan,24
871,654,2,601,2024-10-02,used,2633.41,leasing,12
872,655,16,830,2011-08-13,new,23458.50,cash,36
873,655,2,937,2020-09-04,demo,4160.04,leasing,12
874,656,6,383,2013-03-13,new,44763.04,loan,36
875,656,13,542,2020-10-12,used,10389.38,leasing,12
876,656,6,86,2022-07-27,used,7286.25,cash,12
877,657,25,49,2024-11-20,new,21049.00,leasing,36
878,657,25,954,2025-06-10,used,19006.10,cash,12
879,658,29,325,2025-06-02,new,24555.33,cash,36
880,659,22,334,2016-01-20,new,29693.39,cash,36
881,661,18,501,2021-12-11,used,13683.72,loan,12
882,661,18,32,2021-12-11,used,13683.72,cash,12
883,661,7,728,2020-04-23,used,18926.72,loan,12
884,662,2,382,2024-03-07,demo,38164.00,loan,12
885,663,20,395,2022-02-22,new,20361.92,cash,36
886,664,3,128,2020-12-24,used,11774.56,loan,12
887,665,6,734,2024-01-26,new,19006.08,leasing,36
888,667,7,187,2024-12-07,new,15124.50,loan,36
889,668,16,538,2018-01-09,new,19796.16,cash,36
890,669,8,60,2025-04-15,used,17075.81,leasing,12
891,670,7,565,2019-08-22,used,7916.79,loan,12
892,671,19,227,2014-04-03,demo,68556.00,loan,24
893,673,10,175,2024-11-10,used,19111.03,renting,12
894,675,7,46,2013-03-04,used,54537.16,loan,12
895,675,19,387,2017-07-28,used,22776.94,cash,12
896,675,19,94,2025-06-21,used,4750.47,loan,12
897,676,7,208,2020-07-09,demo,18792.00,cash,12
898,677,20,123,2023-04-13,new,30389.96,loan,36
899,678,7,418,2013-03-04,used,42025.39,renting,12
900,678,25,75,2012-06-18,used,48376.04,leasing,12
901,678,25,266,2020-05-14,used,10078.48,leasing,12
902,679,3,906,2021-05-19,new,23805.00,leasing,36
903,681,15,380,2020-08-14,new,10610.60,loan,36
904,684,25,311,2020-07-10,used,36091.23,loan,12
905,684,25,9,2024-09-14,demo,15063.81,cash,12
906,685,22,938,2023-01-12,new,48392.08,leasing,36
907,686,12,689,2015-09-22,demo,34916.00,loan,12
908,686,12,792,2017-10-04,used,21817.48,leasing,24
909,687,30,678,2012-03-07,new,12618.45,cash,36
910,687,20,664,2024-11-19,used,1047.47,leasing,24
911,688,21,295,2020-10-25,used,3858.52,cash,12
912,688,4,273,2017-07-02,used,7450.31,loan,12
913,690,14,974,2019-08-17,new,33981.36,renting,36
914,690,14,898,2022-10-18,used,19602.26,loan,24
915,691,27,441,2016-12-14,new,21688.69,loan,36
916,691,15,337,2024-06-01,used,4450.57,cash,12
917,693,27,852,2020-06-23,new,10419.20,leasing,36
918,695,28,981,2014-06-05,new,32752.95,loan,36
919,695,28,998,2014-10-21,used,33644.54,cash,24
920,697,26,759,2016-02-29,demo,23571.21,cash,12
921,697,26,74,2018-06-25,used,12510.30,renting,12
922,698,19,592,2011-08-05,new,58491.27,cash,36
923,699,4,764,2017-07-02,used,8849.85,loan,12
924,699,12,876,2013-08-04,used,19226.26,loan,24
925,700,2,32,2021-11-10,new,20496.99,cash,36
926,700,2,375,2022-12-14,used,19244.96,loan,24
927,701,15,546,2017-04-29,used,14159.81,loan,12
928,701,2,687,2020-09-04,used,7281.76,leasing,24
929,701,10,943,2022-06-09,used,5134.65,cash,24
930,702,2,532,2025-02-25,new,20922.99,loan,36
931,703,30,927,2021-04-16,used,40675.64,cash,12
932,704,6,981,2017-01-02,new,21815.20,cash,36
933,705,11,675,2024-08-05,new,81677.30,cash,36
934,705,11,725,2024-09-16,used,87840.47,loan,24
935,706,13,65,2021-06-07,new,52980.50,cash,36
936,706,12,686,2023-11-23,used,35334.91,renting,12
937,707,15,63,2020-10-04,used,23987.07,loan,24
938,707,16,822,2022-01-25,used,18500.63,cash,12
939,710,19,88,2011-11-18,new,23710.08,renting,36
940,710,19,448,2024-06-19,used,1968.45,cash,12
941,713,29,971,2016-08-09,new,19530.16,cash,36
942,713,29,698,2019-08-24,used,11017.20,loan,24
943,713,15,191,2024-10-29,used,3939.03,cash,12
944,714,30,643,2020-05-10,new,45135.20,leasing,36
945,714,30,917,2023-01-08,used,29052.61,cash,12
946,714,30,778,2024-04-13,used,22615.40,cash,24
947,715,2,269,2020-09-04,used,7236.91,renting,12
948,715,3,853,2022-05-10,used,5186.89,loan,12
949,716,19,207,2017-02-12,new,57985.20,cash,36
950,716,19,91,2018-09-25,used,41774.50,renting,12
951,716,25,896,2021-02-10,used,26052.95,loan,24
952,717,20,665,2025-06-29,new,44412.84,loan,36
953,718,29,211,2018-12-10,used,16248.18,leasing,24
954,718,15,583,2021-08-30,used,9467.95,leasing,12
955,719,13,449,2019-11-11,demo,26796.00,loan,24
956,720,25,174,2024-07-06,new,28856.87,loan,36
957,720,19,532,2025-05-25,used,25133.43,loan,12
958,721,6,778,2016-04-21,new,24707.41,loan,36
959,723,3,824,2022-01-05,new,21561.99,loan,36
960,724,26,125,2024-12-23,new,22314.37,loan,36
961,724,19,631,2025-01-19,used,24533.76,cash,24
962,725,7,21,2023-12-06,new,59576.40,cash,36
963,726,7,585,2023-08-27,new,14222.25,cash,36
964,726,18,974,2025-05-21,used,11550.93,renting,24
965,727,16,940,2020-10-31,new,36652.04,renting,36
966,727,24,246,2024-12-19,used,15160.61,loan,24
967,728,26,844,2022-02-22,new,25400.00,renting,36
968,728,23,164,2024-06-14,used,16985.44,renting,12
969,729,2,25,2024-01-09,new,20680.17,loan,36
970,729,3,434,2024-04-22,used,22011.20,cash,12
971,730,14,869,2017-09-04,new,45537.39,cash,36
972,731,26,930,2020-03-25,new,12293.60,cash,36
973,731,21,714,2021-08-02,used,9388.75,cash,12
974,731,26,156,2024-07-05,used,5255.28,loan,12
975,732,3,280,2022-05-19,used,13849.33,loan,12
976,732,2,793,2023-06-25,used,11131.93,renting,24
977,733,25,424,2012-04-02,new,21985.88,loan,36
978,733,19,343,2018-04-30,used,6791.28,loan,12
979,733,18,425,2021-12-11,used,3313.16,cash,12
980,735,16,485,2025-03-05,new,27374.99,loan,36
981,735,13,969,2025-06-23,used,28816.36,loan,12
982,736,13,378,2025-02-27,demo,38164.00,loan,12
983,736,8,189,2025-06-09,used,31276.81,cash,12
984,737,3,128,2020-12-24,used,25989.59,renting,12
985,737,3,862,2020-12-24,used,25989.59,cash,12
986,738,15,632,2023-04-27,new,22896.06,cash,36
987,738,18,623,2023-10-16,used,22978.31,leasing,12
988,739,10,609,2022-01-05,new,42677.82,leasing,36
989,739,20,278,2023-09-11,used,31282.47,cash,24
990,740,22,69,2016-03-20,used,20535.03,renting,24
991,741,7,589,2023-09-25,new,52775.19,cash,36
992,741,7,410,2023-10-18,used,63088.68,loan,12
993,742,22,266,2013-01-10,new,31811.60,leasing,36
994,742,23,806,2024-05-19,used,3585.85,loan,12
995,743,15,258,2018-05-13,new,31959.00,cash,36
996,743,22,358,2022-07-10,used,13076.58,loan,12
997,743,1,54,2022-10-25,used,12338.02,loan,12
998,744,7,879,2023-08-17,new,14181.09,cash,36
999,745,2,627,2020-09-04,used,12721.12,leasing,24
1000,746,13,623,2022-09-05,new,15987.45,leasing,36
1001,747,19,328,2022-03-04,new,14056.14,loan,36
1002,747,19,207,2022-12-29,used,13534.29,loan,24
1003,748,19,55,2011-08-13,new,60878.91,cash,36
1004,749,11,474,2012-04-16,demo,59160.00,loan,24
1005,749,5,677,2015-11-21,used,24604.95,loan,12
1006,749,5,819,2023-10-28,used,5095.61,cash,24
1007,750,2,607,2020-09-04,used,10553.16,loan,12
1008,752,13,350,2021-07-14,new,15680.58,loan,36
1009,752,12,708,2024-06-23,used,8171.23,leasing,12
1010,753,8,647,2023-07-17,new,26126.10,cash,36
1011,753,23,43,2024-06-15,used,22087.86,loan,24
1012,754,18,69,2023-07-01,new,52316.81,loan,36
1013,755,1,430,2022-08-07,new,49237.44,loan,36
1014,756,9,602,2022-05-30,demo,56956.00,loan,12
1015,757,19,194,2015-03-11,new,16370.10,loan,36
1016,757,25,553,2016-03-13,used,15072.03,loan,12
1017,757,19,204,2024-06-26,used,2910.09,cash,12
1018,758,24,884,2018-07-13,used,10547.77,loan,24
1019,758,24,613,2020-08-26,used,6922.92,loan,24
1020,758,14,682,2024-08-11,used,3155.61,loan,24
1021,760,27,255,2017-06-13,used,12712.52,loan,24
1022,760,1,841,2023-03-24,used,4039.65,loan,12
1023,761,12,718,2018-06-10,new,22367.73,renting,36
1024,762,30,793,2025-03-20,demo,50573.31,loan,24
1025,766,30,609,2019-01-09,new,25977.69,cash,36
1026,766,29,355,2020-08-01,used,19148.26,loan,24
1027,767,12,860,2013-08-04,used,26501.76,cash,24
1028,768,6,758,2023-03-10,new,14876.04,loan,36
1029,768,13,503,2024-06-25,used,11414.49,leasing,12
1030,769,20,795,2025-03-11,demo,53360.00,loan,12
1031,770,19,988,2014-04-05,new,58124.85,renting,36
1032,770,7,283,2016-04-20,used,44776.62,loan,12
1033,771,12,286,2020-08-02,new,16508.97,loan,36
1034,771,6,995,2020-09-10,used,17608.97,leasing,12
1035,772,20,823,2018-08-14,used,39581.07,leasing,12
1036,773,13,800,2024-05-07,new,30833.88,cash,36
1037,774,15,507,2020-03-13,new,10632.60,renting,36
1038,775,26,589,2018-06-05,new,49709.55,cash,36
1039,777,18,691,2025-06-27,new,15193.50,leasing,36
1040,777,7,982,2025-06-27,new,14215.50,renting,36
1041,778,22,684,2020-12-09,demo,25172.00,loan,12
1042,778,17,159,2024-02-29,used,11099.66,cash,12
1043,779,28,847,2025-05-29,new,48375.72,loan,36
1044,780,24,954,2018-07-13,used,19398.73,cash,12
1045,781,13,736,2023-01-18,used,10725.09,renting,24
1046,782,19,340,2025-01-30,new,16707.06,cash,36
1047,782,18,678,2025-06-03,used,15983.81,cash,12
1048,784,30,450,2024-09-15,new,21971.25,leasing,36
1049,784,1,208,2024-10-18,used,24460.96,loan,12
1050,785,3,785,2021-08-18,new,22137.09,loan,36
1051,787,13,699,2024-08-24,new,18813.34,loan,36
1052,787,20,995,2024-10-31,used,19204.55,cash,12
1053,788,5,414,2024-07-14,used,14994.43,leasing,12
1054,790,27,467,2025-06-25,demo,55216.00,loan,24
1055,791,17,663,2020-10-31,new,21302.04,loan,36
1056,791,17,31,2022-10-02,used,15882.48,loan,12
1057,792,12,507,2014-11-18,new,48661.48,loan,36
1058,793,16,264,2016-08-09,new,15028.14,loan,36
1059,795,25,442,2012-08-12,new,15304.14,cash,36
1060,795,25,452,2021-08-28,used,2759.93,renting,12
1061,797,2,115,2023-08-01,new,19819.65,renting,36
1062,799,16,233,2024-02-28,used,48274.41,renting,12
1063,801,22,152,2012-09-13,new,21902.40,loan,36
1064,802,26,292,2020-06-16,demo,92220.00,loan,12
1065,802,13,609,2023-08-01,used,40141.27,cash,12
1066,803,20,976,2018-08-14,used,13428.12,cash,12
1067,804,1,848,2024-03-29,new,25607.82,loan,36
1068,806,11,349,2013-04-16,new,47965.50,loan,36
1069,806,5,270,2024-01-11,used,5968.29,leasing,12
1070,807,18,343,2021-12-11,new,46336.98,loan,36
1071,807,7,773,2023-01-11,used,35639.17,cash,24
1072,808,30,733,2011-03-31,new,45225.35,loan,36
1073,809,12,731,2023-11-26,new,25067.50,cash,36
1074,810,1,628,2024-05-07,demo,18914.71,loan,12
1075,812,19,192,2015-06-15,new,45804.75,cash,36
1076,812,7,33,2018-07-08,used,24541.63,loan,12
1077,813,13,813,2016-06-09,new,30702.00,leasing,36
1078,813,13,808,2020-02-04,used,13972.58,cash,12
1079,814,1,184,2023-11-24,used,40359.88,renting,12
1080,815,12,695,2023-01-01,new,25260.00,renting,36
1081,816,22,778,2024-05-16,used,2860.52,loan,12
1082,817,28,863,2025-04-08,used,51181.76,loan,24
1083,818,12,888,2022-12-01,new,53929.25,loan,36
1084,819,9,417,2024-01-13,new,22191.24,loan,36
1085,819,8,751,2024-12-23,used,17230.58,loan,12
1086,820,16,101,2019-05-23,used,24682.40,renting,24
1087,822,12,126,2013-08-04,used,24366.09,loan,12
1088,822,12,847,2016-03-14,used,14518.11,cash,12
1089,822,12,175,2018-12-22,used,8372.93,loan,12
1090,823,3,887,2020-12-24,used,12387.15,loan,12
1091,823,3,465,2020-12-24,used,12387.15,loan,12
1092,824,5,698,2018-09-14,new,36742.44,cash,36
1093,824,5,136,2023-01-09,used,14013.53,loan,24
1094,825,1,368,2025-01-27,new,45162.88,cash,36
1095,826,10,149,2023-07-19,new,18462.84,cash,36
1096,827,22,558,2022-07-17,new,45572.24,loan,36
1097,828,13,396,2024-01-15,new,55351.60,cash,36
1098,829,3,656,2024-06-25,used,4170.35,cash,24
1099,830,26,986,2022-08-18,new,27720.73,loan,36
1100,831,7,826,2013-12-10,new,30883.65,loan,36
1101,831,11,394,2020-01-05,used,9806.64,loan,12
1102,832,25,779,2022-02-20,new,14936.67,loan,36
1103,833,16,422,2016-03-17,new,30153.04,cash,36
1104,834,20,8,2023-03-22,new,21051.90,cash,36
1105,835,14,330,2017-02-13,new,33662.74,loan,36
1106,835,14,133,2017-11-09,used,29735.14,cash,12
1107,835,24,165,2018-11-18,used,24267.25,loan,24
1108,836,2,344,2024-11-22,new,21628.02,loan,36
1109,837,16,557,2023-12-11,demo,25520.00,loan,12
1110,839,1,746,2023-08-24,new,80660.70,cash,36
1111,840,4,670,2024-06-07,new,23363.88,cash,36
1112,842,8,895,2021-12-09,demo,26448.00,cash,12
1113,842,9,889,2024-05-17,used,14313.29,cash,12
1114,843,18,886,2022-05-25,new,58068.92,cash,36
1115,844,19,294,2019-07-10,new,19872.00,loan,36
1116,845,25,189,2024-03-30,new,14983.38,loan,36
1117,846,26,243,2017-12-13,new,22240.66,cash,36
1118,846,18,357,2021-12-11,used,11104.02,loan,24
1119,846,21,979,2024-04-23,used,6943.94,loan,12
1120,847,8,10,2023-08-29,used,17343.17,cash,12
1121,848,6,519,2023-10-01,used,8206.70,loan,12
1122,849,5,235,2016-12-14,new,36521.10,loan,36
1123,849,11,342,2022-12-26,used,10533.75,leasing,12
1124,849,11,745,2023-06-07,used,9640.95,loan,24
1125,850,8,522,2022-04-16,used,27666.84,loan,12
1126,853,18,985,2022-01-29,new,14460.00,cash,36
1127,854,16,590,2022-10-25,new,11627.49,cash,36
1128,855,13,12,2025-05-30,new,20684.44,leasing,36
1129,857,2,732,2020-09-04,used,10631.65,leasing,24
1130,857,3,15,2020-12-24,used,10009.41,loan,24
1131,857,3,991,2020-12-24,used,10009.41,leasing,12
1132,858,25,814,2021-05-26,new,15709.14,loan,36
1133,858,18,384,2023-05-05,used,11031.39,cash,24
1134,859,18,649,2021-12-11,used,46757.36,cash,12
1135,860,25,868,2021-09-18,used,41411.02,cash,24
1136,860,9,885,2021-11-29,used,39822.31,loan,24
1137,861,7,321,2022-12-09,demo,34916.00,leasing,24
1138,863,24,103,2021-10-05,new,26521.74,loan,36
1139,864,27,360,2024-09-30,demo,29116.00,cash,24
1140,864,22,354,2025-02-02,used,24951.71,loan,12
1141,865,14,605,2023-09-27,new,25757.50,leasing,36
1142,866,12,127,2020-11-11,used,32765.46,loan,12
1143,867,10,192,2011-06-23,new,12590.10,leasing,36
1144,867,10,310,2018-05-27,used,3716.50,cash,12
1145,867,20,290,2022-09-21,used,1576.82,cash,12
1146,867,10,538,2024-04-30,used,1146.23,loan,12
1147,868,24,924,2024-10-26,new,11447.80,loan,36
1148,869,19,332,2025-05-31,new,14935.50,cash,36
1149,870,25,42,2024-07-29,new,28582.96,loan,36
1150,873,24,766,2019-08-12,new,20408.16,cash,36
1151,873,16,637,2025-01-11,used,7034.12,cash,24
1152,874,24,181,2022-03-15,new,11659.62,cash,36
1153,874,14,7,2023-07-09,used,9161.67,leasing,24
1154,876,13,959,2022-05-01,new,15356.22,loan,36
1155,877,24,413,2021-06-01,new,11032.49,loan,36
1156,878,18,159,2025-04-13,used,23917.24,renting,12
1157,879,22,974,2022-11-18,new,16926.00,leasing,36
1158,879,8,745,2024-02-10,used,15063.92,loan,12
1159,880,6,628,2022-02-19,demo,10576.91,leasing,24
1160,880,12,868,2024-03-21,used,6995.03,cash,12
1161,881,15,298,2022-11-12,new,23450.93,cash,36
1162,882,16,799,2024-02-07,new,18293.76,leasing,36
1163,883,24,38,2022-06-24,new,11600.12,loan,36
1164,884,12,137,2020-03-08,new,16810.50,loan,36
1165,885,11,815,2025-05-22,demo,22968.00,loan,12
1166,886,20,936,2019-02-03,new,43543.25,cash,36
1167,886,10,451,2023-03-08,used,19523.33,cash,12
1168,886,20,183,2025-04-11,used,12883.69,loan,24
1169,887,13,513,2014-01-23,new,29901.34,leasing,36
1170,887,13,854,2015-04-13,used,22678.80,cash,12
1171,887,6,386,2016-04-04,used,18680.13,loan,12
1172,887,12,916,2016-07-18,used,17644.23,loan,12
1173,888,15,179,2023-02-07,new,46271.96,loan,36
1174,889,15,683,2020-10-29,new,10187.10,cash,36
1175,889,15,209,2024-06-23,used,5402.48,cash,12
1176,889,1,732,2025-01-27,used,4799.03,cash,12
1177,891,21,909,2022-05-14,used,12641.55,loan,24
1178,893,5,445,2024-06-24,used,51241.34,loan,12
1179,894,25,509,2025-05-02,new,14719.50,leasing,36
1180,896,29,382,2013-12-08,new,24813.86,cash,36
1181,898,20,485,2024-03-20,new,19239.02,cash,36
1182,898,10,667,2024-07-22,used,19317.06,renting,12
1183,899,11,422,2015-06-06,new,48919.20,cash,36
1184,900,29,329,2015-08-18,new,30381.28,leasing,36
1185,900,9,419,2021-09-30,used,9715.25,loan,12
1186,900,25,719,2022-10-30,used,7838.77,loan,24
1187,901,13,186,2015-04-01,new,22506.12,cash,36
1188,901,27,18,2021-02-09,used,6429.63,cash,24
1189,901,1,759,2025-05-13,used,2763.74,cash,24
1190,902,6,550,2023-12-11,new,57632.25,cash,36
1191,903,24,369,2019-05-29,used,5685.94,leasing,24
1192,904,7,283,2024-08-07,new,45479.76,leasing,36
1193,905,15,855,2017-08-14,new,20498.65,renting,36
1194,905,15,469,2020-05-16,used,11452.90,loan,12
1195,905,1,548,2024-05-21,used,5164.07,loan,12
1196,906,30,528,2014-06-19,new,13463.55,cash,36
1197,906,30,277,2021-11-26,used,3444.15,loan,12
1198,906,10,675,2023-10-09,demo,2377.69,loan,24
1199,907,23,755,2012-08-15,demo,22968.00,loan,24
1200,907,8,263,2020-06-06,used,4522.14,loan,12
1201,908,21,762,2023-07-19,new,23738.40,cash,36
1202,909,23,786,2025-02-03,used,15381.32,loan,12
1203,910,25,645,2014-01-22,demo,67860.00,leasing,24
1204,910,7,410,2016-05-14,used,39868.11,leasing,12
1205,910,19,484,2020-07-23,used,17352.48,loan,12
1206,910,19,751,2025-06-23,used,6539.87,cash,12
1207,911,8,483,2020-06-06,used,20885.44,cash,12
1208,911,17,175,2023-01-15,used,12444.22,loan,12
1209,912,29,784,2024-08-20,new,20683.39,loan,36
1210,913,14,283,2022-11-24,new,81392.10,cash,36
1211,914,5,401,2020-04-26,new,36103.41,loan,36
1212,915,26,900,2020-04-08,new,22770.00,loan,36
1213,916,18,674,2021-12-11,used,9106.10,cash,12
1214,917,6,212,2016-04-01,new,31306.92,loan,36
1215,917,17,329,2023-11-07,demo,6984.30,loan,24
1216,917,30,874,2024-04-21,used,6381.94,loan,24
1217,918,8,165,2020-06-06,used,15623.80,leasing,12
1218,918,6,755,2021-09-28,used,12043.70,renting,12
1219,919,6,429,2011-08-07,new,17021.56,leasing,36
1220,919,12,593,2018-06-05,used,4116.72,leasing,24
1221,919,6,731,2021-10-22,used,2104.43,cash,24
1222,920,19,302,2011-03-03,new,24066.57,cash,36
1223,920,19,540,2020-10-25,used,3261.39,renting,12
1224,921,11,465,2021-07-15,new,51459.00,renting,36
1225,923,24,625,2020-09-08,used,11885.04,loan,24
1226,923,28,14,2022-12-13,used,7192.89,loan,24
1227,924,29,14,2025-02-07,used,2055.28,renting,12
1228,926,19,683,2024-01-10,new,52087.62,cash,36
1229,927,14,403,2022-09-09,new,19347.36,loan,36
1230,928,3,526,2020-12-24,used,9792.17,loan,12
1231,929,13,636,2023-11-02,new,16112.25,loan,36
1232,929,13,101,2025-05-07,used,11239.26,leasing,12
1233,930,8,496,2022-01-05,demo,21112.00,cash,12
1234,931,19,700,2023-09-13,new,54284.49,loan,36
1235,932,6,127,2013-01-31,demo,55216.00,loan,12
1236,932,6,535,2013-02-04,used,54980.17,loan,12
1237,932,13,629,2015-12-24,used,28094.88,leasing,12
1238,932,6,833,2017-01-30,used,22570.10,loan,12
1239,933,19,854,2014-06-26,new,55418.07,leasing,36
1240,934,20,130,2023-05-30,new,19703.94,loan,36
1241,934,10,341,2025-02-21,used,13704.47,loan,24
1242,935,15,801,2020-12-12,new,32093.95,loan,36
1243,935,13,435,2024-08-06,used,15369.02,loan,12
1244,936,13,466,2018-12-09,used,30735.50,loan,24
1245,936,6,157,2019-06-06,used,27068.96,cash,12
1246,937,18,292,2021-12-11,used,3774.97,loan,12
1247,938,14,892,2022-07-16,new,21881.21,loan,36
1248,939,30,843,2024-12-13,new,44518.41,cash,36
1249,940,18,853,2023-01-03,new,24670.00,loan,36
1250,941,29,582,2020-06-30,new,21241.74,cash,36
1251,942,1,14,2025-03-22,new,44715.44,loan,36
1252,943,6,320,2012-05-31,new,16760.80,cash,36
1253,943,12,429,2018-01-07,demo,5614.02,leasing,12
1254,943,6,325,2019-09-24,used,3997.57,loan,24
1255,944,19,782,2022-04-12,new,14670.60,cash,36
1256,946,6,11,2018-05-11,new,22143.66,renting,36
1257,946,13,543,2020-05-06,used,15580.37,loan,12
1258,947,26,274,2022-03-02,new,21044.66,loan,36
1259,948,11,436,2016-12-22,new,21775.60,loan,36
1260,948,5,58,2025-05-27,used,3720.93,renting,12
1261,950,30,748,2022-03-24,new,47355.03,loan,36
1262,951,13,797,2023-08-27,used,14882.43,loan,12
1263,953,28,308,2021-06-22,new,11919.04,loan,36
1264,953,24,81,2023-03-09,used,8743.98,loan,12
1265,954,3,457,2020-12-24,used,7466.74,renting,12
1266,954,2,335,2020-09-04,used,7930.91,cash,24
1267,954,2,792,2022-10-14,used,5219.52,renting,12
1268,954,2,455,2024-03-10,used,3949.84,cash,12
1269,955,24,178,2021-09-20,new,36032.70,loan,36
1270,957,4,822,2018-08-26,new,31002.60,cash,36
1271,957,2,391,2022-06-12,demo,15569.78,loan,12
1272,957,22,834,2024-12-28,used,9393.67,cash,12
1273,958,11,412,2025-02-24,used,24531.20,loan,24
1274,960,2,990,2025-05-22,new,20692.95,cash,36
1275,960,2,377,2025-06-12,used,24183.60,cash,12
1276,961,2,185,2022-01-04,new,20918.73,cash,36
1277,962,16,126,2025-05-17,used,9694.05,cash,24
1278,963,10,394,2020-12-17,new,47205.20,leasing,36
1279,963,10,466,2024-11-04,used,20664.95,loan,12
1280,963,20,798,2025-02-26,used,19423.85,leasing,12
1281,964,27,208,2018-09-13,new,10342.20,loan,36
1282,966,25,35,2024-09-06,used,16897.73,loan,12
1283,967,10,174,2014-07-08,new,13014.00,leasing,36
1284,968,26,591,2022-01-26,new,24818.40,loan,36
1285,969,13,873,2015-02-13,new,28281.96,loan,36
1286,969,12,571,2017-05-21,used,17852.21,leasing,12
1287,970,21,541,2022-07-05,new,18030.74,renting,36
1288,972,14,732,2014-08-31,new,15077.31,cash,36
1289,972,14,941,2015-02-03,used,14081.43,loan,24
1290,973,30,161,2021-09-29,demo,29580.00,cash,24
1291,974,16,904,2022-11-30,new,11516.82,cash,36
1292,975,23,345,2012-04-16,new,22555.26,cash,36
1293,976,12,821,2014-05-21,new,30969.89,loan,36
1294,976,13,161,2014-10-16,used,28150.92,loan,12
1295,977,18,316,2025-06-16,used,17000.07,loan,12
1296,979,12,174,2021-10-13,new,15198.81,cash,36
1297,980,20,600,2025-04-10,new,20243.72,loan,36
1298,980,30,48,2025-06-06,used,21312.16,cash,12
1299,981,26,685,2020-06-12,new,11907.61,cash,36
1300,982,5,756,2022-04-18,new,17468.92,loan,36
1301,983,18,119,2021-12-11,used,4510.05,cash,24
1302,984,27,425,2024-11-09,demo,57768.00,cash,12
1303,984,23,751,2025-06-20,used,43843.53,leasing,24
1304,985,22,353,2011-09-25,new,21830.06,loan,36
1305,985,15,548,2017-04-29,used,7306.50,loan,24
1306,985,15,514,2017-11-27,used,6511.54,loan,24
1307,986,1,117,2021-08-31,new,77385.30,cash,36
1308,988,6,702,2020-05-06,demo,26796.00,cash,12
1309,988,6,392,2025-02-09,used,8981.18,loan,12
1310,989,3,570,2025-05-01,used,17795.39,cash,12
1311,990,15,806,2018-05-27,new,10666.70,loan,36
1312,991,25,729,2016-07-28,new,23046.03,leasing,36
1313,991,7,829,2023-07-17,used,6319.55,renting,12
1314,992,19,211,2014-08-20,new,59318.67,loan,36
1315,992,19,560,2017-07-27,used,32428.05,loan,12
1316,993,26,493,2018-11-13,new,22778.40,loan,36
1317,993,4,269,2021-10-16,used,13511.20,loan,12
1318,994,24,723,2021-10-12,used,5487.70,loan,24
1319,995,6,703,2024-01-27,new,16296.00,loan,36
1320,995,6,15,2024-08-21,used,16488.39,cash,12
1321,996,16,61,2024-05-15,new,12032.09,loan,36
1322,996,28,815,2024-09-26,used,11317.48,loan,12
1323,997,6,476,2020-08-14,new,22746.57,loan,36
1324,997,13,471,2020-09-08,demo,26048.26,loan,12
1325,998,22,33,2022-11-10,new,19671.30,loan,36
1326,998,15,57,2023-05-04,used,17605.07,renting,12
1327,1000,29,301,2025-03-11,new,49905.92,loan,36
1328,1001,4,350,2018-07-13,new,16986.06,leasing,36
1329,1001,4,759,2018-11-18,used,17227.18,leasing,12
1330,1001,21,463,2022-10-17,used,7441.09,loan,12
1331,1002,8,971,2021-07-01,new,24798.75,cash,36
1332,1004,26,568,2018-11-16,new,12248.83,loan,36
1333,1004,26,490,2021-10-01,used,6766.44,loan,24
1334,1005,25,314,2014-01-08,new,23784.64,renting,36
1335,1005,7,846,2018-05-16,used,10021.75,loan,24
1336,1005,19,823,2018-08-20,used,9512.42,loan,12
1337,1006,2,423,2020-09-04,used,13619.20,leasing,12
1338,1007,30,917,2011-03-29,new,43939.30,cash,36
1339,1007,10,657,2013-12-13,used,25416.54,loan,12
1340,1007,20,88,2018-08-14,used,10064.59,leasing,12
1341,1007,20,686,2018-08-14,used,10064.59,loan,12
1342,1009,14,729,2021-01-03,new,11664.38,loan,36
1343,1009,28,666,2021-08-17,used,10073.18,loan,24
1344,1010,30,737,2013-11-27,new,31711.10,loan,36
1345,1010,15,822,2021-09-14,used,7381.02,loan,12
1346,1012,26,239,2017-03-16,new,28823.49,cash,36
1347,1014,1,642,2017-10-04,new,10763.50,loan,36
1348,1015,5,428,2021-07-22,new,32880.26,loan,36
1349,1016,20,666,2024-10-24,new,18368.28,loan,36
1350,1018,11,174,2025-04-24,new,75689.54,loan,36
1351,1018,11,230,2025-05-05,used,93852.29,cash,24
1352,1020,17,262,2025-05-24,new,21674.40,leasing,36
1353,1021,12,679,2014-08-09,new,48275.92,loan,36
1354,1022,27,859,2025-03-30,new,11440.00,cash,36
1355,1022,15,163,2025-05-26,used,11999.28,loan,12
1356,1023,30,563,2024-07-01,new,22281.22,loan,36
1357,1024,9,90,2023-10-03,new,51617.70,loan,36
1358,1025,2,654,2020-09-04,used,5977.31,loan,12
1359,1025,2,775,2021-08-29,used,4918.07,loan,12
1360,1027,8,780,2023-12-16,new,24226.02,cash,36
1361,1029,25,143,2014-03-18,new,21825.11,cash,36
1362,1030,18,733,2024-09-15,new,15229.50,loan,36
1363,1031,27,453,2025-05-14,new,50667.92,cash,36
1364,1031,27,15,2025-05-14,demo,58928.00,leasing,24
1365,1032,10,306,2024-05-05,new,21886.62,cash,36
1366,1033,27,27,2016-12-14,used,10007.38,loan,24
1367,1033,22,332,2013-11-09,used,18501.09,loan,12
1368,1034,7,188,2019-06-30,used,24113.15,loan,24
1369,1034,25,93,2024-05-07,used,9202.13,leasing,12
1370,1036,25,811,2025-06-30,used,64555.83,cash,12
1371,1038,28,732,2019-11-01,used,19895.76,cash,12
1372,1040,6,501,2014-12-15,new,23079.68,cash,36
1373,1040,6,472,2019-04-15,used,10191.46,loan,24
1374,1040,12,117,2019-10-15,used,9226.87,loan,12
1375,1040,13,189,2021-10-08,used,6226.09,loan,24
1376,1041,25,109,2023-10-21,new,13493.00,leasing,36
1377,1042,11,433,2014-03-10,new,34307.70,cash,36
1378,1043,29,935,2020-07-19,new,49109.83,loan,36
1379,1043,3,48,2021-02-04,used,44789.66,loan,24
1380,1043,1,497,2024-10-21,used,21450.53,cash,12
1381,1044,2,588,2022-08-20,new,29311.72,loan,36
1382,1045,29,857,2020-11-06,new,73418.25,loan,36
1383,1047,13,734,2022-08-26,used,10485.21,loan,12
1384,1047,13,378,2023-08-30,demo,8580.35,cash,24
1385,1048,30,973,2025-05-06,demo,59972.00,cash,12
1386,1051,10,44,2024-06-11,new,47583.90,leasing,36
1387,1052,18,904,2023-02-24,new,13901.79,loan,36
1388,1053,10,616,2021-09-03,new,45707.22,loan,36
1389,1053,20,714,2022-08-16,used,43194.14,loan,24
1390,1056,15,893,2022-05-31,new,82187.10,loan,36
1391,1057,7,959,2025-06-27,new,53999.40,loan,36
1392,1058,11,614,2025-03-06,used,31115.47,cash,24
1393,1059,1,548,2021-03-08,new,27411.10,loan,36
1394,1060,22,261,2023-12-01,new,48564.80,cash,36
1395,1060,27,381,2024-11-23,used,42911.70,cash,12
1396,1062,7,312,2013-03-04,used,19967.26,loan,24
1397,1063,17,754,2023-09-01,used,71640.05,leasing,12
1398,1065,9,61,2023-05-05,new,48769.14,leasing,36
1399,1065,13,696,2025-06-14,demo,30596.79,renting,24
1400,1066,17,336,2024-01-11,new,23340.36,cash,36
