id,iban,customer_id,branch_id,account_type,currency,balance,overdraft_limit,status,opened_at
1,ES7899999590507679216079,115,22,checking,EUR,4608.06,0.00,active,2022-06-11
2,ES1199994497988601977413,256,9,savings,EUR,3010.11,0.00,active,2014-11-14
3,ES9499999997895425570802,480,18,savings,EUR,2769.72,0.00,active,2008-06-15
4,ES1999998644985816706598,103,16,savings,EUR,144.39,0.00,active,2020-05-09
5,ES5599997096199273383676,593,24,payroll,EUR,1462.84,0.00,active,2015-11-16
6,ES4999999623323649680439,335,21,checking,EUR,0.00,1500.00,closed,2019-11-13
7,ES2499992753999977008581,409,23,savings,EUR,1277.17,0.00,active,2021-04-21
8,ES3999999623821498374242,650,21,payroll,EUR,6117.83,1000.00,dormant,2024-03-28
9,ES6099992166808621981388,417,3,checking,EUR,126.09,200.00,dormant,2013-04-17
10,ES8399997558392792803060,484,1,checking,EUR,5850.38,0.00,active,2013-11-12
11,ES1199991179770310808606,283,6,checking,EUR,3036.77,1500.00,dormant,2024-03-11
12,ES6499993061351437626011,188,8,savings,EUR,723.89,0.00,active,2019-12-19
13,ES7199999997279355127286,160,18,checking,EUR,1354.94,500.00,dormant,2024-11-05
14,ES3699999623682625744193,526,21,payroll,EUR,928.35,0.00,dormant,2019-04-13
15,ES6999999984008875583508,21,19,savings,EUR,3566.76,0.00,active,2020-03-10
16,ES8599997558309416064442,110,1,checking,EUR,2435.75,0.00,active,2009-09-18
17,ES5099996763210616907015,56,10,checking,EUR,9130.64,500.00,active,2011-06-14
18,ES0399999623486763720759,774,21,checking,EUR,2196.41,200.00,active,2006-01-30
19,ES4699993597836682772370,189,11,savings,EUR,1286.83,0.00,active,2022-10-08
20,ES8899999984184895008125,645,19,checking,EUR,3447.87,1500.00,active,2025-01-13
21,ES9799996710436672409191,160,20,savings,EUR,1591.07,0.00,active,2024-04-05
22,ES4199994896270655382939,758,25,checking,EUR,5735.03,0.00,active,2024-11-16
23,ES1499997558185707950502,671,1,checking,EUR,756.97,1000.00,active,2023-08-31
24,ES2199991179465887617171,366,6,checking,EUR,4520.72,1000.00,active,2012-08-28
25,ES2599999590243924892768,65,22,checking,EUR,2905.48,0.00,active,2013-04-20
26,ES4499998264988323195351,288,5,checking,EUR,843.59,0.00,active,2019-03-14
27,ES6199995954051355852632,692,13,checking,EUR,541.62,1500.00,active,2023-08-07
28,ES4799998644896189089147,762,16,checking,EUR,1049.17,200.00,active,2023-12-11
29,ES1699991342863973643115,714,4,savings,EUR,0.00,0.00,closed,2022-08-20
30,ES1899995954784960353242,504,13,payroll,EUR,3475.84,500.00,dormant,2017-05-05
31,ES4799994896635580008890,262,25,checking,EUR,1873.87,500.00,active,2024-12-31
32,ES9799994497254058069635,445,9,checking,EUR,2508.90,0.00,active,2024-08-29
33,ES5899993240887289667252,49,14,payroll,EUR,3.15,0.00,active,2019-11-12
34,ES9199999623475930666055,170,21,savings,EUR,1336.64,0.00,active,2015-05-06
35,ES1899993061042146673429,718,8,checking,EUR,4899.59,0.00,active,2020-05-04
36,ES9899992166673303588711,88,3,payroll,EUR,2850.32,200.00,active,2023-09-01
37,ES8999992753777509134295,626,23,checking,EUR,0.00,500.00,closed,2023-01-24
38,ES2199995015473420917179,79,12,checking,EUR,158.69,200.00,active,2023-09-18
39,ES7799993240910003775409,274,14,checking,EUR,2886.07,0.00,active,2023-05-30
40,ES6499999623951545519714,800,21,checking,EUR,2053.95,1500.00,active,2023-05-25
41,ES8899991403355174685180,616,7,business,EUR,4931.21,0.00,active,2025-03-04
42,ES9799998644066505063218,584,16,savings,EUR,0.00,0.00,closed,2024-08-16
43,ES9299997558154456015059,118,1,checking,EUR,374.61,200.00,active,2018-06-29
44,ES7299992166767164486431,773,3,checking,EUR,3022.65,500.00,active,2018-01-01
45,ES9099997558296121199150,7,1,checking,EUR,1785.41,500.00,active,2011-12-01
46,ES0599995954104326080598,478,13,payroll,EUR,735.95,0.00,active,2024-05-26
47,ES6499996710964785125233,726,20,savings,EUR,2784.53,0.00,active,2023-03-01
48,ES3999995954034243519070,669,13,savings,EUR,4212.20,0.00,active,2023-06-23
49,ES7099997096226526579648,459,24,savings,EUR,0.00,0.00,closed,2016-04-08
50,ES6799995954295905671753,712,13,checking,EUR,1925.12,0.00,active,2020-02-01
51,ES9399996710255252507461,96,20,checking,EUR,2100.39,200.00,active,2019-02-14
52,ES2399999590998508397731,77,22,checking,EUR,5075.52,1500.00,active,2023-02-27
53,ES7799991665895321593107,46,2,checking,EUR,4506.59,200.00,active,2021-07-24
54,ES2499999623968073997909,131,21,checking,EUR,2546.13,1000.00,active,2019-06-06
55,ES8999991179136595493397,534,6,checking,EUR,4242.16,200.00,active,2017-10-07
56,ES6199993240433689412165,615,14,checking,EUR,1839.08,500.00,active,2022-02-06
57,ES0399999984727903827408,356,19,savings,EUR,3237.53,0.00,active,2020-06-04
58,ES6999997096809231274190,499,24,checking,EUR,3637.21,200.00,active,2012-11-05
59,ES8199995954437805441229,638,13,savings,EUR,1916.96,0.00,active,2019-08-15
60,ES1999996763289601880266,470,10,savings,EUR,1556.43,0.00,active,2021-08-27
61,ES5199998644378385620442,199,16,checking,EUR,1329.34,200.00,active,2021-08-09
62,ES8799999623564358737521,150,21,checking,EUR,906.61,0.00,dormant,2024-10-14
63,ES5599991179230232909275,587,6,checking,EUR,2809.37,500.00,dormant,2023-06-20
64,ES1399998644254553886489,116,16,checking,EUR,1523.02,1500.00,active,2020-01-17
65,ES3399999984397794888076,154,19,checking,EUR,0.00,200.00,closed,2006-11-16
66,ES3199991403166960628730,82,7,checking,EUR,1327.34,0.00,active,2018-10-20
67,ES9099993597154699925063,592,11,checking,EUR,1863.90,1000.00,active,2021-11-11
68,ES9599995954267616152227,195,13,checking,EUR,5047.56,0.00,active,2019-08-08
69,ES7299998644637130359250,107,16,business,EUR,466.46,0.00,active,2022-08-08
70,ES5599993240477313837059,706,14,checking,EUR,2933.47,200.00,active,2020-11-16
71,ES2299997558133719039808,411,1,checking,EUR,3396.22,1500.00,active,2025-02-03
72,ES8699995015406802192210,404,12,checking,EUR,3199.99,0.00,dormant,2020-11-22
73,ES5199994497289547551740,527,9,savings,EUR,1263.98,0.00,active,2018-05-20
74,ES3899997096284730456247,527,24,checking,EUR,2868.36,0.00,active,2018-11-01
75,ES9399997558653757198304,188,1,savings,EUR,635.32,0.00,active,2009-07-12
76,ES7599996710093693517682,723,20,checking,EUR,1298.05,0.00,active,2022-01-01
77,ES8199996763599061338050,528,10,checking,EUR,1119.33,0.00,active,2021-07-27
78,ES0999996763721722003362,136,10,checking,EUR,2922.16,0.00,active,2012-04-09
79,ES0699993061103063021875,97,8,savings,EUR,714.90,0.00,active,2025-01-08
80,ES9599996710040581776482,136,20,checking,EUR,2070.00,0.00,active,2025-03-30
81,ES0999992166370105515072,180,3,checking,EUR,2300.20,1000.00,active,2024-10-20
82,ES1699991403650439327657,560,7,payroll,EUR,2800.47,0.00,active,2023-08-07
83,ES4099999997976522549038,348,18,savings,EUR,4641.87,0.00,active,2025-03-19
84,ES7599990800207124982100,277,15,checking,EUR,-1052.28,1500.00,active,2022-08-22
85,ES4099996710227412806717,769,20,checking,EUR,1056.06,0.00,active,2021-09-13
86,ES0899999997994928841359,9,18,checking,EUR,2632.23,500.00,active,2023-05-17
87,ES2099995954194507528669,209,13,checking,EUR,1413.25,0.00,active,2024-02-21
88,ES9599996710735555549466,527,20,savings,EUR,3251.20,0.00,active,2020-07-10
89,ES8299997558328436025577,93,1,checking,EUR,1278.75,200.00,active,2017-09-08
90,ES6799991179065551626405,224,6,savings,EUR,1930.32,0.00,active,2016-08-29
91,ES0799991179450343295255,50,6,savings,EUR,2312.74,0.00,dormant,2019-12-23
92,ES4299996763391101837213,779,10,checking,EUR,1402.76,500.00,active,2024-06-22
93,ES4199990800650319432474,746,15,checking,EUR,1071.83,200.00,active,2020-12-14
94,ES4699992753201745419687,380,23,checking,EUR,4327.05,0.00,active,2021-10-26
95,ES4799999590697362535635,739,22,checking,EUR,3564.43,1000.00,active,2020-01-31
96,ES5699999590707842049783,240,22,checking,EUR,4314.85,0.00,active,2014-04-06
97,ES0299992166640458050093,72,3,checking,EUR,1870.51,0.00,active,2024-12-02
98,ES5199995015201532609262,172,12,checking,EUR,520.19,0.00,active,2019-04-24
99,ES6999991342297198270953,145,4,checking,EUR,2322.86,0.00,active,2023-02-12
100,ES1099994896284597674714,364,25,savings,EUR,1340.36,0.00,active,2019-06-16
101,ES0699991342434920072850,20,4,savings,EUR,3905.97,0.00,active,2022-11-28
102,ES8799999623167272329354,452,21,checking,EUR,2837.08,500.00,active,2012-11-05
103,ES7299996710704676885130,140,20,checking,EUR,1566.61,500.00,active,2023-03-10
104,ES4599993597837358476037,377,11,checking,EUR,-48.69,200.00,active,2024-03-14
105,ES3799992166006286772026,82,3,payroll,EUR,1962.93,0.00,active,2015-03-29
106,ES6699991342071482793368,498,4,savings,EUR,2860.61,0.00,dormant,2023-02-25
107,ES4799999087702905846266,686,17,checking,EUR,5217.46,1500.00,active,2020-02-12
108,ES7899995015446901530925,209,12,checking,EUR,491.59,500.00,active,2025-03-08
109,ES2799999984576235409378,774,19,checking,EUR,5356.10,1500.00,active,2017-03-11
110,ES1199999623121397747660,371,21,checking,EUR,2519.56,500.00,dormant,2023-09-10
111,ES5299991665157001340557,575,2,checking,EUR,5556.34,1500.00,active,2021-04-05
112,ES7199991665609380059698,48,2,payroll,EUR,0.00,0.00,closed,2021-02-05
113,ES0299994497218395498030,689,9,checking,EUR,2169.89,1000.00,active,2020-02-01
114,ES4899995015660739353575,299,12,checking,EUR,1735.04,0.00,active,2023-12-24
115,ES9099992753957800256003,655,23,savings,EUR,1481.74,0.00,active,2015-03-23
116,ES7799999984878297341052,283,19,checking,EUR,3658.56,200.00,dormant,2024-04-27
117,ES5199998644440927654237,241,16,checking,EUR,421.46,0.00,active,2022-04-28
118,ES2799997096883020344378,418,24,savings,EUR,2147.98,0.00,active,2015-11-20
119,ES8199991665472468826063,30,2,savings,EUR,2407.21,0.00,active,2016-05-17
120,ES3999997558683773302875,785,1,savings,EUR,3398.07,0.00,active,2020-10-09
121,ES4099998264271475658405,395,5,checking,EUR,1808.26,500.00,active,2012-03-12
122,ES6999999997475129962512,796,18,checking,EUR,6174.43,0.00,active,2024-02-26
123,ES3199992753273301137042,409,23,checking,EUR,8611.37,0.00,active,2025-01-18
124,ES9499990800296399992841,20,15,checking,EUR,1466.62,200.00,active,2017-08-03
125,ES9099999984694429248838,743,19,savings,EUR,2156.41,0.00,active,2025-02-07
126,ES7199998644299613830400,782,16,checking,EUR,1013.16,0.00,active,2024-02-05
127,ES6499997558191555099126,177,1,checking,EUR,5023.70,1500.00,active,2016-10-20
128,ES7199991665672220089715,166,2,checking,EUR,3929.78,500.00,active,2024-12-26
129,ES1999993240603588355354,272,14,checking,EUR,4767.97,1500.00,active,2024-05-23
130,ES7499990800072584237088,355,15,checking,EUR,1225.50,1000.00,dormant,2025-03-06
131,ES0899991665914020086469,346,2,checking,EUR,862.24,200.00,dormant,2023-03-26
132,ES8199999623218141631674,462,21,checking,EUR,1256.49,0.00,active,2015-08-24
133,ES1099997096376195888854,362,24,savings,EUR,2418.56,0.00,active,2021-08-17
134,ES8399991179012693966010,642,6,checking,EUR,1022.59,1000.00,active,2023-12-01
135,ES7799995015887091678081,489,12,checking,EUR,3161.58,1500.00,active,2018-11-24
136,ES8999999087505442673522,241,17,business,EUR,419.16,0.00,active,2021-03-06
137,ES6499999623502369682419,259,21,checking,EUR,2434.36,0.00,dormant,2014-05-15
138,ES8699999997538868321736,259,18,checking,EUR,893.45,500.00,active,2019-02-15
139,ES4499996763832011881940,222,10,checking,EUR,1980.99,1000.00,active,2025-03-27
140,ES2099998264637793681773,766,5,checking,EUR,107.27,0.00,active,2021-06-04
141,ES8899991665496330052750,226,2,savings,EUR,582.46,0.00,dormant,2023-03-28
142,ES6999991179355441503079,740,6,checking,EUR,3870.58,0.00,active,2025-03-29
143,ES7399992753606507409626,1,23,savings,EUR,1156.68,0.00,active,2014-02-01
144,ES1799992166845474147569,202,3,checking,EUR,2095.11,200.00,active,2022-12-26
145,ES8599990800363795538198,776,15,checking,EUR,479.53,200.00,active,2021-09-30
146,ES6599992166424503037337,255,3,checking,EUR,946.01,0.00,active,2020-03-07
147,ES9199991403866346280443,303,7,checking,EUR,2385.87,1000.00,dormant,2025-02-19
148,ES4999999590700147993031,704,22,checking,EUR,940.20,1500.00,active,2008-03-25
149,ES4799990800519823086331,78,15,checking,EUR,1384.43,200.00,active,2019-07-05
150,ES3399994896670656887727,483,25,savings,EUR,1128.21,0.00,active,2019-08-09
151,ES2799992753524302605405,546,23,checking,EUR,808.25,0.00,active,2021-04-03
152,ES8599999590992369727268,477,22,checking,EUR,3433.75,1000.00,active,2021-06-24
153,ES7199999623565259074252,330,21,savings,EUR,2098.08,0.00,active,2023-12-11
154,ES7499998644531560802646,213,16,checking,EUR,3978.41,500.00,active,2023-12-23
155,ES0999993597067928719790,426,11,business,EUR,3503.03,0.00,active,2023-08-16
156,ES2699992753263573927953,352,23,checking,EUR,494.29,0.00,active,2011-07-13
157,ES5399991179741323576267,260,6,checking,EUR,1928.28,1000.00,active,2019-03-19
158,ES7299999997527150129900,336,18,checking,EUR,2585.70,0.00,active,2025-03-05
159,ES4699990800649614390697,224,15,checking,EUR,2185.43,1000.00,active,2016-04-14
160,ES9099999984960419727004,767,19,savings,EUR,1774.90,0.00,active,2021-11-21
161,ES0599994896028379624598,797,25,checking,EUR,2515.61,1000.00,active,2023-09-25
162,ES0799992166109282643460,432,3,savings,EUR,0.00,0.00,closed,2020-01-11
163,ES8499999997712435418727,99,18,checking,EUR,3075.58,500.00,active,2025-02-10
164,ES4799997558875864530426,209,1,checking,EUR,6334.51,0.00,active,2024-06-14
165,ES9699996763575286861850,314,10,checking,EUR,5921.73,500.00,active,2024-10-01
166,ES6499991403456399071017,679,7,checking,EUR,3899.53,0.00,active,2015-11-06
167,ES4099997096517997871663,771,24,savings,EUR,516.95,0.00,active,2015-01-31
168,ES1399993061014943576904,772,8,checking,EUR,4473.39,1500.00,active,2021-06-18
169,ES9499994497709679431272,769,9,savings,EUR,2958.75,0.00,active,2020-08-12
170,ES5399999087525546825882,662,17,savings,EUR,1430.26,0.00,active,2015-05-28
171,ES8699996763627304248579,696,10,checking,EUR,524.84,0.00,dormant,2023-11-03
172,ES8499995015751308833181,176,12,savings,EUR,2486.57,0.00,active,2023-07-26
173,ES1699993061868358159895,87,8,savings,EUR,1888.58,0.00,active,2024-08-04
174,ES7599997096626989933891,738,24,checking,EUR,2605.02,1000.00,active,2017-02-01
175,ES4599999087658785786145,123,17,savings,EUR,604.37,0.00,active,2023-08-07
176,ES5799991179739810994182,279,6,checking,EUR,3509.63,1500.00,active,2019-09-26
177,ES7099993597443755598932,718,11,savings,EUR,1261.35,0.00,active,2024-07-01
178,ES9499991665462014622505,36,2,savings,EUR,6115.38,0.00,active,2020-12-10
179,ES0499991342514320568747,207,4,checking,EUR,1590.63,0.00,active,2023-03-28
180,ES2999995015074314048435,187,12,checking,EUR,1165.64,0.00,active,2025-01-29
181,ES7699993597649488658393,263,11,checking,EUR,2357.03,0.00,active,2021-03-30
182,ES3599991342365028075187,735,4,checking,EUR,5193.29,200.00,active,2020-07-29
183,ES7799997558599756840267,404,1,savings,EUR,1728.13,0.00,active,2022-08-20
184,ES8499999623788035294032,697,21,payroll,EUR,6226.75,0.00,active,2020-11-24
185,ES4099994497937225597188,206,9,checking,EUR,419.44,1000.00,active,2023-01-08
186,ES2999991342621897564406,494,4,checking,EUR,3249.03,500.00,active,2019-10-25
187,ES1799999997786783609393,241,18,checking,EUR,5180.93,0.00,active,2020-07-14
188,ES3999993597448155551112,442,11,checking,EUR,654.05,500.00,active,2019-08-12
189,ES6499993597887640549510,92,11,business,EUR,0.00,0.00,closed,2025-01-26
190,ES0699991179222821084770,17,6,checking,EUR,2149.18,200.00,active,2018-09-17
191,ES4099991665694380329451,623,2,checking,EUR,0.00,1500.00,closed,2022-04-06
192,ES7999996710733056070632,755,20,savings,EUR,1368.27,0.00,active,2024-10-18
193,ES8299994896366119107065,657,25,checking,EUR,1354.08,1500.00,dormant,2023-02-28
194,ES1199999623717820278893,253,21,savings,EUR,414.03,0.00,active,2024-10-25
195,ES2599998644914546890794,574,16,checking,EUR,1396.85,1000.00,active,2021-03-27
196,ES0599993061743733350255,785,8,savings,EUR,1807.06,0.00,active,2020-04-28
197,ES3199999623773783617031,631,21,checking,EUR,3145.92,0.00,active,2024-08-09
198,ES0499994896468440304884,752,25,checking,EUR,0.00,500.00,closed,2025-03-25
199,ES3899993240815546482410,437,14,savings,EUR,529.82,0.00,active,2024-02-10
200,ES2799999997263912944582,604,18,checking,EUR,2139.04,200.00,active,2015-05-18
201,ES4999998264404117874265,289,5,savings,EUR,3767.44,0.00,active,2018-12-31
202,ES8699990800564677608349,393,15,savings,EUR,2235.49,0.00,active,2024-10-28
203,ES3499999623701154372568,551,21,savings,EUR,3122.57,0.00,dormant,2013-02-19
204,ES2499999623421353627058,639,21,savings,EUR,4463.54,0.00,active,2012-05-03
205,ES8399991665695334694605,206,2,checking,EUR,1050.57,0.00,active,2016-03-24
206,ES3799998264678125502848,306,5,checking,EUR,6678.80,500.00,dormant,2024-08-16
207,ES8999995015620134403900,23,12,savings,EUR,1474.76,0.00,active,2016-06-13
208,ES7699991665074303183861,282,2,savings,EUR,1920.40,0.00,active,2023-06-24
209,ES5799996763094708075798,332,10,payroll,EUR,3186.21,0.00,active,2011-11-19
210,ES7199996763164410004097,510,10,savings,EUR,670.71,0.00,active,2024-10-07
211,ES8099997558840186544187,30,1,business,EUR,1791.77,0.00,active,2013-09-04
212,ES0499997558445746602550,488,1,payroll,EUR,1968.04,0.00,active,2023-07-10
213,ES0799992166617354901664,402,3,payroll,EUR,1916.17,0.00,active,2017-04-08
214,ES7099994497277869759325,4,9,savings,EUR,2765.25,0.00,active,2023-03-20
215,ES0499991179575328140144,40,6,checking,EUR,3018.72,0.00,active,2024-08-10
216,ES3399991179899467436126,781,6,checking,EUR,3943.89,0.00,active,2018-05-30
217,ES5399992166665932310328,181,3,checking,EUR,7960.86,200.00,active,2015-08-15
218,ES6899993597896105519636,628,11,checking,EUR,-622.75,1500.00,active,2022-02-23
219,ES2399995015926023406314,276,12,business,EUR,1629.38,0.00,active,2015-04-11
220,ES4699991403728399871364,338,7,checking,EUR,2555.96,200.00,active,2024-05-19
221,ES2999999997271081673577,779,18,checking,EUR,3609.75,1000.00,active,2024-05-08
222,ES8899999623196896873229,25,21,payroll,EUR,2859.55,0.00,active,2022-05-23
223,ES2099994896562905659191,396,25,checking,EUR,1828.49,1500.00,dormant,2017-08-31
224,ES4399991179335785943855,65,6,checking,EUR,407.02,0.00,active,2020-06-03
225,ES7199999997286891251965,499,18,savings,EUR,849.78,0.00,dormant,2022-08-01
226,ES6499992753298064875414,158,23,checking,EUR,2622.67,200.00,active,2017-01-11
227,ES5499999623427276476976,215,21,payroll,EUR,4699.84,0.00,active,2014-10-14
228,ES0899999590814731438200,33,22,checking,EUR,4598.68,1500.00,dormant,2016-12-21
229,ES9599991665746703039388,622,2,checking,EUR,-912.17,1000.00,active,2021-03-29
230,ES6699997558562832942588,74,1,savings,EUR,934.39,0.00,active,2020-08-05
231,ES4799999984249566873307,402,19,savings,EUR,1204.31,0.00,active,2021-02-06
232,ES0399996710705426644477,646,20,checking,EUR,415.38,1500.00,active,2022-03-22
233,ES9299993240598790969265,137,14,checking,EUR,3719.30,0.00,active,2023-03-27
234,ES2199999087237771879839,779,17,savings,EUR,152.37,0.00,active,2025-02-23
235,ES3099999590759844491719,559,22,checking,EUR,4083.55,1000.00,active,2023-12-21
236,ES2499991665566768357662,183,2,savings,EUR,474.29,0.00,active,2025-01-19
237,ES7099991179632922175979,274,6,checking,EUR,3647.95,0.00,active,2018-10-15
238,ES7799996710624303627686,185,20,checking,EUR,1991.56,500.00,active,2023-09-23
239,ES4999991403026532728530,653,7,checking,EUR,164.56,0.00,active,2016-11-15
240,ES1899994896320774121099,650,25,checking,EUR,3707.63,500.00,dormant,2024-10-14
241,ES6999991665159061578250,645,2,checking,EUR,6144.38,500.00,active,2021-09-25
242,ES0799999623954373321873,740,21,savings,EUR,3831.87,0.00,dormant,2025-03-04
243,ES3399997558999101551331,36,1,checking,EUR,2386.12,1500.00,active,2014-11-19
244,ES0399997558295340187950,445,1,checking,EUR,634.07,0.00,active,2025-03-28
245,ES2899998264826019365040,547,5,savings,EUR,5243.91,0.00,active,2020-02-19
246,ES4399997096447293489671,44,24,checking,EUR,1578.67,1500.00,active,2009-11-10
247,ES7899999623177272810975,253,21,savings,EUR,3920.72,0.00,active,2023-08-21
248,ES9599999997789294904233,259,18,savings,EUR,758.47,0.00,active,2021-01-01
249,ES0799997558572278857485,276,1,checking,EUR,3592.69,200.00,active,2023-12-06
250,ES7699999984224347544025,313,19,checking,EUR,1874.20,1500.00,active,2022-04-10
251,ES2899996763669772553137,227,10,savings,EUR,627.61,0.00,active,2021-04-05
252,ES0399993240071180924454,372,14,checking,EUR,683.20,1000.00,active,2020-06-14
253,ES8699994896448714817968,75,25,checking,EUR,4301.65,500.00,active,2018-01-03
254,ES2699993061682655816941,233,8,checking,EUR,4005.18,1500.00,active,2025-02-14
255,ES3299992166433005083663,169,3,payroll,EUR,3405.43,1000.00,dormant,2024-12-10
256,ES3699997558435381548828,507,1,checking,EUR,4477.45,1500.00,active,2020-04-02
257,ES3799996763017157961997,172,10,checking,EUR,1874.77,1000.00,active,2017-04-17
258,ES0699994497937547165992,577,9,payroll,EUR,1088.36,0.00,active,2019-08-03
259,ES9499996763123166425273,443,10,checking,EUR,120.17,0.00,active,2020-03-27
260,ES1799997558329568533660,241,1,payroll,EUR,4851.25,0.00,active,2023-08-01
261,ES6299999997402441031025,517,18,business,EUR,3449.82,0.00,dormant,2022-11-09
262,ES0399998644010313289181,391,16,savings,EUR,2621.72,0.00,active,2023-11-01
263,ES6999999623064783528030,285,21,checking,EUR,10036.52,1500.00,active,2016-01-05
264,ES2899995954926737078484,598,13,savings,EUR,4052.84,0.00,active,2024-05-06
265,ES5499996763590525730028,85,10,checking,EUR,125.31,0.00,active,2016-04-07
266,ES0599992166114380791612,367,3,savings,EUR,3283.46,0.00,dormant,2010-12-14
267,ES0299992166289507532221,59,3,checking,EUR,4894.13,500.00,active,2012-05-03
268,ES8399994896083501723760,553,25,checking,EUR,4789.22,200.00,active,2023-06-24
269,ES4099993061365866487896,169,8,savings,EUR,431.54,0.00,active,2024-12-14
270,ES9299999590610550897039,203,22,checking,EUR,345.18,0.00,active,2020-08-16
271,ES9199996763593013497674,755,10,checking,EUR,0.00,0.00,closed,2023-09-28
272,ES7399991179666495747734,447,6,checking,EUR,3128.73,1500.00,active,2021-07-16
273,ES7399994497234317368334,771,9,checking,EUR,3379.65,1000.00,active,2020-03-06
274,ES9299999984814482865449,325,19,checking,EUR,4327.08,500.00,active,2024-02-07
275,ES4099990800979159389057,490,15,checking,EUR,2913.13,1000.00,active,2019-07-18
276,ES3999996710979795945717,553,20,checking,EUR,6945.87,0.00,active,2013-08-27
277,ES1999998644377643866189,535,16,checking,EUR,0.00,1000.00,closed,2025-02-23
278,ES3599993061975839922226,478,8,checking,EUR,6911.43,0.00,active,2023-07-20
279,ES4599991665895009356891,272,2,savings,EUR,865.30,0.00,active,2023-12-11
280,ES1099993597113257582968,645,11,checking,EUR,1654.58,1500.00,active,2023-10-11
281,ES7999997558969471003668,759,1,business,EUR,5302.43,0.00,active,2018-09-26
282,ES3399992166389934093717,325,3,savings,EUR,1587.07,0.00,active,2023-02-10
283,ES3099998264553806123147,194,5,checking,EUR,2364.14,0.00,active,2021-04-21
284,ES8499995015754875550923,516,12,payroll,EUR,1319.55,1000.00,active,2022-09-22
285,ES2099992166471333817527,752,3,checking,EUR,10138.14,200.00,active,2024-02-28
286,ES1399999087703318671118,236,17,checking,EUR,233.01,200.00,active,2021-05-13
287,ES5699993061963142248980,121,8,checking,EUR,2738.88,0.00,active,2021-01-15
288,ES1099991179122368377846,49,6,checking,EUR,1176.63,500.00,active,2021-11-07
289,ES9499993597210309672202,227,11,checking,EUR,2612.90,200.00,active,2023-03-21
290,ES3899991403977074803141,699,7,checking,EUR,3392.97,500.00,active,2023-02-15
291,ES7099999623470877160433,213,21,savings,EUR,453.25,0.00,active,2021-05-03
292,ES2499992753256496820793,282,23,savings,EUR,1960.80,0.00,active,2025-03-17
293,ES3499991179634564774821,448,6,savings,EUR,2937.26,0.00,active,2024-03-13
294,ES5099997096677417151584,403,24,business,EUR,1181.04,0.00,active,2023-02-22
295,ES0499990800961375801585,104,15,checking,EUR,4298.13,0.00,active,2024-02-05
296,ES2699999623243738961209,702,21,savings,EUR,2556.62,0.00,active,2016-11-29
297,ES0499991342539441561526,540,4,checking,EUR,3442.81,1000.00,active,2022-07-23
298,ES1899993061555495243820,790,8,checking,EUR,3068.73,0.00,active,2022-04-16
299,ES3099993597514065787170,126,11,savings,EUR,1199.96,0.00,active,2014-03-12
300,ES8099997096734990849398,194,24,checking,EUR,5307.18,0.00,active,2021-07-06
301,ES0699999623826354550535,258,21,checking,EUR,2777.43,0.00,active,2008-04-30
302,ES1299992166494167227828,47,3,checking,EUR,2592.06,1500.00,active,2020-10-29
303,ES3699998644511830623672,105,16,checking,EUR,929.98,200.00,active,2024-07-11
304,ES4999999087763573080321,586,17,savings,EUR,3318.30,0.00,active,2018-11-07
305,ES1799996763357547530830,663,10,checking,EUR,2638.77,1500.00,active,2021-01-04
306,ES2999994497806523509016,583,9,checking,EUR,-366.80,1000.00,active,2019-05-15
307,ES3499999590275434171525,260,22,checking,EUR,1725.66,1000.00,active,2024-12-21
308,ES9199993240568588263001,590,14,checking,EUR,1918.46,0.00,active,2024-12-26
309,ES5699993061224342054433,69,8,checking,EUR,873.09,200.00,active,2022-10-10
310,ES0299992166757541098388,510,3,checking,EUR,6518.68,200.00,active,2024-11-14
311,ES2699999623850295734185,692,21,payroll,EUR,1493.34,1000.00,active,2021-02-21
312,ES6999998644074424658113,523,16,payroll,EUR,3544.84,0.00,active,2024-07-07
313,ES6899994497777576512234,157,9,checking,EUR,0.00,0.00,closed,2022-10-08
314,ES0799994896110923078727,246,25,business,EUR,1616.87,0.00,active,2024-03-03
315,ES6899998264283861119197,619,5,checking,EUR,0.00,500.00,closed,2025-03-31
316,ES7799993061880966990529,671,8,checking,EUR,7483.22,200.00,active,2024-10-16
317,ES6599992166576821840032,459,3,savings,EUR,421.75,0.00,active,2021-10-23
318,ES9299998644844352902541,112,16,savings,EUR,2979.97,0.00,active,2020-10-31
319,ES7599996763477499251716,218,10,business,EUR,671.54,0.00,active,2024-11-13
320,ES0299994896926280349734,349,25,payroll,EUR,1917.95,0.00,active,2024-10-06
321,ES2199990800043864648180,578,15,payroll,EUR,2674.67,500.00,dormant,2024-12-23
322,ES7899994497716467190084,568,9,checking,EUR,5065.59,0.00,active,2024-11-18
323,ES2899992753881710236040,14,23,savings,EUR,2255.19,0.00,active,2022-08-26
324,ES8299999984435712292439,355,19,savings,EUR,3722.74,0.00,active,2024-11-26
325,ES7399997096805478632693,766,24,checking,EUR,2005.93,0.00,active,2012-11-30
326,ES9099995015876161226348,464,12,checking,EUR,0.00,500.00,closed,2020-09-14
327,ES8499999590706731116330,176,22,checking,EUR,2044.14,1000.00,active,2023-02-06
328,ES1499990800785327319805,261,15,checking,EUR,589.21,200.00,active,2019-10-19
329,ES2399994896040222611227,663,25,checking,EUR,483.49,0.00,active,2019-02-13
330,ES7499992753989547828514,710,23,business,EUR,4967.12,0.00,active,2024-02-05
331,ES8899992166207871700561,517,3,checking,EUR,1212.41,200.00,active,2019-01-29
332,ES5899991342984015286975,170,4,checking,EUR,1212.01,0.00,active,2019-11-23
333,ES3999993061411178966549,526,8,checking,EUR,5330.24,0.00,active,2024-02-11
334,ES8399993061263845356812,148,8,savings,EUR,5724.13,0.00,active,2024-02-17
335,ES4399991342656283992374,325,4,checking,EUR,-547.57,1500.00,active,2023-10-13
336,ES9299993061640794257327,433,8,payroll,EUR,826.26,500.00,dormant,2021-05-26
337,ES1399999087096949847185,638,17,savings,EUR,734.26,0.00,active,2020-01-23
338,ES6299994497819323787502,551,9,savings,EUR,4172.32,0.00,active,2019-12-29
339,ES5999994896435780529315,514,25,checking,EUR,2532.41,0.00,active,2021-07-04
340,ES5999991342554795824881,91,4,savings,EUR,1606.14,0.00,active,2023-10-11
341,ES7799993240394904616239,780,14,savings,EUR,2584.92,0.00,active,2022-03-23
342,ES4899998644741996538113,67,16,checking,EUR,1241.92,0.00,dormant,2023-01-23
343,ES0899999590704402080962,260,22,savings,EUR,2831.01,0.00,active,2022-01-11
344,ES3399991179310086310948,746,6,business,EUR,3975.71,0.00,active,2023-07-23
345,ES8399991403677824791020,322,7,checking,EUR,1151.02,0.00,active,2021-10-31
346,ES4099993061908795523440,374,8,checking,EUR,755.31,0.00,active,2025-02-19
347,ES8799996710357326187435,713,20,checking,EUR,2777.35,0.00,active,2022-11-10
348,ES5699992166754341880567,798,3,savings,EUR,461.64,0.00,active,2018-07-03
349,ES8399996763106506112289,574,10,savings,EUR,861.49,0.00,active,2018-12-18
350,ES1399991403175966162113,522,7,checking,EUR,0.00,500.00,closed,2017-10-26
351,ES2699999087662218993332,43,17,checking,EUR,2577.60,1500.00,active,2012-03-10
352,ES3399995015510529021332,476,12,checking,EUR,2487.43,500.00,active,2023-11-29
353,ES6799991179104591884735,252,6,checking,EUR,490.25,500.00,dormant,2013-04-13
354,ES0499995015108550934533,642,12,checking,EUR,1909.45,0.00,active,2019-03-14
355,ES8499995954379978320427,324,13,checking,EUR,124.37,0.00,active,2011-04-12
356,ES4799995015269037832720,300,12,checking,EUR,1604.52,0.00,active,2017-10-05
357,ES4799994896126329597416,793,25,checking,EUR,511.76,0.00,active,2023-07-14
358,ES4599993061280733603994,50,8,checking,EUR,2505.61,0.00,active,2024-08-29
359,ES2699993597352405607806,588,11,savings,EUR,1304.87,0.00,active,2020-01-07
360,ES4699992753607801397775,651,23,savings,EUR,2438.64,0.00,active,2025-01-03
361,ES6799993061787101867943,797,8,checking,EUR,3886.12,0.00,active,2022-07-25
362,ES1599992753777679350742,261,23,savings,EUR,1261.69,0.00,active,2023-01-17
363,ES9199996710524724910467,155,20,checking,EUR,5083.85,1000.00,active,2018-01-31
364,ES6599997096724469215048,601,24,savings,EUR,335.07,0.00,active,2020-07-17
365,ES3499997096374791340256,10,24,savings,EUR,1577.91,0.00,active,2022-12-13
366,ES5999994896121111866223,50,25,checking,EUR,651.61,0.00,active,2024-08-04
367,ES4899995015513297618245,231,12,savings,EUR,2214.98,0.00,active,2020-04-28
368,ES2799999087135386667681,653,17,checking,EUR,3778.81,0.00,active,2017-03-29
369,ES8099996763237675068697,657,10,savings,EUR,642.32,0.00,active,2022-03-21
370,ES4299990800715468947210,347,15,checking,EUR,2873.59,0.00,active,2022-11-22
371,ES6699994497667276324969,650,9,checking,EUR,4307.29,1500.00,active,2021-03-19
372,ES2699999984232024553762,437,19,savings,EUR,1965.36,0.00,active,2024-12-06
373,ES4399991665556576244019,206,2,savings,EUR,2759.15,0.00,active,2024-09-11
374,ES1299999997749582740813,671,18,savings,EUR,2274.55,0.00,active,2017-10-04
375,ES9399997558187635109966,643,1,savings,EUR,4063.08,0.00,active,2022-11-23
376,ES1999999087323850884033,291,17,checking,EUR,1405.15,200.00,active,2023-12-12
377,ES4299993597383716493695,196,11,checking,EUR,3358.25,0.00,active,2013-12-08
378,ES1699991342961199750018,164,4,checking,EUR,1110.72,1000.00,active,2023-10-19
379,ES7899993061662563769408,392,8,savings,EUR,1689.09,0.00,active,2022-04-14
380,ES9099999590838030446590,573,22,savings,EUR,17.19,0.00,active,2021-06-07
381,ES6599991665197318853622,580,2,savings,EUR,2468.16,0.00,active,2021-11-28
382,ES3099999590683977734861,460,22,payroll,EUR,3316.73,0.00,active,2005-12-11
383,ES5199991665229359326812,409,2,savings,EUR,1760.13,0.00,active,2021-11-17
384,ES1599997558147259615545,304,1,checking,EUR,671.68,200.00,active,2020-02-15
385,ES2699997096617546293745,285,24,checking,EUR,8334.24,1500.00,active,2014-06-08
386,ES6599991665886580662587,673,2,checking,EUR,0.00,0.00,closed,2022-10-07
387,ES9699998264673304561919,306,5,checking,EUR,3674.72,1500.00,active,2023-05-11
388,ES7699996763044935566115,611,10,checking,EUR,881.35,500.00,active,2021-04-23
389,ES1999992753355201677848,397,23,savings,EUR,2032.73,0.00,active,2024-03-31
390,ES0499996763356697437323,152,10,checking,EUR,3848.61,500.00,active,2024-07-08
391,ES2599995015099788846652,565,12,savings,EUR,2621.57,0.00,active,2023-06-05
392,ES1799998644569022355283,568,16,checking,EUR,854.59,200.00,active,2024-06-16
393,ES1799992166905286289315,728,3,checking,EUR,1320.28,1000.00,active,2016-03-26
394,ES2899991665036079212532,511,2,savings,EUR,3436.40,0.00,active,2021-10-21
395,ES3499991403098883606974,176,7,checking,EUR,1049.48,1500.00,active,2023-04-15
396,ES7899999997066602094268,171,18,checking,EUR,0.00,0.00,closed,2024-06-22
397,ES2299992753984512260108,277,23,checking,EUR,5591.87,0.00,active,2018-01-23
398,ES2999996710893310790323,608,20,savings,EUR,2423.21,0.00,active,2024-12-11
399,ES5299993240887264896276,230,14,savings,EUR,2547.10,0.00,active,2022-07-30
400,ES2899994497621141054412,323,9,checking,EUR,2732.73,0.00,active,2022-11-27
401,ES6399999087687362595466,59,17,savings,EUR,3298.79,0.00,active,2021-05-22
402,ES1899999623527865633503,314,21,checking,EUR,2162.73,500.00,active,2011-07-01
403,ES7399991179779297673966,658,6,checking,EUR,2353.84,0.00,active,2012-08-18
404,ES9599996763668468818678,207,10,checking,EUR,1425.48,0.00,active,2024-06-06
405,ES2899997096254053874105,220,24,savings,EUR,3774.42,0.00,active,2021-11-06
406,ES7299996763132275607011,738,10,checking,EUR,2998.11,500.00,active,2014-07-17
407,ES0299996763426323644703,394,10,savings,EUR,4095.85,0.00,active,2023-09-25
408,ES1999992166020975118115,250,3,savings,EUR,3873.97,0.00,active,2024-06-18
409,ES1699995015132033525316,379,12,payroll,EUR,1655.35,1500.00,active,2016-12-20
410,ES8299999997340997481324,362,18,checking,EUR,3307.07,200.00,active,2023-02-09
411,ES2999993240849862677748,674,14,checking,EUR,4584.16,0.00,active,2024-03-04
412,ES8199992753844968874428,394,23,savings,EUR,808.77,0.00,active,2015-08-24
413,ES0999993240254467449140,789,14,payroll,EUR,1617.85,500.00,active,2020-02-25
414,ES2599993597082262087947,2,11,savings,EUR,541.51,0.00,active,2012-11-17
415,ES7999996763165585897511,101,10,savings,EUR,1034.36,0.00,active,2022-12-25
416,ES6599990800722671186708,659,15,checking,EUR,2646.99,1500.00,active,2020-08-09
417,ES1399995954422915363363,586,13,savings,EUR,116.81,0.00,active,2019-07-29
418,ES4499991179613148249401,603,6,checking,EUR,5234.09,200.00,active,2015-06-18
419,ES0699994896443862106221,382,25,checking,EUR,537.92,0.00,active,2023-03-08
420,ES2599998644579166903035,708,16,checking,EUR,1680.09,0.00,active,2023-06-05
421,ES9299998264784055607329,640,5,checking,EUR,4534.36,1500.00,active,2023-09-04
422,ES4499991342547530050142,213,4,checking,EUR,1145.01,500.00,active,2021-01-07
423,ES5399997096392190215364,600,24,savings,EUR,651.75,0.00,active,2023-04-15
424,ES1299999087430304870722,652,17,checking,EUR,1058.98,0.00,active,2024-01-07
425,ES4199995015093430870202,344,12,savings,EUR,1536.73,0.00,active,2020-08-08
426,ES1399999590276796488597,96,22,payroll,EUR,2247.47,0.00,active,2020-12-23
427,ES7699992753044600676138,227,23,checking,EUR,2216.02,200.00,active,2021-09-30
428,ES4599998264755336000174,765,5,business,EUR,1865.22,0.00,active,2023-06-23
429,ES8699992166579813548477,784,3,payroll,EUR,1619.53,0.00,active,2015-12-05
430,ES8099996710571084174015,655,20,savings,EUR,4499.57,0.00,active,2020-07-01
431,ES4499995954847745346155,746,13,checking,EUR,1202.47,1000.00,active,2019-01-04
432,ES3899995015678653419679,122,12,checking,EUR,5919.54,1000.00,active,2009-03-25
433,ES8399996710800074493238,230,20,checking,EUR,82.33,200.00,active,2012-10-08
434,ES7999995015805926440329,319,12,savings,EUR,1353.63,0.00,dormant,2018-08-24
435,ES1499993061163077951677,439,8,savings,EUR,3072.41,0.00,active,2023-09-27
436,ES3799992166185502409259,509,3,checking,EUR,117.91,1000.00,active,2024-06-17
437,ES3299993061527910589305,86,8,checking,EUR,2912.19,0.00,active,2021-07-20
438,ES3299993061229020765960,242,8,checking,EUR,3517.72,0.00,active,2025-03-30
439,ES6699997096682580256820,755,24,checking,EUR,2111.03,1000.00,active,2023-05-23
440,ES5799999087997222878456,238,17,checking,EUR,2595.17,0.00,active,2023-04-23
441,ES4099995954983733717511,343,13,checking,EUR,3387.61,0.00,active,2021-07-08
442,ES4499996710399517459335,332,20,checking,EUR,2178.79,500.00,active,2023-08-07
443,ES7799999984508976253334,187,19,checking,EUR,2219.42,0.00,dormant,2013-12-22
444,ES4199991342815836372128,686,4,business,EUR,3218.51,0.00,active,2020-06-22
445,ES9699999087320956409243,752,17,checking,EUR,666.10,200.00,active,2024-11-13
446,ES1099997096737853618933,151,24,checking,EUR,6068.72,1000.00,active,2016-05-21
447,ES6899994497800360438714,229,9,checking,EUR,652.73,0.00,active,2015-10-19
448,ES1299998264776883939280,741,5,savings,EUR,46.66,0.00,active,2022-05-04
449,ES2799992166124372982667,795,3,checking,EUR,2581.59,1500.00,active,2010-11-10
450,ES8899999590796067567141,317,22,checking,EUR,2743.56,1000.00,active,2023-08-14
451,ES1399999623447534644086,746,21,checking,EUR,1213.91,1500.00,active,2019-03-07
452,ES0499999997537356550470,192,18,checking,EUR,839.48,1500.00,active,2024-01-24
453,ES3899997558173799773006,730,1,savings,EUR,4401.41,0.00,active,2014-05-23
454,ES5099995954493942400003,377,13,checking,EUR,3047.09,500.00,active,2013-11-03
455,ES7399999997961865908293,129,18,checking,EUR,1908.46,0.00,active,2024-01-02
456,ES5699996763103866739768,459,10,checking,EUR,2989.01,0.00,active,2021-08-29
457,ES2999993061165319742366,709,8,savings,EUR,2353.13,0.00,active,2024-11-09
458,ES9299991403302860375448,351,7,checking,EUR,2009.57,0.00,active,2009-01-30
459,ES5399993240761819560607,713,14,savings,EUR,584.42,0.00,active,2022-11-20
460,ES8999999087427715931188,53,17,payroll,EUR,78.64,1500.00,active,2010-05-27
461,ES1799995015606348759182,470,12,payroll,EUR,3442.04,0.00,active,2019-01-13
462,ES6699999997826449202464,270,18,savings,EUR,3388.62,0.00,active,2020-01-19
463,ES1599993240696185476829,69,14,checking,EUR,6752.37,500.00,active,2024-01-31
464,ES2099991179393943946470,157,6,savings,EUR,2267.52,0.00,active,2022-09-23
465,ES0499997096764372607539,494,24,checking,EUR,605.62,500.00,active,2024-09-03
466,ES3799999623671899726966,316,21,checking,EUR,3299.85,200.00,active,2020-12-02
467,ES0899996763621479084345,652,10,checking,EUR,2393.97,0.00,dormant,2025-03-13
468,ES6699990800712781454108,690,15,checking,EUR,3055.85,200.00,active,2021-05-24
469,ES5199991342567683082065,52,4,checking,EUR,1764.71,1000.00,active,2023-12-29
470,ES8099999997570533939446,556,18,checking,EUR,2228.71,0.00,active,2017-10-01
471,ES7499991179220104023142,43,6,checking,EUR,981.99,0.00,active,2009-06-03
472,ES3199996763106231487310,667,10,payroll,EUR,1944.43,200.00,active,2024-06-28
473,ES5199996763085347551171,414,10,payroll,EUR,2826.46,0.00,active,2023-05-20
474,ES3699995015111479703069,589,12,checking,EUR,5861.98,1000.00,active,2013-08-23
475,ES5399993061361957953463,674,8,payroll,EUR,3340.12,1000.00,active,2023-02-09
476,ES2599991342749909618778,17,4,checking,EUR,3795.33,500.00,active,2022-01-24
477,ES3999999590093744069052,770,22,checking,EUR,1028.61,200.00,active,2021-04-16
478,ES2499992753818698598351,674,23,checking,EUR,306.18,1000.00,active,2022-01-07
479,ES9799998264890087994845,358,5,savings,EUR,1628.61,0.00,active,2019-08-03
480,ES1799991179251989350262,436,6,savings,EUR,1614.22,0.00,active,2023-03-08
481,ES8899993240896353315187,115,14,savings,EUR,1573.35,0.00,active,2024-05-28
482,ES8099993597528030306201,736,11,checking,EUR,4224.02,500.00,active,2020-08-14
483,ES5899990800428915651962,257,15,checking,EUR,0.00,0.00,closed,2022-06-23
484,ES8099994497091021431502,37,9,payroll,EUR,1831.33,0.00,active,2024-04-06
485,ES6899998264491427590025,761,5,checking,EUR,2349.50,1500.00,active,2022-09-28
486,ES7499996763202260201189,188,10,checking,EUR,576.29,0.00,active,2014-12-16
487,ES4499993597968036982852,187,11,savings,EUR,3362.46,0.00,active,2018-11-11
488,ES9899998264001041898740,745,5,checking,EUR,1207.15,0.00,active,2022-03-15
489,ES3399993240436004780359,249,14,savings,EUR,3719.19,0.00,active,2024-06-10
490,ES5899997096801599526042,60,24,savings,EUR,1490.60,0.00,active,2019-03-28
491,ES3099991179376138102296,292,6,business,EUR,3048.57,0.00,active,2024-03-28
492,ES0799994896541548092046,525,25,checking,EUR,2078.06,500.00,active,2020-09-07
493,ES1799993240325766179325,778,14,checking,EUR,2231.20,0.00,active,2021-09-05
494,ES5999999984433798135884,56,19,checking,EUR,2454.56,500.00,active,2021-09-30
495,ES2999998644249102752854,679,16,checking,EUR,0.00,0.00,closed,2023-01-24
496,ES0499995954423445423032,111,13,checking,EUR,3268.53,0.00,active,2025-01-16
497,ES4599996763212125613289,4,10,savings,EUR,1973.17,0.00,active,2024-01-18
498,ES6899993061387275587282,738,8,savings,EUR,424.93,0.00,active,2023-06-04
499,ES5699999087968542568374,490,17,checking,EUR,-39.98,1500.00,active,2019-07-22
500,ES3599993240965061055608,166,14,checking,EUR,4190.26,500.00,active,2022-02-01
501,ES1799995954260967435974,602,13,savings,EUR,1599.82,0.00,active,2011-08-27
502,ES7799990800109446876889,432,15,savings,EUR,5426.33,0.00,active,2015-08-18
503,ES9699999623318378434977,714,21,checking,EUR,1881.28,0.00,active,2021-10-19
504,ES1099999623163153649339,625,21,checking,EUR,2291.46,1000.00,active,2021-12-03
505,ES5199998264909501808861,133,5,savings,EUR,1810.39,0.00,active,2024-03-15
506,ES9499992753089184013403,151,23,savings,EUR,2025.01,0.00,active,2021-03-12
507,ES3599993061833765776568,354,8,checking,EUR,3852.67,1500.00,active,2024-10-31
508,ES8199996710863868514799,484,20,checking,EUR,4363.84,1000.00,active,2009-05-08
509,ES4399992166566829397747,365,3,savings,EUR,3346.15,0.00,active,2023-10-07
510,ES7599996763449055075215,524,10,checking,EUR,491.63,0.00,dormant,2019-12-06
511,ES9299991179874321048073,265,6,checking,EUR,-80.71,1000.00,active,2011-10-31
512,ES1399993597696824440695,785,11,savings,EUR,2611.46,0.00,active,2009-08-15
513,ES5099993240470731619782,85,14,savings,EUR,4175.97,0.00,dormant,2020-10-14
514,ES3399991342294024419767,7,4,savings,EUR,842.48,0.00,active,2021-02-10
515,ES4199999984564087053078,88,19,checking,EUR,3529.52,0.00,dormant,2023-08-24
516,ES6899991403990919830948,461,7,payroll,EUR,1993.83,200.00,active,2017-08-31
517,ES7099991665860815011113,266,2,checking,EUR,87.34,0.00,dormant,2025-02-15
518,ES8799999984717210542792,646,19,checking,EUR,1617.88,200.00,active,2022-02-08
519,ES3699993061913925979903,20,8,checking,EUR,244.96,0.00,active,2025-02-07
520,ES2299999997437428540350,39,18,savings,EUR,2373.96,0.00,active,2012-11-22
521,ES5699997096142300875493,152,24,checking,EUR,2811.32,500.00,active,2025-02-20
522,ES4399992166598231479056,333,3,savings,EUR,1547.43,0.00,dormant,2020-06-05
523,ES3099994896049052873502,335,25,business,EUR,1676.47,0.00,active,2021-07-23
524,ES9799999997460015030516,498,18,savings,EUR,1114.84,0.00,active,2020-10-31
525,ES2999991342952684299816,162,4,payroll,EUR,2361.50,0.00,active,2022-01-30
526,ES4299992166570440972672,221,3,checking,EUR,3715.13,1000.00,active,2021-10-13
527,ES3099993061517216856739,210,8,checking,EUR,2434.76,200.00,active,2024-11-11
528,ES7399999997241773759687,742,18,checking,EUR,-65.60,500.00,active,2021-12-25
529,ES9199993597550022288011,448,11,checking,EUR,2409.29,500.00,active,2024-07-04
530,ES2599992753641351656400,341,23,checking,EUR,812.49,1500.00,active,2024-05-05
531,ES3299995015775556581098,55,12,savings,EUR,1522.08,0.00,active,2024-11-29
532,ES4299990800203066609976,782,15,payroll,EUR,908.99,0.00,active,2022-08-12
533,ES4599994896250967626935,458,25,checking,EUR,4720.93,1000.00,active,2025-01-27
534,ES8799999984090937753419,153,19,checking,EUR,2935.30,1000.00,dormant,2023-08-03
535,ES0699996710637594075234,682,20,business,EUR,0.58,0.00,active,2009-11-29
536,ES3199996710469696768285,341,20,savings,EUR,1019.96,0.00,active,2024-11-03
537,ES8599992166929643913374,12,3,checking,EUR,3520.49,0.00,active,2021-11-23
538,ES8699993061485099028785,525,8,checking,EUR,2823.83,0.00,active,2024-03-14
539,ES0299991665293449264112,535,2,checking,EUR,250.50,500.00,dormant,2023-03-14
540,ES5399994896449232759374,524,25,savings,EUR,862.03,0.00,active,2024-10-09
541,ES1599999623179371392753,719,21,payroll,EUR,2842.75,0.00,dormant,2023-10-29
542,ES7599991179612960994805,119,6,savings,EUR,2703.05,0.00,active,2023-12-04
543,ES6699999984156486913401,344,19,checking,EUR,1844.82,500.00,active,2016-04-19
544,ES3499998644057578558454,786,16,checking,EUR,3314.93,1000.00,dormant,2023-07-22
545,ES1899996710948429409854,372,20,checking,EUR,3826.65,500.00,active,2016-09-14
546,ES2399993240718993108122,580,14,checking,EUR,3787.78,200.00,active,2024-06-24
547,ES8799995015471762969584,444,12,checking,EUR,2912.66,0.00,active,2022-10-11
548,ES7799990800390814551364,642,15,savings,EUR,4358.39,0.00,active,2017-08-08
549,ES9899999623458424514396,799,21,checking,EUR,1110.96,1000.00,active,2022-11-15
550,ES5099999997953751716505,482,18,checking,EUR,3699.88,200.00,active,2020-12-24
551,ES0999998644381376084638,776,16,checking,EUR,3229.79,200.00,active,2024-12-11
552,ES6699999623496158516012,85,21,checking,EUR,4888.73,0.00,active,2017-05-28
553,ES3999990800703527002463,642,15,savings,EUR,3515.53,0.00,active,2023-09-04
554,ES5299992753724193201846,519,23,checking,EUR,1066.46,500.00,active,2025-03-28
555,ES7999993061018972936219,247,8,checking,EUR,941.75,0.00,active,2023-04-08
556,ES7599998644115572024152,35,16,checking,EUR,1055.01,1500.00,active,2021-12-10
557,ES5399998644570076771116,374,16,checking,EUR,6246.16,0.00,active,2022-12-03
558,ES5999994497903741290936,798,9,savings,EUR,2307.85,0.00,dormant,2014-01-01
559,ES5899991403766178467453,473,7,checking,EUR,3250.42,500.00,dormant,2023-11-16
560,ES1999996763503400361213,258,10,checking,EUR,821.86,1500.00,active,2022-10-19
561,ES8099993061259020818687,371,8,checking,EUR,297.19,500.00,active,2024-09-10
562,ES9099999087467772746105,88,17,savings,EUR,2673.78,0.00,active,2025-01-05
563,ES3799993240399251453418,151,14,checking,EUR,2.77,0.00,active,2022-07-26
564,ES0299995954920639244083,328,13,payroll,EUR,602.25,1000.00,active,2022-11-04
565,ES1699995015168024957828,56,12,savings,EUR,2834.01,0.00,dormant,2021-10-25
566,ES2699993061696362263134,133,8,checking,EUR,2251.05,0.00,active,2023-11-26
567,ES6099995015479963143460,412,12,checking,EUR,-792.08,1000.00,active,2024-09-01
568,ES8699993240856965277555,404,14,checking,EUR,1864.53,0.00,active,2022-09-02
569,ES6099999590414356350409,774,22,savings,EUR,2600.71,0.00,active,2013-09-28
570,ES3999992753594475061631,581,23,checking,EUR,2591.56,500.00,active,2018-01-25
571,ES8299993061480150407599,619,8,checking,EUR,3560.95,1500.00,active,2020-10-12
572,ES5199993061948503827750,213,8,checking,EUR,7254.12,200.00,active,2022-10-15
573,ES8299997096780632225315,241,24,checking,EUR,518.51,0.00,active,2024-01-13
574,ES8999995954523990408528,691,13,savings,EUR,484.20,0.00,active,2015-07-07
575,ES0999992166571178696484,406,3,checking,EUR,750.70,0.00,active,2009-02-25
576,ES1399991342773043606737,570,4,savings,EUR,2421.49,0.00,active,2021-11-25
577,ES2299991665240849765847,676,2,savings,EUR,3862.62,0.00,active,2025-02-08
578,ES5399999087275687871800,69,17,checking,EUR,1593.21,200.00,active,2024-10-24
579,ES4999998264980340874656,61,5,checking,EUR,1064.66,1000.00,active,2021-07-17
580,ES1799999087027382777953,695,17,savings,EUR,1900.90,0.00,active,2014-02-09
581,ES6099994896026859246772,547,25,checking,EUR,1364.00,1500.00,active,2023-07-30
582,ES1399997558188259180694,165,1,checking,EUR,2693.97,1500.00,active,2024-10-04
583,ES2499998264409507366793,735,5,checking,EUR,5536.69,1500.00,dormant,2011-11-23
584,ES0599992166753706909494,492,3,checking,EUR,3425.12,0.00,active,2018-06-15
585,ES2999995954450955542821,358,13,savings,EUR,3135.99,0.00,active,2015-08-30
586,ES5999993061193767304791,218,8,checking,EUR,986.50,200.00,active,2024-07-28
587,ES1899998644216669472891,233,16,checking,EUR,4077.15,0.00,active,2024-12-31
588,ES1899993597525668492341,436,11,checking,EUR,4748.87,1500.00,active,2022-11-20
589,ES3099992166339613839010,571,3,savings,EUR,3244.82,0.00,active,2024-05-17
590,ES2799991403957920143596,165,7,business,EUR,3805.08,0.00,active,2024-10-08
591,ES0499993597430525459720,57,11,checking,EUR,16.07,1000.00,active,2014-02-08
592,ES7999997096936462285474,280,24,checking,EUR,3996.66,0.00,active,2023-06-06
593,ES3599991403648591151783,1,7,checking,EUR,0.00,200.00,closed,2009-12-02
594,ES2099996710933319585473,699,20,checking,EUR,3575.30,200.00,active,2014-12-20
595,ES0499998264481792456047,210,5,savings,EUR,1051.25,0.00,active,2016-01-30
596,ES0799997558487928625836,309,1,checking,EUR,1891.84,1000.00,active,2015-03-11
597,ES8599997558020302436052,684,1,payroll,EUR,3709.83,0.00,active,2024-02-16
598,ES6199991665602571235282,205,2,checking,EUR,-99.21,500.00,active,2025-03-07
599,ES7499999623828359052953,560,21,payroll,EUR,5609.91,1500.00,active,2024-02-21
600,ES3399991665325405754086,110,2,checking,EUR,2974.73,1000.00,active,2021-06-19
601,ES4099999087262872847984,164,17,checking,EUR,3460.10,0.00,dormant,2020-04-06
602,ES5799991342511460212005,788,4,checking,EUR,2024.47,0.00,active,2024-11-09
603,ES1499993061345510376436,689,8,checking,EUR,3636.74,0.00,active,2020-12-02
604,ES0999991403233698542645,444,7,checking,EUR,2654.12,0.00,active,2024-05-23
605,ES1499992166238265712739,407,3,savings,EUR,3194.42,0.00,active,2024-01-05
606,ES1299996763762144206185,17,10,savings,EUR,2442.35,0.00,active,2024-03-09
607,ES6399991665565776790077,667,2,checking,EUR,2516.50,1500.00,active,2023-01-02
608,ES7999995954955777759156,14,13,payroll,EUR,3349.26,1500.00,active,2023-04-16
609,ES0799996763495109008330,396,10,checking,EUR,3668.92,200.00,dormant,2019-03-27
610,ES1999995954955133333170,476,13,checking,EUR,3413.93,1000.00,active,2025-02-06
611,ES3399993061951377365095,548,8,checking,EUR,375.30,500.00,active,2020-09-28
612,ES7699999997108089423529,491,18,checking,EUR,906.31,0.00,active,2021-04-05
613,ES8799994896068291964802,529,25,savings,EUR,2607.86,0.00,active,2018-07-31
614,ES1399992753175774520195,156,23,payroll,EUR,6023.65,0.00,active,2024-10-21
615,ES8799992753391526691166,138,23,checking,EUR,6345.49,1500.00,dormant,2024-06-24
616,ES5699995954786316171707,80,13,savings,EUR,2766.85,0.00,active,2019-09-28
617,ES2899996710466661192818,593,20,checking,EUR,3270.15,0.00,active,2021-05-06
618,ES2699991342429616654623,331,4,checking,EUR,6274.16,1500.00,active,2024-08-24
619,ES3399993240095681632927,745,14,savings,EUR,522.53,0.00,active,2024-01-19
620,ES0899996763849367285936,224,10,savings,EUR,3485.49,0.00,active,2018-03-20
621,ES5199997558529045882003,782,1,business,EUR,4218.31,0.00,active,2020-09-30
622,ES4399993240660679807688,180,14,checking,EUR,1706.96,0.00,active,2024-08-28
623,ES4899996763320833589283,573,10,checking,EUR,1194.27,0.00,active,2023-01-07
624,ES8199999984395669309043,344,19,savings,EUR,257.61,0.00,dormant,2016-02-02
625,ES7699999087231970108641,6,17,checking,EUR,2535.50,1500.00,active,2023-07-20
626,ES4899991179080567124024,127,6,savings,EUR,4215.22,0.00,active,2023-01-07
627,ES0499992753038710023798,294,23,checking,EUR,2173.23,0.00,active,2024-09-29
628,ES2899997558994846069853,145,1,checking,EUR,397.15,0.00,active,2025-02-12
629,ES2499999087716848277674,686,17,checking,EUR,3129.05,1000.00,active,2024-12-12
630,ES3499991179048422022579,430,6,checking,EUR,2529.64,1500.00,active,2018-10-24
631,ES9099999087675030736757,152,17,payroll,EUR,1795.85,200.00,active,2025-03-06
632,ES6899999623711257402591,68,21,checking,EUR,3051.33,0.00,active,2023-01-04
633,ES0299998644683431271861,503,16,checking,EUR,3903.83,200.00,active,2020-03-14
634,ES2099997558375906820124,535,1,savings,EUR,1374.61,0.00,dormant,2024-10-05
635,ES3899994497157807699792,266,9,checking,EUR,5089.19,0.00,active,2024-10-12
636,ES3699991665773504089331,101,2,checking,EUR,708.49,0.00,active,2022-05-14
637,ES0499991665378587697840,524,2,checking,EUR,1095.15,0.00,active,2019-12-12
638,ES0399999590937853969649,445,22,savings,EUR,1487.17,0.00,active,2023-12-20
639,ES3599993061226352073582,449,8,savings,EUR,2240.02,0.00,active,2025-01-10
640,ES1899991665453734954133,38,2,checking,EUR,3310.23,1000.00,active,2018-01-21
641,ES6199993597331900772326,680,11,payroll,EUR,1149.12,1000.00,active,2020-11-05
642,ES8499996710348421203757,249,20,checking,EUR,0.00,1000.00,closed,2016-12-25
643,ES9399995954661392616723,550,13,payroll,EUR,3000.73,0.00,active,2020-08-01
644,ES0499992166234867271359,362,3,savings,EUR,1072.03,0.00,active,2017-12-14
645,ES4999996710130414578842,576,20,savings,EUR,2142.90,0.00,active,2015-12-29
646,ES1899995954349310572986,656,13,savings,EUR,3104.17,0.00,active,2023-11-10
647,ES2599993061717570691382,327,8,savings,EUR,1071.84,0.00,active,2020-03-18
648,ES6799991665906476976728,247,2,checking,EUR,2355.67,500.00,active,2024-07-28
649,ES1299994497317054565480,421,9,checking,EUR,2446.76,500.00,active,2024-03-23
650,ES8199999997675405697784,415,18,checking,EUR,5529.64,200.00,active,2021-02-17
651,ES5799990800355347393833,313,15,checking,EUR,-678.28,1000.00,active,2018-05-27
652,ES4299995954830343080785,29,13,payroll,EUR,5514.23,0.00,active,2023-12-27
653,ES3099999984937853631788,444,19,checking,EUR,-577.95,1000.00,active,2021-12-01
654,ES9199993061458264563896,578,8,savings,EUR,2157.22,0.00,active,2023-07-24
655,ES9099997096030766627196,268,24,payroll,EUR,2396.68,1500.00,active,2024-03-17
656,ES8699991342739927882635,221,4,savings,EUR,813.19,0.00,active,2021-12-02
657,ES4999997096151208936870,434,24,checking,EUR,593.71,1000.00,active,2014-10-28
658,ES5199992753302806596003,224,23,savings,EUR,710.41,0.00,active,2022-07-19
659,ES2299999590100986586968,240,22,savings,EUR,1219.47,0.00,active,2010-03-23
660,ES5099991403894344323157,305,7,checking,EUR,433.84,0.00,active,2018-07-06
661,ES2799999590412116669406,166,22,payroll,EUR,4328.43,0.00,active,2021-06-26
662,ES2599991665362140579707,185,2,checking,EUR,-87.15,1000.00,active,2024-12-13
663,ES7299991342200006563785,687,4,checking,EUR,674.87,0.00,active,2024-06-23
664,ES5499991179917420044525,653,6,checking,EUR,0.00,0.00,closed,2019-04-08
665,ES3699996763216917681753,394,10,checking,EUR,1596.53,0.00,active,2020-12-08
666,ES7599991403624815224110,321,7,checking,EUR,3526.84,1000.00,active,2021-12-31
667,ES3299997096121652198029,551,24,checking,EUR,1968.85,0.00,active,2012-05-25
668,ES2799994497714102295015,734,9,checking,EUR,-62.78,1500.00,active,2012-05-11
669,ES1899991665591993996089,76,2,checking,EUR,1038.86,200.00,active,2016-08-12
670,ES6399995954752590719209,229,13,payroll,EUR,5517.27,0.00,active,2015-10-11
671,ES4699993597292972060289,48,11,checking,EUR,1868.43,0.00,active,2022-10-23
672,ES3199991665501471438478,523,2,savings,EUR,2970.63,0.00,active,2022-11-06
673,ES6099999997355257246177,165,18,checking,EUR,1938.61,500.00,active,2024-06-23
674,ES5899992166879752314515,111,3,savings,EUR,2758.53,0.00,active,2023-09-01
675,ES3999998264917588375194,276,5,savings,EUR,153.21,0.00,active,2021-09-14
676,ES2699991665285199319590,563,2,checking,EUR,5866.36,0.00,active,2018-03-17
677,ES4299995954010191110926,35,13,savings,EUR,2774.44,0.00,active,2018-02-24
678,ES7799995015439897227970,78,12,checking,EUR,1361.24,1500.00,active,2012-04-17
679,ES0299993240278147763028,469,14,checking,EUR,6135.96,0.00,active,2024-08-11
680,ES6299999087375900048948,513,17,checking,EUR,2984.76,1000.00,active,2017-03-05
681,ES2699997558678345955714,227,1,checking,EUR,0.00,1500.00,closed,2020-10-31
682,ES5699999623750803715181,516,21,checking,EUR,0.00,0.00,closed,2024-05-23
683,ES6199995015354985828038,45,12,checking,EUR,6963.49,500.00,active,2022-11-23
684,ES9199993240850250760925,118,14,savings,EUR,2621.60,0.00,dormant,2023-06-17
685,ES3599994896002812460185,50,25,savings,EUR,2300.50,0.00,active,2023-04-29
686,ES2999991342246756345253,555,4,checking,EUR,4028.47,0.00,active,2020-09-10
687,ES7199998644783287949331,322,16,savings,EUR,448.34,0.00,active,2022-07-01
688,ES2399999087967200725967,324,17,checking,EUR,3671.42,0.00,active,2023-07-09
689,ES2699994896817740707442,474,25,checking,EUR,1845.63,500.00,active,2024-10-11
690,ES9599994497020230720458,516,9,checking,EUR,4800.35,200.00,active,2024-01-30
691,ES0399992753767200754171,570,23,checking,EUR,123.20,0.00,active,2015-11-01
692,ES1899999087453217675368,206,17,checking,EUR,4625.32,1000.00,active,2012-01-04
693,ES1299991403054625215513,401,7,savings,EUR,1923.99,0.00,active,2010-06-19
694,ES7499998264464988558325,271,5,savings,EUR,310.72,0.00,active,2022-10-31
695,ES2199999590292077543697,768,22,checking,EUR,4534.73,0.00,active,2025-03-20
696,ES8799999087577801807111,624,17,business,EUR,7149.37,0.00,active,2005-09-21
697,ES2199992166684550338323,398,3,checking,EUR,337.39,200.00,active,2023-01-01
698,ES4399991342930487909553,217,4,checking,EUR,2056.20,0.00,active,2021-08-01
699,ES9599991665895669042903,758,2,business,EUR,1146.73,0.00,active,2022-01-02
700,ES1799999590274257394894,189,22,savings,EUR,828.03,0.00,active,2025-01-26
701,ES1599996710861525508147,540,20,checking,EUR,2117.32,500.00,active,2017-02-17
702,ES9099991403943173483110,105,7,checking,EUR,4152.49,200.00,active,2016-12-04
703,ES3299991665879340526048,682,2,checking,EUR,1603.50,1000.00,active,2022-10-31
704,ES6499999997358352751621,696,18,checking,EUR,5133.87,0.00,dormant,2024-07-11
705,ES6099995015891679580507,92,12,checking,EUR,2533.46,1000.00,active,2025-01-04
706,ES8399999590694081447713,474,22,business,EUR,2997.10,0.00,active,2024-11-03
707,ES7199996710122617314344,21,20,savings,EUR,2782.77,0.00,active,2015-02-12
708,ES2099995015560640345020,543,12,checking,EUR,3610.82,1500.00,active,2021-08-05
709,ES5399999997429997220897,77,18,checking,EUR,2763.76,0.00,active,2020-12-15
710,ES1199996763541740097327,212,10,payroll,EUR,2811.08,1000.00,active,2022-07-24
711,ES5699998264574877384858,137,5,checking,EUR,1138.80,0.00,active,2020-01-05
712,ES4499998644645645911184,95,16,checking,EUR,97.37,1500.00,active,2024-01-04
713,ES2199996763675085997244,688,10,payroll,EUR,7060.24,1500.00,active,2021-01-03
714,ES1799990800290663004305,556,15,checking,EUR,2804.12,0.00,active,2019-01-06
715,ES6199995954479457920201,435,13,savings,EUR,584.20,0.00,active,2022-01-30
716,ES4099992753679847292246,385,23,checking,EUR,3761.23,1500.00,active,2017-02-26
717,ES5399995954051671366907,668,13,payroll,EUR,519.77,0.00,active,2014-04-11
718,ES4499991342470013953493,296,4,checking,EUR,7594.45,0.00,active,2021-05-22
719,ES1999994497359392420649,445,9,checking,EUR,3839.86,0.00,active,2024-06-28
720,ES4899992753669917258251,469,23,checking,EUR,228.81,0.00,active,2014-04-06
721,ES0899999590816623965527,589,22,savings,EUR,161.64,0.00,active,2019-11-12
722,ES0799992166414091978814,224,3,checking,EUR,1531.01,0.00,active,2021-09-21
723,ES8799999087962673402687,480,17,payroll,EUR,434.70,1500.00,active,2023-03-04
724,ES8999993597578077114890,265,11,savings,EUR,1098.96,0.00,active,2022-04-26
725,ES7899997558446755975846,607,1,savings,EUR,2445.93,0.00,active,2011-08-07
726,ES6299991179960033578429,253,6,checking,EUR,0.00,1500.00,closed,2023-11-06
727,ES6999993597790330299188,13,11,checking,EUR,1227.65,1000.00,active,2024-01-17
728,ES4899999984855548685555,594,19,checking,EUR,2929.59,1500.00,active,2018-05-02
729,ES9899995015427459196564,179,12,checking,EUR,4527.54,1000.00,active,2021-07-04
730,ES8199994896296336868352,256,25,checking,EUR,2244.51,1000.00,active,2023-10-05
731,ES9599991342060464423360,197,4,business,EUR,232.45,0.00,active,2019-01-28
732,ES0799992166063644903358,610,3,checking,EUR,0.00,500.00,closed,2024-03-10
733,ES4899996763168528712005,597,10,checking,EUR,3893.87,500.00,active,2025-03-21
734,ES9099998644526020171379,433,16,savings,EUR,3070.05,0.00,active,2022-10-31
735,ES3899998264928479314149,585,5,business,EUR,5.87,0.00,active,2022-02-21
736,ES3899999997019160871813,368,18,savings,EUR,2992.35,0.00,active,2025-02-21
737,ES8099992753602493962138,662,23,payroll,EUR,3778.04,500.00,active,2008-12-19
738,ES6399991179651683809211,442,6,checking,EUR,5170.22,200.00,active,2020-01-08
739,ES0499992753312347815415,764,23,checking,EUR,24.78,0.00,active,2023-03-04
740,ES5699995954053463044735,449,13,checking,EUR,936.48,1500.00,active,2023-11-01
741,ES1099999623592348969473,726,21,checking,EUR,4515.23,0.00,active,2024-01-10
742,ES8499991342321110201045,780,4,checking,EUR,6258.19,500.00,active,2019-05-24
743,ES4099996763103118433944,417,10,checking,EUR,5167.31,0.00,active,2015-10-09
744,ES8199999984932698294852,416,19,checking,EUR,3437.07,500.00,active,2021-11-06
745,ES3799994896685788801422,505,25,savings,EUR,2950.20,0.00,active,2022-12-21
746,ES0699996710611963136868,666,20,checking,EUR,1121.54,1500.00,active,2015-09-16
747,ES7599994497899565149163,46,9,checking,EUR,1527.05,1500.00,active,2024-03-05
748,ES7199999590960743101396,62,22,savings,EUR,0.00,0.00,closed,2018-08-23
749,ES5799993240420270967289,398,14,checking,EUR,-141.36,1000.00,active,2025-03-08
750,ES1699995015742491607155,368,12,payroll,EUR,1950.99,500.00,active,2024-10-15
751,ES0799992753801836278610,614,23,savings,EUR,2383.38,0.00,active,2022-06-15
752,ES9699999087198718126295,452,17,savings,EUR,478.87,0.00,active,2013-06-21
753,ES8999999590356012379286,670,22,savings,EUR,1058.22,0.00,active,2022-09-27
754,ES7299996763323508181879,253,10,business,EUR,6879.11,0.00,active,2020-08-30
755,ES9899999997226590621128,394,18,savings,EUR,3254.35,0.00,active,2018-12-13
756,ES1699994896270339992254,547,25,checking,EUR,6102.92,200.00,active,2017-10-13
757,ES1299999984507380212915,528,19,checking,EUR,0.00,0.00,closed,2024-10-29
758,ES9399991665204862331173,242,2,savings,EUR,1593.59,0.00,active,2024-11-10
759,ES9899995954857524417158,134,13,checking,EUR,2387.85,0.00,active,2015-03-16
760,ES4699999087367045761390,489,17,checking,EUR,4740.23,0.00,active,2023-05-23
761,ES1199991179926723253316,271,6,checking,EUR,684.80,0.00,active,2017-12-12
762,ES2299995015774288690980,300,12,checking,EUR,3903.72,0.00,active,2009-09-02
763,ES2999991342515822644725,514,4,savings,EUR,135.56,0.00,active,2020-02-22
764,ES1799998644908160709601,576,16,checking,EUR,3569.53,0.00,active,2025-03-05
765,ES7599998644140716825581,192,16,checking,EUR,2376.27,200.00,active,2020-07-14
766,ES1599999087619105344942,278,17,checking,EUR,1084.35,200.00,active,2019-11-14
767,ES8999998264044873709300,284,5,savings,EUR,889.91,0.00,active,2014-05-25
768,ES9899994896670682786236,799,25,savings,EUR,523.20,0.00,active,2024-04-08
769,ES7899999590534668142902,199,22,checking,EUR,2221.98,1000.00,active,2015-12-21
770,ES3899990800732737583257,330,15,payroll,EUR,3923.27,0.00,active,2022-10-15
771,ES0399999997098262496269,771,18,checking,EUR,1736.32,1000.00,active,2024-09-04
772,ES5099994497271929734310,705,9,savings,EUR,1386.84,0.00,active,2024-10-20
773,ES0299999984428233362437,206,19,checking,EUR,5737.59,1500.00,active,2012-09-20
774,ES7099995015291323510332,580,12,checking,EUR,3798.32,0.00,active,2023-02-14
775,ES9399993061451312121258,97,8,checking,EUR,4661.62,1500.00,active,2020-03-24
776,ES9699998264953274025723,372,5,savings,EUR,1676.20,0.00,active,2020-05-27
777,ES3999995015020280681897,504,12,checking,EUR,3049.66,1000.00,active,2019-01-13
778,ES5099997096053738031728,604,24,checking,EUR,6005.43,500.00,dormant,2021-09-05
779,ES9499993061722213756451,437,8,payroll,EUR,762.11,0.00,active,2020-11-30
780,ES6299990800525552123244,236,15,savings,EUR,1510.84,0.00,active,2019-05-16
781,ES9799996763183473751771,57,10,checking,EUR,2658.29,1000.00,active,2022-08-22
782,ES8499997558964115735816,173,1,savings,EUR,387.84,0.00,dormant,2022-02-13
783,ES7799999984121720833385,190,19,checking,EUR,1621.14,0.00,active,2024-10-27
784,ES9099991665861277636345,114,2,payroll,EUR,130.68,0.00,active,2024-01-23
785,ES2799999623568677083153,656,21,business,EUR,117.43,0.00,active,2025-02-01
786,ES9799991665966579647290,370,2,savings,EUR,3030.66,0.00,active,2024-09-04
787,ES7899995954988641834474,154,13,savings,EUR,2231.72,0.00,active,2013-10-15
788,ES2099999590900998382261,513,22,savings,EUR,5108.51,0.00,active,2021-03-24
789,ES6699991403375388165600,455,7,business,EUR,7190.83,0.00,active,2021-07-02
790,ES1699991665187049901489,641,2,checking,EUR,1061.26,1000.00,active,2016-01-01
791,ES8099993597246813108990,563,11,checking,EUR,1725.50,0.00,active,2018-02-05
792,ES1899995954366929821378,514,13,checking,EUR,5692.04,500.00,active,2018-02-22
793,ES7399991342729318271092,290,4,checking,EUR,4641.11,1000.00,active,2023-12-17
794,ES7199995954808535204934,614,13,savings,EUR,2159.72,0.00,active,2021-09-17
795,ES3699990800340402978825,370,15,payroll,EUR,0.00,500.00,closed,2020-02-15
796,ES1599991179942974453406,334,6,checking,EUR,3795.98,200.00,active,2010-03-12
797,ES6499991179407684459823,160,6,checking,EUR,1179.42,0.00,active,2023-04-02
798,ES1399998644893403762210,710,16,checking,EUR,3328.86,200.00,dormant,2025-03-31
799,ES2299991665228301965351,362,2,savings,EUR,2481.84,0.00,active,2016-10-20
800,ES8599994497841709214094,230,9,checking,EUR,1026.08,1000.00,active,2024-02-09
801,ES2499993061286387502930,434,8,checking,EUR,85.13,1000.00,active,2023-09-09
802,ES8499996710548835446321,231,20,checking,EUR,2130.04,0.00,active,2009-07-29
803,ES0299998264006676690511,524,5,checking,EUR,3817.97,0.00,dormant,2022-05-21
804,ES8299993061781731215323,102,8,checking,EUR,3402.56,1000.00,active,2019-05-14
805,ES6199991342451871870915,472,4,business,EUR,1836.07,0.00,active,2023-05-21
806,ES9499999087045862610414,36,17,savings,EUR,5550.96,0.00,active,2016-11-18
807,ES1999999087480556641805,176,17,business,EUR,274.14,0.00,active,2023-07-06
808,ES5699994896132694628711,568,25,checking,EUR,4148.05,0.00,active,2024-12-22
809,ES4599992753700986001442,679,23,payroll,EUR,4763.88,200.00,active,2023-07-04
810,ES3799999590805152663622,515,22,checking,EUR,4443.58,1000.00,active,2015-04-11
811,ES3299994896494896477230,26,25,checking,EUR,323.56,0.00,active,2019-05-27
812,ES2299993240101410485814,338,14,checking,EUR,4967.30,0.00,dormant,2023-10-04
813,ES7299991179402231825160,201,6,savings,EUR,3658.68,0.00,dormant,2019-10-03
814,ES2499995015340838348925,478,12,checking,EUR,101.29,0.00,active,2020-04-03
815,ES3299997558661006122989,291,1,checking,EUR,3014.63,1500.00,active,2023-07-13
816,ES4099998264761284563967,195,5,checking,EUR,2713.16,0.00,active,2024-11-30
817,ES6999991403768540136440,39,7,business,EUR,5979.71,0.00,dormant,2011-05-04
818,ES0699998644807487681415,496,16,savings,EUR,3281.60,0.00,dormant,2024-09-30
819,ES3399997096006272372231,287,24,checking,EUR,4950.94,0.00,active,2010-03-20
820,ES4899997558322239748251,255,1,checking,EUR,671.63,0.00,active,2022-11-08
821,ES0399994896030414526136,128,25,checking,EUR,5874.52,0.00,active,2022-10-05
822,ES8999993061426539065611,324,8,checking,EUR,960.45,0.00,active,2019-09-15
823,ES0899998644344125706992,687,16,savings,EUR,3502.76,0.00,active,2022-01-25
824,ES7999991403159931647802,730,7,savings,EUR,1188.73,0.00,active,2011-12-24
825,ES8199999984774799378880,189,19,savings,EUR,1486.48,0.00,active,2020-10-13
826,ES1399999087314691382982,320,17,checking,EUR,4659.60,1000.00,active,2019-05-16
827,ES1799999087544976949395,133,17,savings,EUR,0.00,0.00,closed,2024-10-28
828,ES9299995015639676858337,414,12,checking,EUR,332.61,0.00,active,2021-06-25
829,ES3099999590168671974324,726,22,checking,EUR,2525.28,0.00,active,2019-03-27
830,ES8899995954182883533221,694,13,checking,EUR,0.00,0.00,closed,2024-09-26
831,ES6699992753314860822690,711,23,checking,EUR,5192.92,500.00,active,2019-11-03
832,ES4899995015299893667144,161,12,savings,EUR,2733.35,0.00,active,2023-01-18
833,ES9899993597170494096971,198,11,savings,EUR,2356.40,0.00,active,2022-02-17
834,ES2799995015341585515136,756,12,checking,EUR,2054.22,200.00,active,2024-12-24
835,ES0599999623702436189193,520,21,checking,EUR,2983.13,0.00,active,2023-01-03
836,ES6899991342090008983770,206,4,checking,EUR,4698.97,200.00,active,2024-01-01
837,ES0999996710481817492824,785,20,savings,EUR,0.00,0.00,closed,2010-08-12
838,ES8599998644754617421138,487,16,checking,EUR,3659.27,0.00,active,2020-07-06
839,ES8999994497044818622491,102,9,checking,EUR,0.00,1000.00,closed,2015-04-15
840,ES8599994896970044252527,185,25,savings,EUR,3125.62,0.00,dormant,2022-01-22
841,ES9199990800380452533872,349,15,payroll,EUR,1160.10,0.00,active,2017-02-19
842,ES3599991403263499920950,580,7,payroll,EUR,545.52,1000.00,active,2024-11-27
843,ES5899999997339009829342,265,18,checking,EUR,2249.76,1000.00,dormant,2012-11-09
844,ES4899994896275425842134,30,25,checking,EUR,2753.41,0.00,active,2019-01-13
845,ES5699991342617362637671,149,4,checking,EUR,6302.80,1000.00,active,2020-04-16
846,ES1699996763751259518147,573,10,checking,EUR,0.00,200.00,closed,2024-03-12
847,ES8599993061448838936749,653,8,checking,EUR,7151.73,0.00,active,2023-02-04
848,ES2699991403232945752887,21,7,savings,EUR,1819.30,0.00,dormant,2010-01-01
849,ES1599995015097232250909,626,12,checking,EUR,2469.66,1500.00,active,2018-05-11
850,ES7099996710206861167566,35,20,checking,EUR,3522.68,500.00,active,2021-04-01
851,ES0699998264403087647448,68,5,payroll,EUR,261.84,1000.00,active,2022-07-07
852,ES4899996763151815398120,315,10,checking,EUR,6342.77,1000.00,active,2024-06-19
853,ES3999993061986816970319,136,8,savings,EUR,1262.87,0.00,active,2024-05-09
854,ES1399992166985297776608,673,3,checking,EUR,4868.81,0.00,active,2023-09-11
855,ES2999996763480591486638,36,10,checking,EUR,5639.94,500.00,active,2023-07-27
856,ES4199998644593687267307,753,16,checking,EUR,2276.82,0.00,active,2022-01-02
857,ES7699993240375353310904,370,14,payroll,EUR,2326.98,200.00,active,2021-08-23
858,ES8699994497797548098184,295,9,checking,EUR,355.76,0.00,active,2023-03-10
859,ES4699998644400925432350,123,16,checking,EUR,538.21,500.00,active,2020-09-03
860,ES1899991342695457840524,312,4,payroll,EUR,6990.44,0.00,dormant,2024-01-07
861,ES1399992753394513672086,754,23,checking,EUR,1211.23,0.00,active,2019-04-18
862,ES3599991342880782330938,236,4,checking,EUR,4324.98,200.00,dormant,2019-08-28
863,ES5299991342416153710845,209,4,checking,EUR,3029.31,200.00,active,2025-02-04
864,ES2099994497729899427536,33,9,savings,EUR,3478.38,0.00,dormant,2021-08-03
865,ES2599994497784483466975,752,9,checking,EUR,2045.96,0.00,active,2025-02-27
866,ES1699991179896323926780,18,6,checking,EUR,641.42,500.00,active,2024-03-22
867,ES1699993061275413006494,786,8,checking,EUR,799.12,200.00,active,2020-09-19
868,ES0799998644615134823750,161,16,checking,EUR,1416.89,200.00,active,2021-10-28
869,ES2199994896824390858946,182,25,savings,EUR,2735.59,0.00,active,2025-02-23
870,ES0399991179316582963312,666,6,checking,EUR,890.90,0.00,active,2021-03-01
871,ES4499992166604018105315,690,3,checking,EUR,0.00,1000.00,closed,2018-05-09
872,ES0499995015067711541252,70,12,checking,EUR,427.87,200.00,active,2024-01-20
873,ES4599993240071338476627,553,14,checking,EUR,1691.04,500.00,active,2024-07-31
874,ES0299994497961337326409,402,9,checking,EUR,8822.70,1000.00,active,2019-08-31
875,ES4999993240042566890813,186,14,checking,EUR,4364.31,0.00,active,2020-06-01
876,ES9799994896794035990112,416,25,checking,EUR,3256.17,0.00,active,2023-12-02
877,ES2199999087468844747406,108,17,checking,EUR,0.00,200.00,closed,2023-05-03
878,ES6499999997432511250597,29,18,checking,EUR,989.54,500.00,active,2017-01-10
879,ES3499991342901519111624,385,4,checking,EUR,2077.23,500.00,active,2018-11-24
880,ES0599990800222633637852,34,15,checking,EUR,175.93,0.00,active,2016-06-29
881,ES2399998264458703242386,297,5,checking,EUR,5082.96,0.00,active,2021-10-05
882,ES7899996710148497221999,214,20,checking,EUR,1232.48,0.00,dormant,2024-06-20
883,ES2099992166389610067779,480,3,checking,EUR,201.60,1000.00,active,2010-07-03
884,ES6399995954771156311629,732,13,payroll,EUR,6868.40,0.00,active,2022-12-16
885,ES9199997096841521231799,645,24,checking,EUR,3068.34,1000.00,dormant,2022-05-28
886,ES5199992166916666581194,8,3,checking,EUR,3608.50,1500.00,active,2015-05-22
887,ES8699999590177921510942,395,22,checking,EUR,5757.77,500.00,active,2025-01-04
888,ES6999991665669395479433,542,2,payroll,EUR,3667.61,200.00,active,2024-10-12
889,ES7299996710881152587613,337,20,checking,EUR,1561.74,0.00,active,2020-09-28
890,ES0799993597692486350931,706,11,savings,EUR,3779.32,0.00,active,2022-02-26
891,ES0699998264209140023859,396,5,checking,EUR,2579.35,1000.00,dormant,2013-07-04
892,ES0299998644380102041465,595,16,checking,EUR,5822.24,500.00,active,2022-11-09
893,ES9599999623256386652518,688,21,payroll,EUR,5426.51,1000.00,active,2017-12-25
894,ES8599990800932602528719,759,15,payroll,EUR,0.00,1000.00,closed,2024-11-23
895,ES1599994497070954673296,613,9,checking,EUR,3233.47,1000.00,active,2020-05-05
896,ES2399993597703613444519,245,11,savings,EUR,2476.17,0.00,active,2019-01-11
897,ES6499995954633454489065,283,13,savings,EUR,5428.99,0.00,active,2022-03-16
898,ES5699995015733289357182,28,12,savings,EUR,581.40,0.00,active,2021-12-17
899,ES3199999984481178698285,67,19,checking,EUR,2891.32,0.00,active,2016-08-04
900,ES9099991179233111678525,368,6,checking,EUR,1063.77,500.00,active,2025-03-07
901,ES2399992753425503550260,37,23,payroll,EUR,2578.58,0.00,active,2021-09-25
902,ES8899996710836397584568,200,20,checking,EUR,1367.83,1500.00,active,2025-02-14
903,ES5399991342124613070657,46,4,savings,EUR,4455.09,0.00,active,2021-04-30
904,ES2599996763812456238119,513,10,savings,EUR,0.00,0.00,closed,2020-07-28
905,ES7799993597040438073308,758,11,checking,EUR,0.00,200.00,closed,2022-11-08
906,ES2699993061129564450297,582,8,checking,EUR,3245.64,500.00,active,2023-04-24
907,ES8099994896504700500039,497,25,savings,EUR,950.10,0.00,active,2021-10-09
908,ES1599991342156023638598,427,4,savings,EUR,2321.15,0.00,active,2024-05-20
909,ES7299991342745312273638,71,4,checking,EUR,1668.58,1000.00,active,2022-12-19
910,ES1099999997080265009152,231,18,savings,EUR,3167.98,0.00,active,2011-05-17
911,ES6799996763239660519154,665,10,checking,EUR,1844.00,0.00,active,2012-07-02
912,ES7999998644074234639395,199,16,savings,EUR,3169.81,0.00,active,2020-11-30
913,ES1599991342587146604812,432,4,checking,EUR,2557.06,0.00,active,2023-06-10
914,ES0899999623974943403173,689,21,checking,EUR,1657.34,1000.00,active,2024-01-13
915,ES9799991403489003671305,92,7,checking,EUR,6793.35,1000.00,active,2025-03-28
916,ES7499998644325330586940,467,16,savings,EUR,2325.25,0.00,active,2023-05-01
917,ES4999993597644251274441,613,11,checking,EUR,1258.12,1000.00,active,2018-08-12
918,ES5299999087571157550144,150,17,checking,EUR,3129.38,500.00,active,2025-01-03
919,ES1499997558036232892248,563,1,checking,EUR,0.00,0.00,closed,2013-01-05
920,ES8799991403091000375474,148,7,checking,EUR,1391.33,0.00,active,2024-02-16
921,ES4699996710437320228101,693,20,savings,EUR,0.00,0.00,closed,2023-02-17
922,ES9199991179991523597476,699,6,checking,EUR,919.08,500.00,active,2024-09-22
923,ES4899996763721216874287,287,10,checking,EUR,2835.90,0.00,active,2008-12-07
924,ES9199997096427274232950,44,24,checking,EUR,2371.68,200.00,active,2008-06-20
925,ES4099993240068148055828,452,14,payroll,EUR,860.51,0.00,active,2024-10-13
926,ES4099991342724866124849,456,4,checking,EUR,5170.02,0.00,active,2019-02-21
927,ES7799991179956989657243,84,6,checking,EUR,2952.23,0.00,active,2014-02-25
928,ES0599997558697302643685,422,1,checking,EUR,3609.60,1500.00,active,2021-05-14
929,ES3399995015742616575635,148,12,payroll,EUR,-417.76,1500.00,active,2024-04-01
930,ES2699999997086667521606,80,18,checking,EUR,1449.71,1500.00,active,2017-04-07
931,ES4299992753961171234332,645,23,checking,EUR,4233.76,0.00,active,2022-05-31
932,ES7099995015660175423212,655,12,checking,EUR,169.85,1000.00,active,2019-10-20
933,ES4399990800708671628445,74,15,savings,EUR,1182.03,0.00,active,2022-06-28
934,ES8999997558542726119470,22,1,checking,EUR,5358.18,200.00,active,2017-11-21
935,ES5299994896255397093785,98,25,checking,EUR,259.06,1000.00,active,2024-04-27
936,ES1399991342722885697869,718,4,checking,EUR,346.53,0.00,active,2019-05-05
937,ES7499999623530920111861,70,21,checking,EUR,2784.59,200.00,active,2020-02-11
938,ES0399991342184982965340,393,4,checking,EUR,5465.09,0.00,active,2023-02-10
939,ES0899993597507377789177,567,11,checking,EUR,3203.03,1000.00,active,2016-10-02
940,ES6999999997745269241840,138,18,checking,EUR,1947.58,500.00,active,2022-12-19
941,ES1399994497560938008465,568,9,checking,EUR,1710.73,0.00,active,2024-10-01
942,ES5499992753274493887719,580,23,checking,EUR,2495.25,500.00,active,2022-11-22
943,ES3599990800753187886022,61,15,payroll,EUR,3550.64,1500.00,active,2024-12-25
944,ES5299995954381657872899,531,13,checking,EUR,111.78,0.00,active,2012-10-10
945,ES7699994896214625445260,688,25,checking,EUR,3015.93,0.00,active,2018-01-08
946,ES2399991665051388717287,722,2,savings,EUR,3314.72,0.00,active,2024-09-03
947,ES9099998264166213628573,367,5,checking,EUR,2441.74,0.00,active,2024-08-15
948,ES3299998264146786603865,148,5,checking,EUR,5569.41,200.00,active,2025-01-21
949,ES1499990800130635719625,76,15,checking,EUR,2018.17,500.00,active,2016-04-09
950,ES4699990800467298231981,208,15,checking,EUR,847.38,1500.00,active,2015-01-24
951,ES8299991179460081492311,79,6,checking,EUR,3277.34,200.00,active,2024-07-06
952,ES0399992166441347708768,101,3,checking,EUR,803.79,0.00,active,2024-04-04
953,ES7399997096096136496574,317,24,savings,EUR,569.73,0.00,active,2020-02-15
954,ES1699994896330342191726,481,25,checking,EUR,3551.20,0.00,active,2023-09-10
955,ES3399994497115597520255,745,9,checking,EUR,2906.99,0.00,active,2017-12-13
956,ES9899993240022073176519,422,14,checking,EUR,1000.96,200.00,active,2023-07-27
957,ES4399995015959395591698,383,12,checking,EUR,5852.82,0.00,active,2020-04-24
958,ES3099996710925772820878,705,20,payroll,EUR,2778.79,0.00,active,2024-08-13
959,ES4999991179451114713383,373,6,checking,EUR,2998.50,1000.00,active,2023-09-27
960,ES5299999984494804723049,121,19,checking,EUR,415.57,0.00,active,2022-09-27
961,ES0299997096060670821539,445,24,business,EUR,1470.04,0.00,active,2024-05-30
962,ES5399991665291333549149,51,2,savings,EUR,2955.98,0.00,active,2016-07-08
963,ES0699999984462050035283,353,19,checking,EUR,2801.36,0.00,active,2017-03-08
964,ES3299995015003333880020,2,12,checking,EUR,3681.28,1000.00,active,2013-11-06
965,ES8099996763005902151451,49,10,checking,EUR,5995.59,200.00,dormant,2024-07-04
966,ES1299999590249877967205,709,22,business,EUR,2179.68,0.00,active,2024-04-08
967,ES5799993597155323708601,533,11,savings,EUR,2524.22,0.00,active,2022-12-30
968,ES4399991665316782558763,34,2,savings,EUR,2641.54,0.00,active,2020-06-02
969,ES3399999984657783260285,670,19,checking,EUR,3714.66,0.00,active,2024-09-06
970,ES7299998644439226974975,89,16,checking,EUR,0.00,0.00,closed,2022-07-02
971,ES6599997558428090214767,488,1,savings,EUR,2136.44,0.00,dormant,2023-06-22
972,ES1399992753566057919401,442,23,checking,EUR,3616.75,1000.00,active,2017-08-05
973,ES1599998264766991370946,491,5,payroll,EUR,3007.44,0.00,active,2020-09-24
974,ES4399992753169860776915,16,23,checking,EUR,-312.08,1500.00,active,2025-02-02
975,ES0299991665886657332909,750,2,savings,EUR,5236.05,0.00,active,2024-03-13
976,ES2899999984011589565482,330,19,savings,EUR,0.00,0.00,closed,2023-05-03
977,ES1399992753814733476005,622,23,checking,EUR,1104.53,1000.00,dormant,2023-09-29
978,ES0499995015014310020963,402,12,checking,EUR,1384.70,0.00,active,2015-09-22
979,ES7099994896793747455465,330,25,checking,EUR,998.36,200.00,active,2022-08-25
980,ES1899999997353909186232,693,18,checking,EUR,2394.30,200.00,active,2022-06-12
981,ES4199991665701897566175,204,2,checking,EUR,2455.40,1000.00,dormant,2024-07-22
982,ES1699991342935925023394,163,4,business,EUR,143.03,0.00,active,2019-09-28
983,ES8399996710048352890667,505,20,checking,EUR,2887.22,0.00,active,2024-09-01
984,ES4499991403826942249097,640,7,checking,EUR,2826.04,1000.00,active,2024-10-12
985,ES4699999984802525882596,427,19,checking,EUR,2412.27,200.00,active,2016-10-29
986,ES5399991179919923539271,270,6,checking,EUR,6101.93,200.00,active,2017-12-25
987,ES1499993597065297369951,523,11,checking,EUR,2189.49,1500.00,active,2011-10-09
988,ES7399996763278486866283,110,10,checking,EUR,543.36,1000.00,active,2021-05-09
989,ES2899994497273878830590,519,9,payroll,EUR,2366.33,0.00,active,2024-08-25
990,ES5999999997943823693108,532,18,savings,EUR,6102.39,0.00,dormant,2014-06-12
991,ES7599992753702996722632,613,23,checking,EUR,7569.80,0.00,active,2021-12-26
992,ES8599990800637333249677,727,15,checking,EUR,3108.81,500.00,active,2023-02-16
993,ES9899993597127488263883,106,11,checking,EUR,4774.92,1500.00,dormant,2024-01-29
994,ES9599994497723554188258,43,9,checking,EUR,5059.42,500.00,active,2021-09-13
995,ES6699994497057247627598,567,9,checking,EUR,3042.77,0.00,active,2022-05-21
996,ES2499991342183674564845,654,4,payroll,EUR,5096.58,200.00,active,2024-01-13
997,ES7399996710845316385444,673,20,payroll,EUR,5119.78,0.00,active,2025-03-20
998,ES6099992753112087556433,624,23,checking,EUR,4846.75,500.00,active,2021-08-24
999,ES7699993597172619502682,208,11,checking,EUR,2067.54,200.00,active,2013-05-13
1000,ES5399993061937905116894,3,8,savings,EUR,3704.14,0.00,active,2019-06-01
1001,ES6899990800503198988012,391,15,checking,EUR,1369.45,0.00,active,2014-01-29
1002,ES6099999997204972169053,7,18,checking,EUR,1716.76,0.00,active,2012-05-14
1003,ES8599997096689503423898,65,24,checking,EUR,4841.14,0.00,active,2014-07-07
1004,ES6799991179921037401077,259,6,checking,EUR,-366.10,500.00,active,2025-03-07
1005,ES4599995954518400897325,746,13,checking,EUR,4184.60,200.00,active,2024-11-27
1006,ES4299991403413458103195,477,7,savings,EUR,2334.63,0.00,active,2021-11-04
1007,ES5399993240784140803974,146,14,savings,EUR,1945.90,0.00,active,2020-05-06
1008,ES1699996710336935562924,707,20,payroll,EUR,2055.99,0.00,active,2007-08-22
1009,ES7499999087467103961754,21,17,checking,EUR,265.92,1500.00,active,2012-09-03
1010,ES1899992166974035273164,627,3,checking,EUR,3060.51,0.00,active,2023-02-05
1011,ES7199998264424037981467,742,5,checking,EUR,2474.59,0.00,active,2016-06-05
1012,ES4099991403676845220319,796,7,savings,EUR,1803.34,0.00,active,2023-02-02
1013,ES2999999623227777126058,578,21,savings,EUR,2151.57,0.00,active,2020-09-06
1014,ES7099999623101279354316,679,21,checking,EUR,4148.79,1500.00,active,2025-02-26
1015,ES7499999997645393126178,368,18,savings,EUR,177.13,0.00,active,2024-12-13
1016,ES8099991179344800827921,67,6,savings,EUR,1969.37,0.00,active,2017-09-08
1017,ES6099993597224393403611,611,11,savings,EUR,531.57,0.00,active,2024-07-23
1018,ES9799991403516679579094,572,7,savings,EUR,2002.04,0.00,active,2025-02-23
1019,ES0899995954191381508527,202,13,checking,EUR,1400.01,1500.00,active,2015-03-29
1020,ES7199991342052898957874,364,4,payroll,EUR,3235.43,1500.00,active,2019-06-02
1021,ES7599991403228548773627,317,7,savings,EUR,2648.34,0.00,active,2022-03-05
1022,ES6499996763246842141285,45,10,checking,EUR,2334.37,1000.00,active,2015-06-17
1023,ES2299998644261210909221,328,16,savings,EUR,2509.94,0.00,active,2023-12-19
1024,ES7599995015732364449909,587,12,checking,EUR,-164.61,200.00,active,2014-10-04
1025,ES0599993597751222244442,272,11,savings,EUR,3281.02,0.00,active,2024-04-19
1026,ES4699993061246456737159,459,8,payroll,EUR,1430.52,0.00,active,2024-01-06
1027,ES0399999984027087441881,637,19,checking,EUR,229.00,0.00,active,2024-10-08
1028,ES5699997558185811382689,400,1,savings,EUR,1056.96,0.00,active,2022-02-04
1029,ES3199993597675463052162,640,11,payroll,EUR,1686.19,500.00,active,2024-05-12
1030,ES2399991179838990652694,198,6,checking,EUR,5210.73,1000.00,active,2015-07-25
1031,ES9799994896916937064166,279,25,checking,EUR,2270.42,0.00,active,2021-07-16
1032,ES3899995954672232157223,112,13,savings,EUR,2391.15,0.00,active,2016-02-21
1033,ES5699999997275098034236,18,18,savings,EUR,2823.06,0.00,active,2023-12-04
1034,ES1099994896668178321346,506,25,checking,EUR,1092.34,1500.00,active,2025-01-21
1035,ES6499999590700922845348,356,22,checking,EUR,4564.39,0.00,active,2011-05-03
1036,ES7099999087528316920245,453,17,checking,EUR,0.00,500.00,closed,2023-05-15
1037,ES9799999623537667700428,41,21,checking,EUR,4279.39,1000.00,active,2023-12-17
1038,ES1199999590664876766027,410,22,checking,EUR,5338.63,0.00,active,2019-09-21
1039,ES4599991179479372427923,265,6,checking,EUR,5314.88,200.00,dormant,2011-09-09
1040,ES7399998264878977025517,146,5,business,EUR,0.00,0.00,closed,2015-08-12
1041,ES4099992753751110945047,394,23,checking,EUR,3570.87,0.00,active,2019-02-05
1042,ES2699992166023920262059,493,3,checking,EUR,2439.07,1000.00,active,2017-09-29
1043,ES3999999623911309543513,718,21,savings,EUR,1036.83,0.00,active,2025-01-27
1044,ES4299997558700781515233,515,1,checking,EUR,1370.90,1000.00,active,2022-03-02
1045,ES9199991179995130152148,457,6,payroll,EUR,1582.39,1000.00,active,2016-12-21
1046,ES2299996763645028891339,661,10,checking,EUR,2442.82,0.00,active,2023-11-27
1047,ES5899998644600878076918,173,16,checking,EUR,3250.05,1000.00,active,2020-03-20
1048,ES9699999984819553374119,208,19,checking,EUR,1577.23,1000.00,active,2022-04-20
1049,ES5099999087174609737423,475,17,checking,EUR,1507.29,0.00,active,2017-10-03
1050,ES4299990800975585912610,279,15,checking,EUR,2480.19,0.00,active,2021-10-23
1051,ES7499991403015408163867,470,7,savings,EUR,1793.72,0.00,active,2025-01-04
1052,ES7799991342844654445054,737,4,savings,EUR,633.38,0.00,active,2024-04-25
1053,ES8299993597716835238268,653,11,checking,EUR,3175.69,0.00,active,2014-02-16
1054,ES6399996763411037497510,293,10,savings,EUR,277.91,0.00,active,2022-12-02
1055,ES2699991403201397420119,688,7,savings,EUR,3053.19,0.00,active,2006-10-29
1056,ES9699992166693614706934,570,3,payroll,EUR,5608.66,1500.00,active,2020-10-12
1057,ES6499998644947918276459,349,16,checking,EUR,3007.81,0.00,dormant,2025-03-26
1058,ES1599999590733220820218,295,22,checking,EUR,2207.42,0.00,active,2025-02-07
1059,ES5499999623610637934658,81,21,checking,EUR,0.00,500.00,closed,2019-12-28
1060,ES0799999590758292050104,428,22,checking,EUR,4982.39,1500.00,active,2024-12-20
1061,ES2999991179337769495458,438,6,checking,EUR,0.00,500.00,closed,2013-04-13
1062,ES7999992753831505345371,592,23,checking,EUR,4463.22,1500.00,active,2022-01-05
1063,ES9199997558948740778044,211,1,checking,EUR,2504.09,0.00,active,2012-05-13
1064,ES0799996710478026362708,292,20,checking,EUR,3813.20,1500.00,active,2024-10-02
1065,ES4199996710082195427257,214,20,checking,EUR,960.82,1500.00,active,2024-03-20
1066,ES8699999997136807770835,457,18,checking,EUR,2173.16,500.00,active,2021-05-18
1067,ES4099993597690650138494,573,11,checking,EUR,4911.37,0.00,active,2021-10-09
1068,ES2799991342426360545122,646,4,checking,EUR,1350.48,0.00,active,2020-11-27
1069,ES2799999087768626381853,527,17,business,EUR,0.00,0.00,closed,2023-03-25
1070,ES3899992753888688278314,612,23,savings,EUR,1563.73,0.00,active,2025-02-14
1071,ES2899992166470645401593,653,3,business,EUR,5303.48,0.00,active,2012-02-02
1072,ES5199994497633546843196,306,9,savings,EUR,2269.75,0.00,dormant,2019-08-02
1073,ES4099993240056856576149,793,14,checking,EUR,2873.59,0.00,active,2020-01-21
1074,ES3999999984556653379156,683,19,checking,EUR,1949.24,0.00,active,2019-05-15
1075,ES9499996763620801666128,390,10,checking,EUR,5189.69,200.00,active,2020-11-11
1076,ES0899991665563605488165,426,2,checking,EUR,152.92,200.00,active,2023-01-04
1077,ES6099997558711221984100,602,1,savings,EUR,3799.39,0.00,active,2015-01-09
1078,ES7699999623314198323157,656,21,checking,EUR,2183.81,200.00,active,2023-08-04
1079,ES0699991179986549368681,293,6,business,EUR,5627.31,0.00,dormant,2021-01-28
1080,ES8999994896619751306701,628,25,savings,EUR,2605.67,0.00,active,2024-11-03
1081,ES3699999984906056406515,87,19,savings,EUR,2558.91,0.00,active,2014-09-18
1082,ES4499995015549322457629,712,12,checking,EUR,1688.53,0.00,active,2021-10-29
1083,ES5299992166741221949699,40,3,checking,EUR,3675.50,500.00,active,2023-11-02
1084,ES7099991342919345681445,211,4,savings,EUR,2127.63,0.00,active,2025-01-18
1085,ES5199998644389362220855,527,16,savings,EUR,771.75,0.00,active,2024-04-17
1086,ES2299991179471167359260,476,6,checking,EUR,5210.53,1000.00,active,2020-12-11
1087,ES0899999590129760577592,435,22,payroll,EUR,2564.54,0.00,dormant,2020-12-12
1088,ES7699990800588761493313,576,15,checking,EUR,3262.69,0.00,active,2016-07-03
1089,ES0599994896981896556994,738,25,checking,EUR,2678.86,0.00,active,2020-10-22
1090,ES6799999997828583548736,115,18,checking,EUR,0.00,0.00,closed,2024-06-05
1091,ES3499996710420497997109,383,20,payroll,EUR,3322.14,1500.00,active,2009-09-22
1092,ES8699995954264433429129,528,13,checking,EUR,0.00,1500.00,closed,2022-11-11
1093,ES9199991342894625737795,686,4,checking,EUR,4219.46,200.00,active,2020-04-27
1094,ES9199991342301400190083,751,4,checking,EUR,2220.43,0.00,active,2021-07-21
1095,ES9099998644966765788338,714,16,savings,EUR,2863.49,0.00,active,2024-06-13
1096,ES4499990800205142443502,372,15,savings,EUR,1818.57,0.00,active,2016-08-18
1097,ES8799998264811824976357,366,5,savings,EUR,4174.25,0.00,dormant,2012-04-02
1098,ES3899993061429409792975,250,8,savings,EUR,2121.70,0.00,active,2024-04-20
1099,ES5299994896526175316478,334,25,savings,EUR,1913.60,0.00,active,2020-03-21
1100,ES4499999984785469113281,202,19,savings,EUR,1960.57,0.00,active,2016-05-22
