id,account_id,card_number_masked,card_number_last4,brand,card_type,expires_on,credit_limit,status,issued_at
1,792,411111 ** **** 9840,9840,Visa,credit,2028-12-31,9794.93,active,2024-12-08
2,217,400000 ** **** 0942,0942,Visa,credit,2028-01-31,3498.04,active,2024-01-14
3,244,411111 ** **** 1804,1804,Visa,credit,2029-04-30,2922.83,blocked,2025-04-04
4,906,424242 ** **** 8372,8372,Visa,debit,2028-05-31,,active,2024-05-11
5,625,222100 ** **** 1294,1294,Mastercard,debit,2029-05-31,,active,2025-05-21
6,865,555555 ** **** 0128,0128,Mastercard,debit,2029-03-31,,active,2025-03-28
7,635,222100 ** **** 3509,3509,Mastercard,debit,2029-04-30,,active,2025-04-28
8,645,411111 ** **** 6129,6129,Visa,debit,2028-08-31,,cancelled,2024-08-23
9,72,222100 ** **** 4941,4941,Mastercard,debit,2027-01-31,,active,2023-01-04
10,399,424242 ** **** 5868,5868,Visa,debit,2028-04-30,,cancelled,2024-04-02
11,486,424242 ** **** 8650,8650,Visa,debit,2028-01-31,,active,2024-01-23
12,114,222100 ** **** 9971,9971,Mastercard,debit,2028-05-31,,active,2024-05-14
13,1,400000 ** **** 3561,3561,Visa,debit,2027-09-30,,active,2023-09-17
14,418,545454 ** **** 6154,6154,Mastercard,debit,2027-11-30,,active,2023-11-08
15,533,545454 ** **** 5312,5312,Mastercard,credit,2029-02-28,3110.84,active,2025-02-01
16,923,400000 ** **** 8591,8591,Visa,debit,2028-04-30,,active,2024-04-21
17,1068,400000 ** **** 3544,3544,Visa,debit,2029-05-31,,active,2025-05-13
18,223,411111 ** **** 7319,7319,Visa,credit,2024-07-31,2384.16,expired,2020-07-05
19,48,222100 ** **** 7564,7564,Mastercard,credit,2027-07-31,7424.08,active,2023-07-28
20,680,545454 ** **** 3584,3584,Mastercard,debit,2026-11-30,,blocked,2022-11-15
21,256,222100 ** **** 6198,6198,Mastercard,credit,2026-02-28,3331.31,active,2022-02-13
22,1080,424242 ** **** 3774,3774,Visa,debit,2028-12-31,,active,2024-12-07
23,7,222100 ** **** 2752,2752,Mastercard,debit,2028-01-31,,cancelled,2024-01-23
24,933,222100 ** **** 5461,5461,Mastercard,credit,2028-05-31,4377.08,active,2024-05-05
25,376,222100 ** **** 7544,7544,Mastercard,credit,2028-04-30,3241.05,active,2024-04-23
26,102,400000 ** **** 6904,6904,Visa,debit,2028-02-29,,active,2024-02-14
27,1057,411111 ** **** 0556,0556,Visa,debit,2029-05-31,,active,2025-05-25
28,225,555555 ** **** 4200,4200,Mastercard,debit,2029-04-30,,active,2025-04-18
29,890,545454 ** **** 8421,8421,Mastercard,credit,2027-04-30,3642.43,active,2023-04-30
30,474,411111 ** **** 2273,2273,Visa,credit,2024-02-29,10601.57,expired,2020-02-17
31,208,222100 ** **** 0950,0950,Mastercard,debit,2027-07-31,,active,2023-07-06
32,1079,411111 ** **** 8325,8325,Visa,debit,2027-04-30,,active,2023-04-05
33,819,411111 ** **** 1028,1028,Visa,debit,2027-07-31,,active,2023-07-13
34,789,411111 ** **** 4651,4651,Visa,credit,2027-07-31,3750.00,active,2023-07-10
35,195,555555 ** **** 4981,4981,Mastercard,credit,2026-03-31,3750.00,blocked,2022-03-01
36,609,555555 ** **** 7645,7645,Mastercard,debit,2029-04-30,,active,2025-04-25
37,783,555555 ** **** 5389,5389,Mastercard,debit,2028-12-31,,active,2024-12-04
38,443,400000 ** **** 4203,4203,Visa,credit,2026-08-31,4561.46,active,2022-08-13
39,715,411111 ** **** 9275,9275,Visa,prepaid,2026-03-31,,active,2022-03-07
40,71,555555 ** **** 5303,5303,Mastercard,debit,2029-04-30,,blocked,2025-04-20
41,3,222100 ** **** 7587,7587,Mastercard,credit,2027-02-28,1952.32,active,2023-02-21
42,140,424242 ** **** 5252,5252,Visa,debit,2028-06-30,,active,2024-06-20
43,371,411111 ** **** 9865,9865,Visa,debit,2028-10-31,,active,2024-10-26
44,534,545454 ** **** 6916,6916,Mastercard,debit,2028-10-31,,active,2024-10-11
45,197,555555 ** **** 9652,9652,Mastercard,credit,2029-04-30,3430.57,active,2025-04-23
46,292,555555 ** **** 5701,5701,Mastercard,debit,2029-05-31,,active,2025-05-10
47,994,371449 ** **** 0101,0101,American Express,credit,2026-01-31,3750.00,active,2022-01-31
48,373,424242 ** **** 8113,8113,Visa,debit,2029-01-31,,active,2025-01-18
49,381,222100 ** **** 6424,6424,Mastercard,credit,2029-03-31,4147.89,cancelled,2025-03-06
50,533,411111 ** **** 3397,3397,Visa,debit,2029-01-31,,active,2025-01-27
51,50,222100 ** **** 3533,3533,Mastercard,credit,2025-03-31,3930.22,expired,2021-03-03
52,954,222100 ** **** 2003,2003,Mastercard,credit,2028-12-31,2528.29,blocked,2024-12-09
53,1016,400000 ** **** 7129,7129,Visa,debit,2028-07-31,,active,2024-07-17
54,267,400000 ** **** 7703,7703,Visa,prepaid,2026-05-31,,active,2022-05-10
55,303,424242 ** **** 6215,6215,Visa,debit,2029-04-30,,active,2025-04-07
56,340,555555 ** **** 5349,5349,Mastercard,credit,2027-10-31,4337.71,active,2023-10-28
57,424,378282 ** **** 0687,0687,American Express,debit,2028-05-31,,active,2024-05-27
58,205,400000 ** **** 7142,7142,Visa,debit,2026-09-30,,active,2022-09-16
59,451,545454 ** **** 2741,2741,Mastercard,debit,2026-01-31,,active,2022-01-18
60,1064,424242 ** **** 0601,0601,Visa,credit,2029-03-31,9028.29,active,2025-03-11
61,717,545454 ** **** 5828,5828,Mastercard,credit,2024-03-31,2402.40,expired,2020-03-10
62,82,555555 ** **** 4037,4037,Mastercard,credit,2027-10-31,2343.08,active,2023-10-29
63,151,411111 ** **** 9287,9287,Visa,credit,2025-12-31,4603.62,active,2021-12-16
64,754,371449 ** **** 3119,3119,American Express,debit,2027-02-28,,active,2023-02-04
65,398,400000 ** **** 3491,3491,Visa,debit,2029-01-31,,active,2025-01-03
66,136,424242 ** **** 2039,2039,Visa,prepaid,2028-02-29,,active,2024-02-28
67,657,424242 ** **** 0377,0377,Visa,prepaid,2024-06-30,,expired,2020-06-16
68,469,424242 ** **** 7812,7812,Visa,credit,2028-02-29,3750.00,active,2024-02-07
69,253,400000 ** **** 7538,7538,Visa,debit,2026-01-31,,blocked,2022-01-04
70,221,545454 ** **** 5473,5473,Mastercard,debit,2028-06-30,,blocked,2024-06-20
71,813,411111 ** **** 9107,9107,Visa,debit,2024-08-31,,expired,2020-08-30
72,843,424242 ** **** 6366,6366,Visa,debit,2024-10-31,,expired,2020-10-02
73,934,411111 ** **** 3151,3151,Visa,debit,2029-05-31,,active,2025-05-06
74,1033,400000 ** **** 6249,6249,Visa,debit,2028-01-31,,cancelled,2024-01-24
75,852,222100 ** **** 8259,8259,Mastercard,debit,2028-10-31,,active,2024-10-16
76,40,555555 ** **** 1181,1181,Mastercard,debit,2028-05-31,,cancelled,2024-05-28
77,369,371449 ** **** 4585,4585,American Express,debit,2026-11-30,,active,2022-11-17
78,1006,400000 ** **** 1376,1376,Visa,credit,2028-11-30,5928.44,active,2024-11-01
79,1015,545454 ** **** 7730,7730,Mastercard,debit,2029-05-31,,active,2025-05-01
80,243,555555 ** **** 1524,1524,Mastercard,credit,2028-06-30,7847.60,active,2024-06-28
81,691,424242 ** **** 1914,1914,Visa,debit,2024-10-31,,expired,2020-10-05
82,351,400000 ** **** 1604,1604,Visa,debit,2027-12-31,,active,2023-12-08
83,938,424242 ** **** 8242,8242,Visa,credit,2027-10-31,7468.49,active,2023-10-01
84,320,411111 ** **** 7333,7333,Visa,credit,2028-12-31,3225.52,active,2024-12-01
85,1012,424242 ** **** 4206,4206,Visa,prepaid,2028-08-31,,active,2024-08-21
86,367,555555 ** **** 3783,3783,Mastercard,debit,2026-08-31,,active,2022-08-25
87,758,555555 ** **** 8017,8017,Mastercard,credit,2029-05-31,4864.48,active,2025-05-28
88,305,411111 ** **** 8412,8412,Visa,debit,2028-02-29,,active,2024-02-21
89,667,424242 ** **** 2401,2401,Visa,debit,2028-08-31,,active,2024-08-26
90,989,400000 ** **** 4869,4869,Visa,debit,2029-03-31,,active,2025-03-20
91,324,411111 ** **** 4158,4158,Visa,credit,2028-12-31,9427.09,active,2024-12-31
92,812,555555 ** **** 6794,6794,Mastercard,credit,2027-11-30,2040.68,active,2023-11-14
93,411,424242 ** **** 7558,7558,Visa,debit,2028-04-30,,cancelled,2024-04-11
94,537,400000 ** **** 0235,0235,Visa,credit,2025-12-31,1350.00,active,2021-12-27
95,671,411111 ** **** 4729,4729,Visa,debit,2028-02-29,,active,2024-02-10
96,51,555555 ** **** 4280,4280,Mastercard,debit,2024-12-31,,expired,2020-12-11
97,545,545454 ** **** 8022,8022,Mastercard,credit,2026-02-28,5376.09,active,2022-02-07
98,470,555555 ** **** 5020,5020,Mastercard,credit,2027-12-31,3750.00,active,2023-12-05
99,283,545454 ** **** 6778,6778,Mastercard,credit,2025-07-31,6256.27,active,2021-07-05
100,384,222100 ** **** 3591,3591,Mastercard,credit,2024-02-29,3750.00,expired,2020-02-23
101,539,545454 ** **** 3167,3167,Mastercard,debit,2028-01-31,,active,2024-01-07
102,771,222100 ** **** 0169,0169,Mastercard,debit,2029-05-31,,active,2025-05-30
103,1058,371449 ** **** 6980,6980,American Express,debit,2029-02-28,,cancelled,2025-02-12
104,698,222100 ** **** 1972,1972,Mastercard,credit,2027-02-28,5999.28,active,2023-02-18
105,440,400000 ** **** 5168,5168,Visa,credit,2028-12-31,4359.62,active,2024-12-31
106,166,545454 ** **** 9276,9276,Mastercard,credit,2028-03-31,2505.62,active,2024-03-18
107,1001,378282 ** **** 8753,8753,American Express,debit,2025-04-30,,expired,2021-04-18
108,893,400000 ** **** 2031,2031,Visa,credit,2025-07-31,6696.76,active,2021-07-17
109,1024,411111 ** **** 9828,9828,Visa,debit,2026-10-31,,active,2022-10-08
110,79,545454 ** **** 7521,7521,Mastercard,debit,2029-03-31,,active,2025-03-20
111,647,400000 ** **** 0515,0515,Visa,prepaid,2025-05-31,,expired,2021-05-26
112,595,555555 ** **** 7187,7187,Mastercard,debit,2028-08-31,,cancelled,2024-08-16
113,252,222100 ** **** 5135,5135,Mastercard,debit,2027-03-31,,active,2023-03-26
114,549,411111 ** **** 3278,3278,Visa,credit,2029-02-28,4797.78,active,2025-02-24
115,1038,411111 ** **** 3519,3519,Visa,credit,2025-03-31,3550.95,expired,2021-03-21
116,131,424242 ** **** 6481,6481,Visa,debit,2027-08-31,,active,2023-08-04
117,365,545454 ** **** 6953,6953,Mastercard,debit,2027-08-31,,active,2023-08-06
118,994,545454 ** **** 9762,9762,Mastercard,credit,2028-02-29,3750.00,blocked,2024-02-29
119,420,400000 ** **** 6631,6631,Visa,debit,2029-03-31,,active,2025-03-06
120,939,545454 ** **** 1512,1512,Mastercard,credit,2027-11-30,3662.45,cancelled,2023-11-20
121,461,400000 ** **** 4761,4761,Visa,credit,2025-03-31,1582.90,expired,2021-03-12
122,79,222100 ** **** 7261,7261,Mastercard,debit,2029-04-30,,blocked,2025-04-16
123,530,400000 ** **** 3288,3288,Visa,credit,2028-11-30,2388.94,active,2024-11-20
124,346,411111 ** **** 5293,5293,Visa,debit,2029-03-31,,active,2025-03-19
125,328,555555 ** **** 9292,9292,Mastercard,debit,2026-08-31,,active,2022-08-12
126,805,555555 ** **** 7809,7809,Mastercard,debit,2028-06-30,,active,2024-06-11
127,548,545454 ** **** 8170,8170,Mastercard,debit,2028-07-31,,blocked,2024-07-02
128,492,424242 ** **** 0428,0428,Visa,credit,2029-03-31,5970.42,active,2025-03-21
129,47,545454 ** **** 5837,5837,Mastercard,debit,2028-06-30,,active,2024-06-19
130,802,555555 ** **** 0016,0016,Mastercard,debit,2024-07-31,,expired,2020-07-12
131,60,222100 ** **** 3206,3206,Mastercard,debit,2025-11-30,,active,2021-11-16
132,797,424242 ** **** 1917,1917,Visa,debit,2027-09-30,,active,2023-09-10
133,349,400000 ** **** 8046,8046,Visa,debit,2024-09-30,,expired,2020-09-17
134,563,424242 ** **** 2365,2365,Visa,debit,2026-10-31,,active,2022-10-08
135,643,545454 ** **** 4597,4597,Mastercard,debit,2025-12-31,,active,2021-12-27
136,991,411111 ** **** 3249,3249,Visa,credit,2028-02-29,5683.67,active,2024-02-15
137,679,400000 ** **** 0909,0909,Visa,debit,2029-01-31,,active,2025-01-08
138,412,222100 ** **** 7338,7338,Mastercard,debit,2028-05-31,,active,2024-05-29
139,280,400000 ** **** 8915,8915,Visa,credit,2028-08-31,2106.24,active,2024-08-17
140,27,400000 ** **** 7758,7758,Visa,credit,2029-05-31,4031.52,active,2025-05-04
141,376,424242 ** **** 2381,2381,Visa,credit,2029-01-31,3241.05,cancelled,2025-01-29
142,269,424242 ** **** 6901,6901,Visa,debit,2029-03-31,,cancelled,2025-03-15
143,616,400000 ** **** 5328,5328,Visa,credit,2026-05-31,3275.62,active,2022-05-04
144,676,424242 ** **** 0306,0306,Visa,debit,2025-04-30,,expired,2021-04-28
145,960,411111 ** **** 6825,6825,Visa,credit,2027-03-31,2445.34,active,2023-03-12
146,458,411111 ** **** 3129,3129,Visa,credit,2026-09-30,3016.03,active,2022-09-09
147,491,400000 ** **** 7057,7057,Visa,debit,2028-11-30,,active,2024-11-18
148,1053,400000 ** **** 0604,0604,Visa,debit,2024-01-31,,expired,2020-01-14
149,317,411111 ** **** 7132,7132,Visa,debit,2028-03-31,,active,2024-03-12
150,1004,424242 ** **** 8880,8880,Visa,debit,2029-05-31,,active,2025-05-02
151,224,555555 ** **** 1513,1513,Mastercard,prepaid,2028-06-30,,active,2024-06-08
152,653,400000 ** **** 2206,2206,Visa,debit,2026-08-31,,active,2022-08-29
153,409,222100 ** **** 9360,9360,Mastercard,credit,2024-10-31,3608.09,expired,2020-10-02
154,383,545454 ** **** 2999,2999,Mastercard,debit,2028-06-30,,active,2024-06-22
155,820,555555 ** **** 0910,0910,Mastercard,credit,2027-09-30,2654.01,active,2023-09-16
156,1055,222100 ** **** 4547,4547,Mastercard,debit,2025-06-30,,active,2021-06-08
157,174,411111 ** **** 6130,6130,Visa,debit,2026-12-31,,active,2022-12-29
158,140,545454 ** **** 4955,4955,Mastercard,prepaid,2029-05-31,,active,2025-05-24
159,573,555555 ** **** 0023,0023,Mastercard,debit,2028-07-31,,cancelled,2024-07-08
160,883,411111 ** **** 8194,8194,Visa,debit,2028-10-31,,blocked,2024-10-17
161,860,222100 ** **** 0431,0431,Mastercard,debit,2028-09-30,,active,2024-09-05
162,115,222100 ** **** 1085,1085,Mastercard,debit,2024-06-30,,expired,2020-06-16
163,247,545454 ** **** 3864,3864,Mastercard,debit,2027-12-31,,active,2023-12-14
164,460,222100 ** **** 5039,5039,Mastercard,debit,2028-08-31,,active,2024-08-03
165,1083,424242 ** **** 5207,5207,Visa,debit,2028-03-31,,active,2024-03-28
166,355,400000 ** **** 1246,1246,Visa,credit,2027-12-31,2616.92,active,2023-12-08
167,824,222100 ** **** 9173,9173,Mastercard,debit,2027-02-28,,active,2023-02-05
168,101,222100 ** **** 6050,6050,Mastercard,prepaid,2026-12-31,,blocked,2022-12-31
169,722,555555 ** **** 6718,6718,Mastercard,debit,2028-10-31,,active,2024-10-06
170,869,555555 ** **** 2875,2875,Mastercard,debit,2029-04-30,,active,2025-04-11
171,661,400000 ** **** 4593,4593,Visa,debit,2025-09-30,,active,2021-09-05
172,117,411111 ** **** 5592,5592,Visa,debit,2028-09-30,,active,2024-09-29
173,496,400000 ** **** 4057,4057,Visa,credit,2029-04-30,3153.65,active,2025-04-16
174,1100,411111 ** **** 3206,3206,Visa,debit,2028-07-31,,active,2024-07-15
175,694,545454 ** **** 9352,9352,Mastercard,credit,2029-03-31,2687.83,active,2025-03-04
176,909,545454 ** **** 4756,4756,Mastercard,debit,2029-05-31,,active,2025-05-30
177,132,424242 ** **** 0249,0249,Visa,credit,2026-11-30,2726.97,active,2022-11-22
178,161,545454 ** **** 4160,4160,Mastercard,credit,2027-12-31,3750.00,active,2023-12-18
179,414,424242 ** **** 5805,5805,Visa,credit,2028-08-31,3750.00,active,2024-08-20
180,53,545454 ** **** 4962,4962,Mastercard,debit,2028-08-31,,cancelled,2024-08-21
181,1089,411111 ** **** 4050,4050,Visa,debit,2028-08-31,,active,2024-08-27
182,52,424242 ** **** 1857,1857,Visa,credit,2027-11-30,1814.99,active,2023-11-23
183,514,424242 ** **** 9487,9487,Visa,prepaid,2026-10-31,,active,2022-10-19
184,628,424242 ** **** 4918,4918,Visa,debit,2029-02-28,,active,2025-02-14
185,1076,222100 ** **** 8191,8191,Mastercard,debit,2029-04-30,,active,2025-04-17
186,820,400000 ** **** 5128,5128,Visa,credit,2027-01-31,2654.01,active,2023-01-19
187,571,222100 ** **** 9579,9579,Mastercard,debit,2028-07-31,,active,2024-07-01
188,94,424242 ** **** 0090,0090,Visa,credit,2026-11-30,2786.36,cancelled,2022-11-10
189,942,555555 ** **** 9257,9257,Mastercard,credit,2027-08-31,4147.89,active,2023-08-28
190,122,424242 ** **** 8034,8034,Visa,debit,2028-10-31,,active,2024-10-20
191,674,222100 ** **** 6799,6799,Mastercard,debit,2029-05-31,,active,2025-05-01
192,880,400000 ** **** 0574,0574,Visa,debit,2029-05-31,,cancelled,2025-05-23
193,520,400000 ** **** 3202,3202,Visa,debit,2024-08-31,,expired,2020-08-08
194,899,424242 ** **** 9410,9410,Visa,credit,2025-10-31,3403.74,cancelled,2021-10-23
195,930,400000 ** **** 2436,2436,Visa,credit,2027-01-31,3275.62,active,2023-01-18
196,518,400000 ** **** 2688,2688,Visa,credit,2028-05-31,4851.44,active,2024-05-25
197,203,411111 ** **** 0952,0952,Visa,debit,2028-04-30,,active,2024-04-25
198,789,222100 ** **** 7101,7101,Mastercard,debit,2027-08-31,,active,2023-08-10
199,394,424242 ** **** 0414,0414,Visa,debit,2028-10-31,,active,2024-10-06
200,362,555555 ** **** 9388,9388,Mastercard,debit,2028-04-30,,active,2024-04-18
201,485,545454 ** **** 0383,0383,Mastercard,credit,2027-11-30,3710.99,active,2023-11-21
202,1086,222100 ** **** 5946,5946,Mastercard,debit,2027-03-31,,active,2023-03-31
203,186,222100 ** **** 6562,6562,Mastercard,debit,2027-05-31,,active,2023-05-22
204,195,545454 ** **** 6696,6696,Mastercard,debit,2026-06-30,,active,2022-06-14
205,144,555555 ** **** 7863,7863,Mastercard,debit,2027-06-30,,blocked,2023-06-17
206,1,222100 ** **** 7615,7615,Mastercard,debit,2026-12-31,,active,2022-12-20
207,45,424242 ** **** 0806,0806,Visa,debit,2029-01-31,,active,2025-01-13
208,64,424242 ** **** 5351,5351,Visa,credit,2025-05-31,3098.72,expired,2021-05-06
209,739,400000 ** **** 7348,7348,Visa,debit,2028-06-30,,active,2024-06-08
210,924,424242 ** **** 3510,3510,Visa,debit,2027-11-30,,active,2023-11-18
211,537,371449 ** **** 4341,4341,American Express,credit,2027-05-31,1350.00,active,2023-05-12
212,298,424242 ** **** 0583,0583,Visa,debit,2026-04-30,,active,2022-04-28
213,986,222100 ** **** 8794,8794,Mastercard,credit,2025-06-30,3750.00,active,2021-06-03
214,122,400000 ** **** 0660,0660,Visa,debit,2028-11-30,,blocked,2024-11-27
215,171,222100 ** **** 5241,5241,Mastercard,debit,2028-02-29,,active,2024-02-19
216,975,400000 ** **** 6293,6293,Visa,debit,2028-05-31,,active,2024-05-03
217,1013,545454 ** **** 7218,7218,Mastercard,debit,2025-09-30,,active,2021-09-09
218,559,400000 ** **** 7704,7704,Visa,debit,2029-02-28,,active,2025-02-15
219,33,222100 ** **** 4238,4238,Mastercard,credit,2026-11-30,3337.97,active,2022-11-04
220,640,555555 ** **** 7163,7163,Mastercard,debit,2026-04-30,,active,2022-04-02
221,685,411111 ** **** 3689,3689,Visa,prepaid,2029-03-31,,active,2025-03-12
222,587,411111 ** **** 9342,9342,Visa,debit,2029-03-31,,active,2025-03-18
223,385,222100 ** **** 8710,8710,Mastercard,debit,2028-01-31,,active,2024-01-14
224,272,411111 ** **** 4066,4066,Visa,credit,2028-04-30,2251.13,active,2024-04-11
225,297,222100 ** **** 8914,8914,Mastercard,credit,2028-07-31,3750.00,active,2024-07-22
226,808,545454 ** **** 5669,5669,Mastercard,credit,2029-02-28,3122.40,active,2025-02-11
227,770,222100 ** **** 8150,8150,Mastercard,debit,2026-11-30,,active,2022-11-03
228,985,400000 ** **** 7953,7953,Visa,debit,2025-04-30,,expired,2021-04-19
229,141,222100 ** **** 6659,6659,Mastercard,debit,2028-06-30,,active,2024-06-22
230,1014,545454 ** **** 4525,4525,Mastercard,credit,2029-03-31,2505.62,active,2025-03-09
231,941,411111 ** **** 4568,4568,Visa,debit,2029-03-31,,active,2025-03-28
232,951,424242 ** **** 6935,6935,Visa,debit,2029-04-30,,cancelled,2025-04-17
233,355,222100 ** **** 7735,7735,Mastercard,debit,2024-06-30,,expired,2020-06-14
234,498,411111 ** **** 4104,4104,Visa,debit,2027-09-30,,active,2023-09-06
235,702,400000 ** **** 3266,3266,Visa,credit,2024-07-31,4232.04,expired,2020-07-15
236,477,411111 ** **** 6153,6153,Visa,debit,2026-10-31,,active,2022-10-28
237,389,411111 ** **** 5591,5591,Visa,debit,2028-08-31,,active,2024-08-14
238,21,411111 ** **** 9155,9155,Visa,debit,2028-04-30,,active,2024-04-13
239,215,400000 ** **** 3000,3000,Visa,debit,2029-03-31,,blocked,2025-03-10
240,823,400000 ** **** 2355,2355,Visa,debit,2027-10-31,,active,2023-10-07
241,446,411111 ** **** 3545,3545,Visa,debit,2025-01-31,,expired,2021-01-26
242,622,424242 ** **** 9127,9127,Visa,debit,2029-03-31,,active,2025-03-17
243,446,424242 ** **** 8619,8619,Visa,debit,2024-08-31,,expired,2020-08-24
244,204,424242 ** **** 5181,5181,Visa,debit,2024-07-31,,expired,2020-07-06
245,343,424242 ** **** 3653,3653,Visa,debit,2026-11-30,,active,2022-11-03
246,863,545454 ** **** 0490,0490,Mastercard,debit,2029-02-28,,active,2025-02-23
247,983,545454 ** **** 8915,8915,Mastercard,debit,2028-09-30,,cancelled,2024-09-18
248,1014,222100 ** **** 7250,7250,Mastercard,credit,2029-05-31,2505.62,active,2025-05-16
249,587,424242 ** **** 7437,7437,Visa,prepaid,2029-04-30,,active,2025-04-17
250,290,424242 ** **** 4552,4552,Visa,credit,2028-09-30,7100.67,active,2024-09-28
251,573,400000 ** **** 3106,3106,Visa,debit,2028-08-31,,active,2024-08-22
252,209,222100 ** **** 0054,0054,Mastercard,debit,2024-02-29,,expired,2020-02-02
253,36,400000 ** **** 0981,0981,Visa,debit,2028-04-30,,active,2024-04-06
254,144,411111 ** **** 5463,5463,Visa,debit,2028-08-31,,active,2024-08-30
255,668,424242 ** **** 8698,8698,Visa,credit,2025-06-30,6609.90,active,2021-06-19
256,744,222100 ** **** 6476,6476,Mastercard,credit,2027-01-31,3750.00,active,2023-01-28
257,955,411111 ** **** 8289,8289,Visa,debit,2024-11-30,,expired,2020-11-03
258,788,411111 ** **** 3310,3310,Visa,debit,2025-08-31,,active,2021-08-15
259,294,222100 ** **** 9852,9852,Mastercard,debit,2028-12-31,,active,2024-12-09
260,205,222100 ** **** 6910,6910,Mastercard,debit,2027-09-30,,cancelled,2023-09-15
261,915,555555 ** **** 9533,9533,Mastercard,debit,2029-05-31,,active,2025-05-09
262,1041,545454 ** **** 3652,3652,Mastercard,debit,2027-05-31,,active,2023-05-01
263,949,424242 ** **** 4019,4019,Visa,credit,2028-07-31,3750.00,blocked,2024-07-05
264,523,400000 ** **** 5571,5571,Visa,debit,2026-02-28,,active,2022-02-01
265,268,424242 ** **** 8701,8701,Visa,prepaid,2028-07-31,,active,2024-07-29
266,148,411111 ** **** 1150,1150,Visa,debit,2028-04-30,,cancelled,2024-04-15
267,777,400000 ** **** 4145,4145,Visa,debit,2028-10-31,,blocked,2024-10-19
268,600,545454 ** **** 5008,5008,Mastercard,debit,2028-11-30,,active,2024-11-13
269,854,424242 ** **** 5339,5339,Visa,debit,2028-04-30,,active,2024-04-07
270,754,411111 ** **** 0598,0598,Visa,debit,2029-04-30,,active,2025-04-25
271,430,555555 ** **** 7601,7601,Mastercard,credit,2029-04-30,2720.65,active,2025-04-12
272,984,222100 ** **** 7452,7452,Mastercard,prepaid,2029-05-31,,active,2025-05-06
273,478,555555 ** **** 4036,4036,Mastercard,credit,2028-10-31,5049.62,active,2024-10-28
274,628,400000 ** **** 6432,6432,Visa,debit,2029-03-31,,active,2025-03-17
275,911,222100 ** **** 7251,7251,Mastercard,debit,2025-09-30,,active,2021-09-21
276,466,545454 ** **** 4124,4124,Mastercard,debit,2029-01-31,,cancelled,2025-01-31
277,481,545454 ** **** 6989,6989,Mastercard,debit,2028-06-30,,active,2024-06-06
278,618,424242 ** **** 7977,7977,Visa,debit,2029-03-31,,active,2025-03-28
279,429,400000 ** **** 9313,9313,Visa,debit,2025-08-31,,cancelled,2021-08-04
280,608,400000 ** **** 5753,5753,Visa,debit,2028-06-30,,active,2024-06-26
281,549,555555 ** **** 5981,5981,Mastercard,credit,2028-06-30,4797.78,active,2024-06-18
282,641,222100 ** **** 0874,0874,Mastercard,debit,2027-07-31,,active,2023-07-08
283,756,222100 ** **** 4513,4513,Mastercard,credit,2024-09-30,6320.58,expired,2020-09-19
284,433,400000 ** **** 7517,7517,Visa,debit,2026-03-31,,active,2022-03-19
285,892,411111 ** **** 1505,1505,Visa,credit,2026-11-30,3750.00,active,2022-11-22
286,482,411111 ** **** 9779,9779,Visa,credit,2024-12-31,3175.42,expired,2020-12-23
287,945,411111 ** **** 9456,9456,Visa,credit,2028-11-30,6696.76,active,2024-11-01
288,70,400000 ** **** 0077,0077,Visa,debit,2028-02-29,,active,2024-02-14
289,265,400000 ** **** 6298,6298,Visa,debit,2024-04-30,,expired,2020-04-23
290,892,411111 ** **** 7162,7162,Visa,credit,2028-05-31,3750.00,active,2024-05-20
291,927,424242 ** **** 5504,5504,Visa,debit,2028-09-30,,active,2024-09-17
292,700,555555 ** **** 7905,7905,Mastercard,debit,2029-03-31,,active,2025-03-30
293,576,411111 ** **** 7093,7093,Visa,debit,2026-03-31,,active,2022-03-30
294,156,400000 ** **** 0648,0648,Visa,debit,2026-11-30,,active,2022-11-17
295,164,424242 ** **** 9868,9868,Visa,credit,2029-01-31,3750.00,active,2025-01-12
296,1079,555555 ** **** 1607,1607,Mastercard,credit,2028-01-31,5026.59,active,2024-01-16
297,1031,222100 ** **** 5975,5975,Mastercard,debit,2028-03-31,,active,2024-03-29
298,236,545454 ** **** 6855,6855,Mastercard,debit,2029-05-31,,active,2025-05-03
299,7,411111 ** **** 5487,5487,Visa,credit,2027-10-31,4736.05,active,2023-10-25
300,654,400000 ** **** 6475,6475,Visa,debit,2029-04-30,,blocked,2025-04-22
301,549,555555 ** **** 8747,8747,Mastercard,credit,2029-05-31,4797.78,active,2025-05-03
302,630,555555 ** **** 4025,4025,Mastercard,credit,2027-04-30,2823.13,active,2023-04-12
303,16,545454 ** **** 6901,6901,Mastercard,debit,2029-03-31,,active,2025-03-26
304,145,411111 ** **** 7037,7037,Visa,debit,2027-10-31,,active,2023-10-12
305,156,411111 ** **** 8917,8917,Visa,credit,2026-12-31,6497.38,active,2022-12-18
306,1056,400000 ** **** 8020,8020,Visa,debit,2027-03-31,,active,2023-03-25
307,389,222100 ** **** 7434,7434,Mastercard,debit,2028-08-31,,active,2024-08-20
308,214,555555 ** **** 1911,1911,Mastercard,credit,2029-04-30,3558.48,active,2025-04-14
309,153,424242 ** **** 5052,5052,Visa,credit,2029-04-30,1580.09,active,2025-04-07
310,960,400000 ** **** 7764,7764,Visa,debit,2027-10-31,,active,2023-10-02
311,940,555555 ** **** 9379,9379,Mastercard,debit,2028-11-30,,active,2024-11-22
312,559,555555 ** **** 7154,7154,Mastercard,credit,2029-01-31,7340.78,active,2025-01-22
313,1074,424242 ** **** 4046,4046,Visa,debit,2028-01-31,,active,2024-01-26
314,644,400000 ** **** 1076,1076,Visa,debit,2025-10-31,,active,2021-10-24
315,301,545454 ** **** 0343,0343,Mastercard,credit,2024-01-31,2468.87,expired,2020-01-05
316,641,222100 ** **** 5202,5202,Mastercard,debit,2028-05-31,,active,2024-05-04
317,422,411111 ** **** 1859,1859,Visa,credit,2025-05-31,4285.75,expired,2021-05-01
318,964,555555 ** **** 9997,9997,Mastercard,credit,2029-04-30,3750.00,active,2025-04-02
319,1093,222100 ** **** 1204,1204,Mastercard,debit,2024-07-31,,expired,2020-07-22
320,1039,555555 ** **** 0112,0112,Mastercard,debit,2025-06-30,,active,2021-06-07
321,286,424242 ** **** 1743,1743,Visa,credit,2026-02-28,5841.47,active,2022-02-28
322,694,411111 ** **** 5732,5732,Visa,debit,2027-03-31,,active,2023-03-20
323,489,424242 ** **** 4688,4688,Visa,credit,2029-01-31,12042.55,active,2025-01-04
324,16,545454 ** **** 0677,0677,Mastercard,debit,2026-12-31,,blocked,2022-12-21
325,450,424242 ** **** 5978,5978,Visa,debit,2028-11-30,,active,2024-11-17
326,402,222100 ** **** 5053,5053,Mastercard,debit,2024-03-31,,expired,2020-03-30
327,147,222100 ** **** 7034,7034,Mastercard,debit,2029-02-28,,active,2025-02-19
328,541,555555 ** **** 8984,8984,Mastercard,debit,2027-11-30,,active,2023-11-16
329,553,400000 ** **** 7965,7965,Visa,credit,2027-10-31,1943.94,active,2023-10-05
330,144,424242 ** **** 2462,2462,Visa,credit,2027-05-31,3793.50,active,2023-05-15
331,712,424242 ** **** 9254,9254,Visa,debit,2028-11-30,,active,2024-11-09
332,171,411111 ** **** 7844,7844,Visa,debit,2027-12-31,,active,2023-12-26
333,658,545454 ** **** 6037,6037,Mastercard,prepaid,2029-01-31,,active,2025-01-02
334,353,424242 ** **** 5121,5121,Visa,debit,2025-08-31,,active,2021-08-09
335,958,545454 ** **** 8330,8330,Mastercard,debit,2029-03-31,,active,2025-03-20
336,882,555555 ** **** 7795,7795,Mastercard,debit,2028-10-31,,active,2024-10-13
337,181,545454 ** **** 3933,3933,Mastercard,debit,2028-11-30,,active,2024-11-13
338,1055,424242 ** **** 0185,0185,Visa,debit,2024-04-30,,expired,2020-04-07
339,141,555555 ** **** 4056,4056,Mastercard,debit,2028-09-30,,active,2024-09-22
340,771,222100 ** **** 8184,8184,Mastercard,debit,2028-10-31,,cancelled,2024-10-06
341,602,400000 ** **** 7598,7598,Visa,credit,2029-03-31,2624.65,active,2025-03-31
342,504,424242 ** **** 2861,2861,Visa,credit,2026-09-30,4281.36,active,2022-09-20
343,41,411111 ** **** 9797,9797,Visa,debit,2029-04-30,,active,2025-04-09
344,604,400000 ** **** 9438,9438,Visa,debit,2029-03-31,,active,2025-03-24
345,699,555555 ** **** 6562,6562,Mastercard,credit,2026-05-31,5906.93,active,2022-05-04
346,202,400000 ** **** 5634,5634,Visa,credit,2029-03-31,7468.49,active,2025-03-25
347,73,411111 ** **** 6523,6523,Visa,credit,2025-06-30,2407.02,active,2021-06-21
348,547,424242 ** **** 2024,2024,Visa,debit,2028-09-30,,active,2024-09-28
349,497,222100 ** **** 8200,8200,Mastercard,debit,2029-01-31,,active,2025-01-24
350,940,424242 ** **** 0016,0016,Visa,debit,2029-04-30,,active,2025-04-25
351,701,424242 ** **** 1832,1832,Visa,credit,2024-01-31,3750.00,expired,2020-01-27
352,786,555555 ** **** 3226,3226,Mastercard,debit,2029-05-31,,active,2025-05-28
353,7,545454 ** **** 9076,9076,Mastercard,debit,2026-05-31,,active,2022-05-05
354,143,222100 ** **** 3087,3087,Mastercard,debit,2024-07-31,,expired,2020-07-21
355,806,424242 ** **** 8286,8286,Visa,credit,2027-08-31,7847.60,cancelled,2023-08-30
356,988,424242 ** **** 7267,7267,Visa,credit,2029-05-31,3750.00,active,2025-05-04
357,149,555555 ** **** 0512,0512,Mastercard,credit,2027-09-30,2527.83,active,2023-09-15
358,611,555555 ** **** 7443,7443,Mastercard,debit,2025-11-30,,active,2021-11-12
359,1073,222100 ** **** 2065,2065,Mastercard,debit,2026-08-31,,active,2022-08-28
360,586,545454 ** **** 7691,7691,Mastercard,debit,2029-02-28,,active,2025-02-14
361,304,400000 ** **** 3737,3737,Visa,credit,2029-03-31,4675.96,active,2025-03-08
362,1080,411111 ** **** 7603,7603,Visa,credit,2029-03-31,1892.30,active,2025-03-24
363,163,400000 ** **** 1142,1142,Visa,debit,2029-03-31,,active,2025-03-10
364,641,222100 ** **** 1858,1858,Mastercard,debit,2025-06-30,,active,2021-06-25
365,111,555555 ** **** 8199,8199,Mastercard,debit,2028-09-30,,blocked,2024-09-05
366,787,545454 ** **** 3108,3108,Mastercard,credit,2027-12-31,9162.98,active,2023-12-01
367,231,400000 ** **** 6605,6605,Visa,debit,2028-03-31,,active,2024-03-14
368,555,411111 ** **** 3737,3737,Visa,debit,2027-04-30,,active,2023-04-11
369,647,400000 ** **** 0589,0589,Visa,credit,2028-11-30,2129.53,blocked,2024-11-05
370,815,424242 ** **** 8341,8341,Visa,debit,2027-12-31,,active,2023-12-06
371,639,411111 ** **** 9574,9574,Visa,credit,2029-02-28,6270.64,active,2025-02-28
372,167,411111 ** **** 0768,0768,Visa,credit,2028-09-30,3750.00,active,2024-09-21
373,204,371449 ** **** 2554,2554,American Express,debit,2024-05-31,,expired,2020-05-17
374,454,400000 ** **** 8511,8511,Visa,debit,2028-01-31,,active,2024-01-31
375,216,555555 ** **** 7251,7251,Mastercard,credit,2029-03-31,5259.09,active,2025-03-16
376,492,545454 ** **** 4866,4866,Mastercard,credit,2028-08-31,5970.42,active,2024-08-07
377,179,555555 ** **** 3248,3248,Mastercard,credit,2029-03-31,3750.00,active,2025-03-30
378,238,400000 ** **** 7088,7088,Visa,debit,2028-09-30,,active,2024-09-04
379,712,400000 ** **** 1991,1991,Visa,debit,2028-02-29,,active,2024-02-18
380,441,545454 ** **** 2345,2345,Mastercard,debit,2026-07-31,,active,2022-07-05
381,111,400000 ** **** 2504,2504,Visa,debit,2025-11-30,,active,2021-11-09
382,1033,555555 ** **** 3465,3465,Mastercard,debit,2028-12-31,,blocked,2024-12-31
383,149,411111 ** **** 8239,8239,Visa,debit,2025-09-30,,active,2021-09-11
384,200,545454 ** **** 7093,7093,Mastercard,debit,2026-05-31,,active,2022-05-05
385,899,555555 ** **** 5268,5268,Mastercard,credit,2024-09-30,3403.74,expired,2020-09-23
386,653,555555 ** **** 6621,6621,Mastercard,credit,2027-02-28,2378.21,active,2023-02-19
387,696,555555 ** **** 8289,8289,Mastercard,debit,2026-03-31,,active,2022-03-15
388,366,222100 ** **** 7048,7048,Mastercard,debit,2028-11-30,,active,2024-11-15
389,171,222100 ** **** 4787,4787,Mastercard,credit,2028-04-30,7084.12,blocked,2024-04-11
390,236,424242 ** **** 3417,3417,Visa,debit,2029-03-31,,active,2025-03-12
391,881,555555 ** **** 7739,7739,Mastercard,debit,2028-05-31,,active,2024-05-19
392,862,555555 ** **** 7175,7175,Mastercard,debit,2027-11-30,,active,2023-11-11
393,789,400000 ** **** 8928,8928,Visa,debit,2027-09-30,,active,2023-09-13
394,719,424242 ** **** 1047,1047,Visa,credit,2028-10-31,2922.83,active,2024-10-13
395,959,555555 ** **** 8459,8459,Mastercard,credit,2029-03-31,3942.76,active,2025-03-23
396,387,400000 ** **** 1499,1499,Visa,prepaid,2027-11-30,,active,2023-11-16
397,122,222100 ** **** 6597,6597,Mastercard,credit,2028-10-31,1387.00,active,2024-10-28
398,934,400000 ** **** 2315,2315,Visa,debit,2028-01-31,,active,2024-01-05
399,792,411111 ** **** 5585,5585,Visa,debit,2025-03-31,,expired,2021-03-25
400,731,545454 ** **** 5398,5398,Mastercard,credit,2027-06-30,3006.99,active,2023-06-26
401,361,400000 ** **** 4136,4136,Visa,credit,2028-07-31,3750.00,active,2024-07-10
402,713,411111 ** **** 3847,3847,Visa,debit,2025-03-31,,expired,2021-03-01
403,1045,411111 ** **** 9951,9951,Visa,credit,2024-06-30,7781.59,expired,2020-06-01
404,360,411111 ** **** 3767,3767,Visa,debit,2029-03-31,,active,2025-03-17
405,324,555555 ** **** 9087,9087,Mastercard,debit,2029-01-31,,active,2025-01-19
406,70,424242 ** **** 7886,7886,Visa,debit,2027-12-31,,active,2023-12-03
407,539,555555 ** **** 1760,1760,Mastercard,credit,2027-07-31,15631.33,active,2023-07-15
408,640,222100 ** **** 3452,3452,Mastercard,debit,2028-09-30,,cancelled,2024-09-21
409,305,400000 ** **** 4990,4990,Visa,debit,2026-07-31,,active,2022-07-30
410,940,545454 ** **** 1316,1316,Mastercard,credit,2028-09-30,6558.11,active,2024-09-14
411,771,411111 ** **** 2875,2875,Visa,credit,2029-02-28,3750.00,active,2025-02-25
412,264,545454 ** **** 3441,3441,Mastercard,credit,2028-09-30,1582.85,active,2024-09-07
413,962,555555 ** **** 7244,7244,Mastercard,debit,2027-01-31,,active,2023-01-14
414,713,400000 ** **** 4638,4638,Visa,credit,2027-04-30,6696.76,active,2023-04-23
415,512,424242 ** **** 6499,6499,Visa,prepaid,2027-10-31,,active,2023-10-17
416,332,222100 ** **** 4621,4621,Mastercard,debit,2026-03-31,,active,2022-03-28
417,574,400000 ** **** 7246,7246,Visa,debit,2024-08-31,,expired,2020-08-05
418,436,555555 ** **** 7709,7709,Mastercard,credit,2028-07-31,7519.54,active,2024-07-30
419,592,400000 ** **** 1625,1625,Visa,debit,2028-09-30,,active,2024-09-20
420,689,400000 ** **** 9677,9677,Visa,debit,2029-05-31,,active,2025-05-14
421,605,555555 ** **** 4667,4667,Mastercard,debit,2029-05-31,,active,2025-05-12
422,8,555555 ** **** 7743,7743,Mastercard,debit,2028-06-30,,blocked,2024-06-07
423,110,424242 ** **** 3979,3979,Visa,debit,2027-10-31,,active,2023-10-31
424,4,400000 ** **** 0613,0613,Visa,debit,2028-06-30,,active,2024-06-30
425,1078,400000 ** **** 1751,1751,Visa,prepaid,2028-06-30,,blocked,2024-06-12
426,12,222100 ** **** 5968,5968,Mastercard,credit,2025-04-30,3041.05,expired,2021-04-01
427,349,545454 ** **** 6453,6453,Mastercard,prepaid,2029-02-28,,active,2025-02-08
428,412,222100 ** **** 6724,6724,Mastercard,debit,2026-01-31,,active,2022-01-25
429,1046,222100 ** **** 6181,6181,Mastercard,credit,2028-01-31,1952.99,active,2024-01-11
430,503,222100 ** **** 3531,3531,Mastercard,debit,2027-12-31,,active,2023-12-14
431,993,545454 ** **** 4941,4941,Mastercard,debit,2028-08-31,,active,2024-08-11
432,779,411111 ** **** 2772,2772,Visa,debit,2028-08-31,,active,2024-08-03
433,1058,400000 ** **** 6775,6775,Visa,debit,2029-05-31,,active,2025-05-10
434,838,555555 ** **** 8863,8863,Mastercard,prepaid,2028-02-29,,active,2024-02-01
435,288,424242 ** **** 2330,2330,Visa,debit,2026-07-31,,active,2022-07-03
436,1,222100 ** **** 4159,4159,Mastercard,debit,2026-09-30,,active,2022-09-05
437,1001,555555 ** **** 4217,4217,Mastercard,credit,2027-07-31,2758.69,active,2023-07-13
438,638,411111 ** **** 9038,9038,Visa,credit,2029-05-31,2922.83,active,2025-05-12
439,636,411111 ** **** 5854,5854,Visa,debit,2028-10-31,,active,2024-10-25
440,226,400000 ** **** 5998,5998,Visa,credit,2026-09-30,5908.58,active,2022-09-08
441,469,545454 ** **** 0019,0019,Mastercard,debit,2028-07-31,,blocked,2024-07-23
442,972,545454 ** **** 2807,2807,Mastercard,debit,2025-04-30,,expired,2021-04-13
443,853,411111 ** **** 4766,4766,Visa,credit,2029-01-31,1350.00,active,2025-01-10
444,756,424242 ** **** 3353,3353,Visa,debit,2028-02-29,,cancelled,2024-02-25
445,646,424242 ** **** 1526,1526,Visa,credit,2028-02-29,3750.00,active,2024-02-25
446,516,411111 ** **** 8296,8296,Visa,credit,2024-03-31,3854.76,expired,2020-03-18
447,643,411111 ** **** 9182,9182,Visa,debit,2026-10-31,,blocked,2022-10-09
448,320,424242 ** **** 6052,6052,Visa,debit,2029-05-31,,active,2025-05-19
449,864,222100 ** **** 5909,5909,Mastercard,debit,2028-03-31,,blocked,2024-03-05
450,489,555555 ** **** 8439,8439,Mastercard,debit,2028-10-31,,active,2024-10-16
451,749,424242 ** **** 2053,2053,Visa,credit,2029-05-31,4689.22,active,2025-05-27
452,526,400000 ** **** 7060,7060,Visa,debit,2027-10-31,,active,2023-10-10
453,817,411111 ** **** 0686,0686,Visa,credit,2025-04-30,3053.04,expired,2021-04-10
454,587,222100 ** **** 4437,4437,Mastercard,debit,2029-03-31,,active,2025-03-19
455,54,411111 ** **** 2693,2693,Visa,debit,2027-06-30,,active,2023-06-18
456,266,400000 ** **** 8138,8138,Visa,credit,2028-06-30,1528.88,active,2024-06-05
457,484,545454 ** **** 6070,6070,Mastercard,credit,2029-03-31,3797.21,active,2025-03-12
458,800,400000 ** **** 6007,6007,Visa,credit,2029-04-30,3750.00,active,2025-04-17
459,730,424242 ** **** 6874,6874,Visa,prepaid,2027-11-30,,active,2023-11-23
460,86,424242 ** **** 4543,4543,Visa,credit,2028-07-31,3750.00,active,2024-07-25
461,572,545454 ** **** 6880,6880,Mastercard,debit,2028-07-31,,active,2024-07-15
462,597,411111 ** **** 8765,8765,Visa,debit,2029-03-31,,active,2025-03-08
463,701,400000 ** **** 9958,9958,Visa,debit,2025-05-31,,expired,2021-05-23
464,355,555555 ** **** 9223,9223,Mastercard,debit,2027-04-30,,blocked,2023-04-30
465,772,545454 ** **** 7270,7270,Mastercard,debit,2029-04-30,,active,2025-04-16
466,677,424242 ** **** 0921,0921,Visa,debit,2027-02-28,,active,2023-02-27
467,265,545454 ** **** 1234,1234,Mastercard,debit,2024-04-30,,expired,2020-04-28
468,602,400000 ** **** 8094,8094,Visa,debit,2029-01-31,,active,2025-01-14
469,159,400000 ** **** 1026,1026,Visa,debit,2025-01-31,,expired,2021-01-21
470,825,424242 ** **** 1384,1384,Visa,debit,2027-06-30,,active,2023-06-20
471,729,555555 ** **** 0793,0793,Mastercard,debit,2027-01-31,,active,2023-01-13
472,482,545454 ** **** 0986,0986,Mastercard,credit,2026-09-30,3175.42,active,2022-09-01
473,810,400000 ** **** 9449,9449,Visa,credit,2024-02-29,4484.67,expired,2020-02-21
474,328,424242 ** **** 1840,1840,Visa,debit,2027-10-31,,active,2023-10-03
475,897,545454 ** **** 7113,7113,Mastercard,debit,2028-08-31,,active,2024-08-23
476,632,411111 ** **** 7956,7956,Visa,debit,2028-08-31,,active,2024-08-16
477,875,555555 ** **** 3750,3750,Mastercard,credit,2028-11-30,3750.00,active,2024-11-24
478,891,411111 ** **** 4306,4306,Visa,debit,2025-09-30,,active,2021-09-04
479,496,411111 ** **** 0054,0054,Visa,credit,2029-02-28,3153.65,active,2025-02-12
480,316,400000 ** **** 1238,1238,Visa,credit,2028-11-30,3301.97,active,2024-11-20
481,397,400000 ** **** 5313,5313,Visa,debit,2025-10-31,,active,2021-10-15
482,1099,411111 ** **** 8996,8996,Visa,credit,2025-11-30,4495.72,active,2021-11-02
483,832,545454 ** **** 5724,5724,Mastercard,debit,2028-09-30,,active,2024-09-12
484,161,400000 ** **** 7440,7440,Visa,credit,2029-03-31,3750.00,active,2025-03-05
485,286,555555 ** **** 7435,7435,Mastercard,credit,2026-12-31,5841.47,active,2022-12-26
486,132,400000 ** **** 5155,5155,Visa,debit,2027-11-30,,cancelled,2023-11-08
487,798,222100 ** **** 2780,2780,Mastercard,credit,2029-05-31,3750.00,active,2025-05-14
488,646,555555 ** **** 3958,3958,Mastercard,debit,2028-04-30,,active,2024-04-17
489,951,400000 ** **** 2216,2216,Visa,debit,2029-01-31,,blocked,2025-01-01
490,364,555555 ** **** 9245,9245,Mastercard,debit,2029-02-28,,active,2025-02-23
491,589,400000 ** **** 9207,9207,Visa,credit,2029-01-31,5645.78,active,2025-01-24
492,872,400000 ** **** 7616,7616,Visa,debit,2028-06-30,,active,2024-06-07
493,1020,400000 ** **** 6846,6846,Visa,debit,2025-07-31,,active,2021-07-23
494,338,424242 ** **** 1487,1487,Visa,debit,2025-07-31,,blocked,2021-07-07
495,670,545454 ** **** 5569,5569,Mastercard,debit,2027-07-31,,active,2023-07-10
496,714,411111 ** **** 2379,2379,Visa,credit,2025-11-30,3750.00,active,2021-11-23
497,1056,411111 ** **** 5306,5306,Visa,credit,2026-11-30,4152.18,active,2022-11-27
498,427,555555 ** **** 5919,5919,Mastercard,debit,2028-11-30,,active,2024-11-04
499,940,400000 ** **** 9547,9547,Visa,credit,2028-06-30,6558.11,active,2024-06-14
500,917,222100 ** **** 5514,5514,Mastercard,credit,2026-11-30,5683.67,active,2022-11-09
501,532,424242 ** **** 1706,1706,Visa,debit,2027-09-30,,active,2023-09-19
502,870,545454 ** **** 8862,8862,Mastercard,debit,2027-04-30,,active,2023-04-25
503,5,222100 ** **** 7314,7314,Mastercard,debit,2026-03-31,,cancelled,2022-03-27
504,338,555555 ** **** 2009,2009,Mastercard,debit,2027-09-30,,active,2023-09-06
505,680,222100 ** **** 1119,1119,Mastercard,debit,2024-03-31,,expired,2020-03-28
506,578,400000 ** **** 5175,5175,Visa,debit,2029-04-30,,active,2025-04-05
507,138,424242 ** **** 8506,8506,Visa,debit,2027-09-30,,cancelled,2023-09-14
508,764,555555 ** **** 9397,9397,Mastercard,credit,2029-04-30,3750.00,active,2025-04-19
509,762,411111 ** **** 2102,2102,Visa,debit,2025-06-30,,active,2021-06-11
510,829,424242 ** **** 3657,3657,Visa,credit,2025-05-31,1350.00,expired,2021-05-09
511,322,545454 ** **** 1161,1161,Mastercard,debit,2029-04-30,,active,2025-04-12
512,105,424242 ** **** 7614,7614,Visa,credit,2024-11-30,2466.87,expired,2020-11-05
513,841,222100 ** **** 1889,1889,Mastercard,debit,2024-10-31,,expired,2020-10-24
514,296,411111 ** **** 8317,8317,Visa,debit,2029-02-28,,active,2025-02-13
515,1026,400000 ** **** 1000,1000,Visa,debit,2028-12-31,,active,2024-12-04
516,332,411111 ** **** 2724,2724,Visa,credit,2028-01-31,8436.42,blocked,2024-01-22
517,131,400000 ** **** 9198,9198,Visa,credit,2027-04-30,6057.67,blocked,2023-04-02
518,11,545454 ** **** 6975,6975,Mastercard,debit,2028-07-31,,blocked,2024-07-07
519,100,424242 ** **** 4280,4280,Visa,debit,2025-11-30,,active,2021-11-22
520,791,424242 ** **** 6630,6630,Visa,credit,2025-10-31,6929.19,active,2021-10-01
521,885,424242 ** **** 3440,3440,Visa,debit,2026-05-31,,active,2022-05-28
522,802,555555 ** **** 3475,3475,Mastercard,debit,2025-09-30,,active,2021-09-06
523,121,400000 ** **** 0511,0511,Visa,debit,2029-02-28,,active,2025-02-09
524,1099,411111 ** **** 9591,9591,Visa,debit,2026-11-30,,active,2022-11-27
525,775,555555 ** **** 4221,4221,Mastercard,credit,2028-06-30,5621.17,active,2024-06-07
526,1074,400000 ** **** 0532,0532,Visa,credit,2024-02-29,3750.00,expired,2020-02-24
527,151,411111 ** **** 5484,5484,Visa,credit,2029-04-30,4603.62,active,2025-04-09
528,227,400000 ** **** 3912,3912,Visa,debit,2026-07-31,,active,2022-07-18
529,174,400000 ** **** 5048,5048,Visa,credit,2028-06-30,3750.00,active,2024-06-24
530,953,371449 ** **** 2254,2254,American Express,prepaid,2024-08-31,,expired,2020-08-07
531,575,545454 ** **** 3940,3940,Mastercard,debit,2027-11-30,,active,2023-11-16
532,835,400000 ** **** 5808,5808,Visa,debit,2028-04-30,,active,2024-04-09
533,964,545454 ** **** 9342,9342,Mastercard,credit,2027-08-31,3750.00,active,2023-08-09
534,525,411111 ** **** 5174,5174,Visa,debit,2029-01-31,,active,2025-01-22
535,330,424242 ** **** 2898,2898,Visa,debit,2028-07-31,,active,2024-07-01
536,684,424242 ** **** 9395,9395,Visa,debit,2027-10-31,,active,2023-10-07
537,656,555555 ** **** 9232,9232,Mastercard,debit,2026-11-30,,active,2022-11-07
538,768,424242 ** **** 2859,2859,Visa,credit,2029-02-28,4797.78,active,2025-02-27
539,74,424242 ** **** 7026,7026,Visa,credit,2025-12-31,2407.02,active,2021-12-09
540,66,411111 ** **** 8970,8970,Visa,credit,2025-10-31,2466.87,active,2021-10-02
541,203,555555 ** **** 9315,9315,Mastercard,debit,2027-03-31,,blocked,2023-03-28
542,672,424242 ** **** 4735,4735,Visa,credit,2028-08-31,3155.54,active,2024-08-07
543,803,424242 ** **** 5409,5409,Visa,debit,2026-07-31,,active,2022-07-24
544,358,411111 ** **** 7434,7434,Visa,prepaid,2028-11-30,,active,2024-11-23
545,1028,400000 ** **** 3581,3581,Visa,debit,2028-08-31,,active,2024-08-06
546,805,424242 ** **** 1248,1248,Visa,debit,2028-06-30,,active,2024-06-02
547,866,222100 ** **** 3834,3834,Mastercard,credit,2028-11-30,6743.22,active,2024-11-20
548,28,411111 ** **** 5814,5814,Visa,debit,2028-10-31,,active,2024-10-03
549,458,400000 ** **** 5801,5801,Visa,credit,2024-03-31,3016.03,expired,2020-03-04
550,22,222100 ** **** 0120,0120,Mastercard,credit,2029-04-30,5906.93,active,2025-04-17
551,929,555555 ** **** 6373,6373,Mastercard,debit,2028-12-31,,active,2024-12-02
552,680,545454 ** **** 7916,7916,Mastercard,debit,2028-07-31,,active,2024-07-10
553,528,400000 ** **** 9129,9129,Visa,credit,2027-06-30,5039.91,active,2023-06-08
554,794,424242 ** **** 0024,0024,Visa,debit,2027-05-31,,active,2023-05-19
555,453,545454 ** **** 6033,6033,Mastercard,credit,2025-11-30,5107.27,active,2021-11-16
556,994,555555 ** **** 4659,4659,Mastercard,debit,2026-10-31,,active,2022-10-21
557,1071,411111 ** **** 5192,5192,Visa,credit,2024-08-31,1940.49,expired,2020-08-10
558,963,400000 ** **** 0223,0223,Visa,credit,2024-03-31,1995.45,expired,2020-03-14
559,698,222100 ** **** 1643,1643,Mastercard,credit,2026-11-30,5999.28,active,2022-11-14
560,623,411111 ** **** 3735,3735,Visa,debit,2027-12-31,,active,2023-12-02
561,195,555555 ** **** 2460,2460,Mastercard,debit,2026-10-31,,active,2022-10-01
562,738,424242 ** **** 0484,0484,Visa,credit,2025-05-31,3245.60,expired,2021-05-21
563,1038,555555 ** **** 7292,7292,Mastercard,credit,2026-05-31,3550.95,active,2022-05-30
564,115,400000 ** **** 0291,0291,Visa,credit,2026-12-31,2720.65,active,2022-12-04
565,264,400000 ** **** 7397,7397,Visa,credit,2029-05-31,1582.85,active,2025-05-21
566,960,545454 ** **** 0917,0917,Mastercard,debit,2028-10-31,,blocked,2024-10-23
567,740,411111 ** **** 8178,8178,Visa,debit,2028-07-31,,active,2024-07-29
568,813,411111 ** **** 5182,5182,Visa,prepaid,2026-04-30,,active,2022-04-04
569,8,424242 ** **** 7310,7310,Visa,credit,2029-01-31,3940.43,active,2025-01-30
570,454,400000 ** **** 6707,6707,Visa,debit,2028-06-30,,active,2024-06-01
571,508,400000 ** **** 8426,8426,Visa,credit,2028-04-30,2961.06,active,2024-04-01
572,305,545454 ** **** 8824,8824,Mastercard,debit,2028-09-30,,active,2024-09-16
573,448,222100 ** **** 8221,8221,Mastercard,prepaid,2028-12-31,,active,2024-12-05
574,605,411111 ** **** 8663,8663,Visa,debit,2028-02-29,,active,2024-02-24
575,895,400000 ** **** 6385,6385,Visa,debit,2024-07-31,,expired,2020-07-18
576,1044,424242 ** **** 0422,0422,Visa,credit,2029-02-28,4484.67,active,2025-02-23
577,414,555555 ** **** 5082,5082,Mastercard,credit,2028-04-30,3750.00,active,2024-04-05
578,613,545454 ** **** 2155,2155,Mastercard,debit,2027-08-31,,active,2023-08-17
579,983,424242 ** **** 3003,3003,Visa,debit,2028-10-31,,active,2024-10-28
580,832,424242 ** **** 0127,0127,Visa,credit,2028-11-30,2072.60,active,2024-11-22
581,896,411111 ** **** 1641,1641,Visa,debit,2025-05-31,,expired,2021-05-11
582,494,411111 ** **** 6899,6899,Visa,debit,2027-01-31,,active,2023-01-05
583,1067,222100 ** **** 6852,6852,Mastercard,credit,2026-01-31,3547.05,active,2022-01-18
584,18,424242 ** **** 8485,8485,Visa,debit,2026-08-31,,active,2022-08-25
585,152,545454 ** **** 8350,8350,Mastercard,debit,2026-01-31,,active,2022-01-20
586,413,555555 ** **** 1441,1441,Mastercard,debit,2028-03-31,,active,2024-03-02
587,916,424242 ** **** 0640,0640,Visa,debit,2027-12-31,,active,2023-12-07
588,1000,555555 ** **** 2864,2864,Mastercard,debit,2024-11-30,,expired,2020-11-17
589,504,400000 ** **** 4665,4665,Visa,prepaid,2026-11-30,,blocked,2022-11-08
590,761,222100 ** **** 5443,5443,Mastercard,debit,2026-01-31,,active,2022-01-24
591,475,400000 ** **** 1667,1667,Visa,credit,2029-01-31,5049.62,active,2025-01-17
592,379,400000 ** **** 2054,2054,Visa,debit,2028-04-30,,active,2024-04-22
593,376,555555 ** **** 2464,2464,Mastercard,credit,2028-09-30,3241.05,active,2024-09-25
594,84,555555 ** **** 6269,6269,Mastercard,debit,2027-01-31,,active,2023-01-11
595,620,222100 ** **** 8991,8991,Mastercard,credit,2027-04-30,3758.52,active,2023-04-13
596,476,545454 ** **** 4050,4050,Mastercard,prepaid,2029-02-28,,active,2025-02-28
597,967,555555 ** **** 6465,6465,Mastercard,prepaid,2029-03-31,,active,2025-03-10
598,900,545454 ** **** 7004,7004,Mastercard,credit,2029-03-31,2487.26,active,2025-03-09
599,115,411111 ** **** 2579,2579,Visa,credit,2028-07-31,2720.65,active,2024-07-09
600,715,371449 ** **** 7396,7396,American Express,debit,2026-04-30,,active,2022-04-04
601,64,378282 ** **** 2882,2882,American Express,debit,2028-10-31,,active,2024-10-06
602,961,400000 ** **** 1535,1535,Visa,debit,2028-12-31,,active,2024-12-06
603,264,545454 ** **** 8581,8581,Mastercard,credit,2028-07-31,1582.85,active,2024-07-08
604,70,545454 ** **** 0150,0150,Mastercard,credit,2026-05-31,3642.43,active,2022-05-30
605,441,424242 ** **** 7553,7553,Visa,debit,2027-08-31,,active,2023-08-13
606,845,411111 ** **** 1851,1851,Visa,debit,2026-01-31,,active,2022-01-21
607,81,424242 ** **** 9163,9163,Visa,debit,2029-03-31,,active,2025-03-05
608,1024,555555 ** **** 8600,8600,Mastercard,debit,2028-04-30,,blocked,2024-04-11
609,1085,371449 ** **** 0710,0710,American Express,debit,2029-04-30,,active,2025-04-11
610,870,411111 ** **** 8001,8001,Visa,prepaid,2027-11-30,,active,2023-11-07
611,352,400000 ** **** 5967,5967,Visa,credit,2028-01-31,2871.27,active,2024-01-27
612,704,222100 ** **** 7704,7704,Mastercard,credit,2028-11-30,7084.12,cancelled,2024-11-16
613,54,411111 ** **** 3936,3936,Visa,debit,2025-10-31,,blocked,2021-10-09
614,476,400000 ** **** 5445,5445,Visa,debit,2028-01-31,,active,2024-01-19
615,604,400000 ** **** 0897,0897,Visa,credit,2029-05-31,2378.21,active,2025-05-08
616,627,378282 ** **** 4920,4920,American Express,debit,2029-04-30,,active,2025-04-10
617,558,424242 ** **** 3130,3130,Visa,credit,2024-03-31,3750.00,expired,2020-03-12
618,1006,400000 ** **** 1634,1634,Visa,debit,2027-09-30,,active,2023-09-13
619,1089,555555 ** **** 6655,6655,Mastercard,debit,2027-06-30,,active,2023-06-14
620,71,222100 ** **** 2872,2872,Mastercard,debit,2029-02-28,,active,2025-02-03
621,953,222100 ** **** 0770,0770,Mastercard,debit,2027-03-31,,active,2023-03-24
622,519,222100 ** **** 1418,1418,Mastercard,debit,2029-02-28,,active,2025-02-21
623,1062,424242 ** **** 9288,9288,Visa,debit,2027-02-28,,active,2023-02-08
624,841,222100 ** **** 4221,4221,Mastercard,credit,2026-07-31,3225.52,active,2022-07-27
625,327,411111 ** **** 9008,9008,Visa,debit,2028-08-31,,active,2024-08-07
626,1,545454 ** **** 4496,4496,Mastercard,credit,2026-11-30,3864.87,active,2022-11-29
627,144,555555 ** **** 2961,2961,Mastercard,credit,2027-09-30,3793.50,active,2023-09-08
628,447,545454 ** **** 5104,5104,Mastercard,debit,2027-11-30,,cancelled,2023-11-26
629,558,411111 ** **** 0378,0378,Visa,credit,2026-05-31,3750.00,active,2022-05-09
630,443,378282 ** **** 5025,5025,American Express,debit,2024-10-31,,expired,2020-10-17
631,727,411111 ** **** 7984,7984,Visa,debit,2028-11-30,,active,2024-11-02
632,870,222100 ** **** 6318,6318,Mastercard,credit,2025-12-31,3146.34,active,2021-12-30
633,352,411111 ** **** 1687,1687,Visa,debit,2028-08-31,,active,2024-08-29
634,8,400000 ** **** 3579,3579,Visa,debit,2029-03-31,,active,2025-03-29
635,20,555555 ** **** 1380,1380,Mastercard,debit,2029-04-30,,active,2025-04-12
636,7,400000 ** **** 4708,4708,Visa,credit,2028-12-31,4736.05,active,2024-12-16
637,393,545454 ** **** 0975,0975,Mastercard,credit,2024-11-30,7606.86,expired,2020-11-20
638,55,555555 ** **** 5356,5356,Mastercard,credit,2026-04-30,3750.00,active,2022-04-20
639,370,424242 ** **** 6989,6989,Visa,debit,2029-05-31,,blocked,2025-05-07
640,822,222100 ** **** 0667,0667,Mastercard,debit,2024-08-31,,expired,2020-08-16
641,566,411111 ** **** 5657,5657,Visa,debit,2029-01-31,,blocked,2025-01-13
642,679,222100 ** **** 5863,5863,Mastercard,credit,2029-05-31,3515.46,active,2025-05-26
643,689,424242 ** **** 9275,9275,Visa,debit,2029-03-31,,active,2025-03-30
644,68,222100 ** **** 8859,8859,Mastercard,debit,2027-08-31,,active,2023-08-31
645,1020,545454 ** **** 1145,1145,Mastercard,debit,2029-04-30,,active,2025-04-03
646,1043,378282 ** **** 0155,0155,American Express,prepaid,2029-05-31,,cancelled,2025-05-07
647,279,400000 ** **** 2938,2938,Visa,debit,2028-08-31,,active,2024-08-26
648,605,424242 ** **** 4225,4225,Visa,credit,2028-03-31,8484.88,active,2024-03-01
649,777,222100 ** **** 5204,5204,Mastercard,debit,2027-02-28,,active,2023-02-07
650,507,555555 ** **** 7057,7057,Mastercard,debit,2028-12-31,,active,2024-12-10
651,172,545454 ** **** 0520,0520,Mastercard,debit,2027-10-31,,cancelled,2023-10-19
652,739,424242 ** **** 6613,6613,Visa,debit,2028-03-31,,active,2024-03-22
653,381,424242 ** **** 0650,0650,Visa,credit,2029-03-31,4147.89,active,2025-03-13
654,658,424242 ** **** 5176,5176,Visa,credit,2028-07-31,3758.52,blocked,2024-07-07
655,319,400000 ** **** 7241,7241,Visa,debit,2028-12-31,,active,2024-12-26
656,371,545454 ** **** 6927,6927,Mastercard,debit,2028-09-30,,active,2024-09-14
657,1043,424242 ** **** 5097,5097,Visa,credit,2029-03-31,3581.76,active,2025-03-31
658,275,411111 ** **** 5040,5040,Visa,debit,2026-07-31,,active,2022-07-11
659,524,411111 ** **** 6932,6932,Visa,credit,2027-08-31,3750.00,active,2023-08-16
660,91,424242 ** **** 9208,9208,Visa,debit,2027-07-31,,cancelled,2023-07-06
661,1032,424242 ** **** 2010,2010,Visa,debit,2025-02-28,,expired,2021-02-21
662,456,378282 ** **** 8016,8016,American Express,debit,2028-04-30,,active,2024-04-26
663,126,411111 ** **** 2935,2935,Visa,debit,2029-03-31,,active,2025-03-15
664,949,545454 ** **** 0336,0336,Mastercard,debit,2027-04-30,,active,2023-04-08
665,900,545454 ** **** 1245,1245,Mastercard,debit,2029-03-31,,active,2025-03-17
666,44,400000 ** **** 8226,8226,Visa,debit,2025-07-31,,active,2021-07-02
667,442,424242 ** **** 3750,3750,Visa,credit,2029-02-28,3130.95,active,2025-02-19
668,797,545454 ** **** 7661,7661,Mastercard,credit,2027-08-31,3750.00,active,2023-08-10
669,1099,424242 ** **** 0155,0155,Visa,debit,2027-04-30,,blocked,2023-04-29
670,268,400000 ** **** 6441,6441,Visa,credit,2027-07-31,3542.49,active,2023-07-10
671,1075,545454 ** **** 8700,8700,Mastercard,credit,2027-12-31,3750.00,active,2023-12-06
672,911,400000 ** **** 5178,5178,Visa,credit,2027-07-31,1563.86,active,2023-07-18
673,147,555555 ** **** 5879,5879,Mastercard,credit,2029-03-31,4013.09,active,2025-03-18
674,23,555555 ** **** 2141,2141,Mastercard,credit,2028-10-31,3301.97,active,2024-10-16
675,188,411111 ** **** 3778,3778,Visa,credit,2027-12-31,3245.60,cancelled,2023-12-14
676,801,545454 ** **** 9358,9358,Mastercard,credit,2028-01-31,2711.35,active,2024-01-31
677,448,545454 ** **** 0866,0866,Mastercard,debit,2027-08-31,,active,2023-08-06
678,199,400000 ** **** 7357,7357,Visa,debit,2028-06-30,,active,2024-06-16
679,803,555555 ** **** 6394,6394,Mastercard,credit,2029-03-31,4182.06,active,2025-03-20
680,568,424242 ** **** 3433,3433,Visa,credit,2028-09-30,2694.18,active,2024-09-30
681,1009,400000 ** **** 4984,4984,Visa,credit,2025-10-31,1870.99,active,2021-10-09
682,758,424242 ** **** 1975,1975,Visa,debit,2029-02-28,,active,2025-02-25
683,671,555555 ** **** 3284,3284,Mastercard,debit,2026-11-30,,active,2022-11-06
684,1004,411111 ** **** 1074,1074,Visa,debit,2029-03-31,,active,2025-03-31
685,288,555555 ** **** 4112,4112,Mastercard,debit,2028-07-31,,active,2024-07-11
686,310,400000 ** **** 2832,2832,Visa,credit,2028-12-31,3750.00,active,2024-12-19
687,32,555555 ** **** 7836,7836,Mastercard,credit,2029-02-28,2922.83,active,2025-02-09
688,866,400000 ** **** 1102,1102,Visa,credit,2028-11-30,6743.22,blocked,2024-11-30
689,773,424242 ** **** 7439,7439,Visa,credit,2027-10-31,3750.00,active,2023-10-15
690,1087,222100 ** **** 5246,5246,Mastercard,debit,2028-11-30,,active,2024-11-08
691,739,411111 ** **** 4625,4625,Visa,debit,2028-06-30,,active,2024-06-11
692,180,424242 ** **** 3429,3429,Visa,credit,2029-05-31,4561.46,active,2025-05-06
693,639,411111 ** **** 1768,1768,Visa,debit,2029-02-28,,active,2025-02-17
694,997,555555 ** **** 5554,5554,Mastercard,credit,2029-04-30,3750.00,active,2025-04-15
695,245,424242 ** **** 8823,8823,Visa,credit,2026-09-30,6320.58,active,2022-09-11
696,145,400000 ** **** 8437,8437,Visa,credit,2026-08-31,7180.96,active,2022-08-25
697,451,545454 ** **** 5813,5813,Mastercard,credit,2027-10-31,3750.00,active,2023-10-12
698,874,424242 ** **** 7096,7096,Visa,credit,2027-02-28,3750.00,active,2023-02-11
699,1044,555555 ** **** 0005,0005,Mastercard,debit,2028-12-31,,active,2024-12-26
700,729,424242 ** **** 2167,2167,Visa,debit,2028-03-31,,active,2024-03-18
701,474,222100 ** **** 5354,5354,Mastercard,debit,2029-04-30,,active,2025-04-02
702,687,555555 ** **** 2769,2769,Mastercard,debit,2027-06-30,,active,2023-06-05
703,656,545454 ** **** 2897,2897,Mastercard,credit,2028-11-30,3546.05,active,2024-11-17
704,865,411111 ** **** 1845,1845,Visa,credit,2029-04-30,5031.01,active,2025-04-04
705,481,400000 ** **** 0632,0632,Visa,debit,2029-05-31,,active,2025-05-25
706,528,222100 ** **** 1060,1060,Mastercard,credit,2026-11-30,5039.91,active,2022-11-04
707,662,411111 ** **** 8543,8543,Visa,credit,2029-02-28,6166.22,active,2025-02-11
708,159,400000 ** **** 4481,4481,Visa,debit,2025-04-30,,expired,2021-04-19
709,353,400000 ** **** 4462,4462,Visa,credit,2025-05-31,2189.57,expired,2021-05-19
710,356,545454 ** **** 6352,6352,Mastercard,debit,2027-08-31,,active,2023-08-21
711,730,411111 ** **** 9945,9945,Visa,credit,2028-04-30,5815.96,active,2024-04-30
712,516,555555 ** **** 2574,2574,Mastercard,debit,2027-03-31,,active,2023-03-14
713,407,371449 ** **** 1025,1025,American Express,debit,2028-09-30,,active,2024-09-28
714,200,424242 ** **** 1684,1684,Visa,debit,2024-06-30,,expired,2020-06-05
715,598,222100 ** **** 3960,3960,Mastercard,debit,2029-05-31,,cancelled,2025-05-04
716,1045,222100 ** **** 9585,9585,Mastercard,debit,2025-04-30,,expired,2021-04-09
717,814,400000 ** **** 0059,0059,Visa,debit,2028-02-29,,active,2024-02-03
718,69,424242 ** **** 3015,3015,Visa,debit,2027-09-30,,active,2023-09-22
719,977,545454 ** **** 6136,6136,Mastercard,debit,2027-11-30,,active,2023-11-08
720,738,411111 ** **** 9844,9844,Visa,debit,2025-08-31,,active,2021-08-29
721,659,400000 ** **** 5725,5725,Visa,debit,2027-04-30,,active,2023-04-27
722,452,400000 ** **** 4302,4302,Visa,credit,2029-04-30,4379.21,active,2025-04-23
723,515,411111 ** **** 9221,9221,Visa,credit,2028-02-29,4199.62,active,2024-02-06
724,763,222100 ** **** 8534,8534,Mastercard,credit,2027-01-31,9794.93,active,2023-01-30
725,989,411111 ** **** 7272,7272,Visa,debit,2028-10-31,,active,2024-10-13
726,853,424242 ** **** 7028,7028,Visa,debit,2028-10-31,,active,2024-10-25
727,648,545454 ** **** 9535,9535,Mastercard,credit,2028-07-31,5144.11,active,2024-07-31
728,574,400000 ** **** 9477,9477,Visa,debit,2028-07-31,,active,2024-07-24
729,606,222100 ** **** 0539,0539,Mastercard,credit,2028-12-31,4072.04,blocked,2024-12-21
730,259,400000 ** **** 1222,1222,Visa,debit,2027-01-31,,active,2023-01-30
731,281,222100 ** **** 8393,8393,Mastercard,prepaid,2024-07-31,,expired,2020-07-10
732,891,400000 ** **** 2080,2080,Visa,debit,2027-03-31,,active,2023-03-03
733,1060,424242 ** **** 7445,7445,Visa,debit,2029-05-31,,active,2025-05-11
734,165,424242 ** **** 9921,9921,Visa,debit,2029-01-31,,active,2025-01-08
735,818,555555 ** **** 3146,3146,Mastercard,debit,2028-12-31,,active,2024-12-24
736,21,411111 ** **** 4154,4154,Visa,credit,2029-04-30,3750.00,active,2025-04-30
737,865,424242 ** **** 4087,4087,Visa,debit,2029-04-30,,active,2025-04-16
738,238,545454 ** **** 7224,7224,Mastercard,credit,2028-02-29,6166.22,active,2024-02-06
739,897,411111 ** **** 4675,4675,Visa,credit,2028-06-30,5330.69,active,2024-06-25
740,744,424242 ** **** 5753,5753,Visa,debit,2028-07-31,,active,2024-07-10
741,926,424242 ** **** 1974,1974,Visa,debit,2027-07-31,,active,2023-07-09
742,320,424242 ** **** 0096,0096,Visa,debit,2029-02-28,,active,2025-02-12
743,55,222100 ** **** 8337,8337,Mastercard,credit,2025-10-31,3750.00,active,2021-10-15
744,316,222100 ** **** 9903,9903,Mastercard,debit,2029-01-31,,active,2025-01-20
745,791,424242 ** **** 3236,3236,Visa,debit,2028-01-31,,active,2024-01-20
746,1095,555555 ** **** 7538,7538,Mastercard,credit,2029-01-31,4888.52,active,2025-01-19
747,451,222100 ** **** 0211,0211,Mastercard,debit,2027-11-30,,active,2023-11-27
748,770,222100 ** **** 4529,4529,Mastercard,debit,2028-11-30,,active,2024-11-25
749,713,400000 ** **** 5114,5114,Visa,debit,2025-03-31,,expired,2021-03-29
750,1052,424242 ** **** 4971,4971,Visa,debit,2029-02-28,,active,2025-02-07
751,882,555555 ** **** 4256,4256,Mastercard,debit,2028-08-31,,active,2024-08-20
752,43,400000 ** **** 0205,0205,Visa,debit,2025-02-28,,expired,2021-02-14
753,793,222100 ** **** 9644,9644,Mastercard,debit,2029-01-31,,cancelled,2025-01-31
754,958,222100 ** **** 5255,5255,Mastercard,debit,2028-10-31,,active,2024-10-21
755,352,424242 ** **** 1767,1767,Visa,debit,2029-03-31,,active,2025-03-14
756,165,545454 ** **** 2229,2229,Mastercard,credit,2029-02-28,3991.46,active,2025-02-03
757,630,222100 ** **** 5738,5738,Mastercard,credit,2028-04-30,2823.13,active,2024-04-09
758,221,411111 ** **** 7687,7687,Visa,debit,2029-01-31,,active,2025-01-01
759,738,400000 ** **** 1727,1727,Visa,credit,2025-06-30,3245.60,active,2021-06-19
760,28,222100 ** **** 9188,9188,Mastercard,debit,2028-10-31,,active,2024-10-01
761,545,222100 ** **** 3805,3805,Mastercard,debit,2028-10-31,,active,2024-10-22
762,474,411111 ** **** 3668,3668,Visa,credit,2026-08-31,10601.57,blocked,2022-08-18
763,164,378282 ** **** 1505,1505,American Express,credit,2029-04-30,3750.00,active,2025-04-03
764,347,222100 ** **** 1985,1985,Mastercard,debit,2028-12-31,,cancelled,2024-12-12
765,946,411111 ** **** 6396,6396,Visa,credit,2028-09-30,1350.00,active,2024-09-15
766,573,424242 ** **** 7775,7775,Visa,debit,2028-06-30,,active,2024-06-30
767,477,400000 ** **** 5794,5794,Visa,debit,2026-02-28,,active,2022-02-26
768,892,222100 ** **** 9916,9916,Mastercard,debit,2029-04-30,,active,2025-04-22
769,332,222100 ** **** 6862,6862,Mastercard,debit,2024-10-31,,expired,2020-10-19
770,594,555555 ** **** 3804,3804,Mastercard,debit,2027-01-31,,active,2023-01-17
771,2,400000 ** **** 0806,0806,Visa,debit,2028-01-31,,active,2024-01-07
772,1071,555555 ** **** 1664,1664,Mastercard,credit,2028-01-31,1940.49,cancelled,2024-01-05
773,634,222100 ** **** 9321,9321,Mastercard,credit,2028-10-31,15631.33,active,2024-10-19
774,335,378282 ** **** 9310,9310,American Express,debit,2028-04-30,,active,2024-04-23
775,623,411111 ** **** 2599,2599,Visa,prepaid,2027-03-31,,active,2023-03-06
776,711,555555 ** **** 3554,3554,Mastercard,debit,2027-10-31,,blocked,2023-10-15
777,645,222100 ** **** 7058,7058,Mastercard,credit,2025-01-31,3750.00,expired,2021-01-09
778,205,400000 ** **** 6545,6545,Visa,debit,2025-02-28,,expired,2021-02-10
779,126,222100 ** **** 2813,2813,Mastercard,prepaid,2028-10-31,,active,2024-10-04
780,903,545454 ** **** 8344,8344,Mastercard,debit,2028-07-31,,active,2024-07-10
781,9,545454 ** **** 1132,1132,Mastercard,prepaid,2028-01-31,,active,2024-01-30
782,508,411111 ** **** 2274,2274,Visa,debit,2025-04-30,,expired,2021-04-03
783,100,400000 ** **** 8985,8985,Visa,debit,2027-10-31,,active,2023-10-01
784,528,378282 ** **** 3347,3347,American Express,debit,2027-02-28,,active,2023-02-14
785,1018,222100 ** **** 1438,1438,Mastercard,credit,2029-03-31,3841.40,active,2025-03-01
786,651,400000 ** **** 9876,9876,Visa,debit,2027-10-31,,active,2023-10-10
787,145,400000 ** **** 9370,9370,Visa,debit,2029-02-28,,active,2025-02-12
788,90,400000 ** **** 1953,1953,Visa,credit,2028-07-31,3758.52,active,2024-07-11
789,975,424242 ** **** 6723,6723,Visa,credit,2028-07-31,1682.40,active,2024-07-17
790,923,545454 ** **** 2294,2294,Mastercard,debit,2027-02-28,,active,2023-02-24
791,85,411111 ** **** 8021,8021,Visa,debit,2028-08-31,,active,2024-08-29
792,926,424242 ** **** 2079,2079,Visa,debit,2025-10-31,,active,2021-10-31
793,723,400000 ** **** 1658,1658,Visa,debit,2027-08-31,,active,2023-08-25
794,756,555555 ** **** 5425,5425,Mastercard,debit,2026-08-31,,active,2022-08-26
795,140,371449 ** **** 5989,5989,American Express,debit,2027-11-30,,active,2023-11-14
796,408,400000 ** **** 3291,3291,Visa,prepaid,2028-10-31,,active,2024-10-21
797,114,400000 ** **** 3874,3874,Visa,credit,2029-04-30,4916.59,blocked,2025-04-01
798,758,424242 ** **** 5618,5618,Visa,prepaid,2028-12-31,,active,2024-12-03
799,834,411111 ** **** 0426,0426,Visa,debit,2029-02-28,,active,2025-02-27
800,730,424242 ** **** 4474,4474,Visa,debit,2027-10-31,,active,2023-10-18
801,494,222100 ** **** 1426,1426,Mastercard,debit,2029-01-31,,active,2025-01-08
802,185,424242 ** **** 7114,7114,Visa,credit,2027-04-30,3750.00,active,2023-04-09
803,1002,424242 ** **** 7015,7015,Visa,debit,2027-04-30,,active,2023-04-19
804,788,400000 ** **** 2923,2923,Visa,debit,2028-12-31,,active,2024-12-29
805,777,411111 ** **** 4688,4688,Visa,prepaid,2026-09-30,,active,2022-09-13
806,1089,545454 ** **** 6844,6844,Mastercard,credit,2028-09-30,3750.00,active,2024-09-11
807,67,222100 ** **** 4212,4212,Mastercard,credit,2028-10-31,4697.37,active,2024-10-12
808,706,545454 ** **** 7663,7663,Mastercard,credit,2029-02-28,5414.20,active,2025-02-28
809,397,411111 ** **** 8532,8532,Visa,credit,2025-05-31,3750.00,expired,2021-05-31
810,416,545454 ** **** 7944,7944,Mastercard,debit,2024-08-31,,expired,2020-08-12
811,48,545454 ** **** 3450,3450,Mastercard,debit,2027-10-31,,active,2023-10-10
812,172,400000 ** **** 0002,0002,Visa,credit,2029-03-31,2265.37,active,2025-03-22
813,674,378282 ** **** 6363,6363,American Express,debit,2027-11-30,,cancelled,2023-11-08
814,474,411111 ** **** 0656,0656,Visa,debit,2026-12-31,,active,2022-12-08
815,536,400000 ** **** 1190,1190,Visa,credit,2029-03-31,2388.94,active,2025-03-12
816,1066,411111 ** **** 1486,1486,Visa,credit,2027-09-30,7781.59,active,2023-09-01
817,18,411111 ** **** 7570,7570,Visa,debit,2024-12-31,,expired,2020-12-23
818,192,424242 ** **** 1702,1702,Visa,debit,2029-03-31,,active,2025-03-28
819,529,400000 ** **** 8518,8518,Visa,prepaid,2029-01-31,,active,2025-01-11
820,244,424242 ** **** 6485,6485,Visa,debit,2029-04-30,,active,2025-04-04
821,142,222100 ** **** 0146,0146,Mastercard,debit,2029-05-31,,active,2025-05-01
822,769,400000 ** **** 1319,1319,Visa,credit,2027-12-31,10515.73,active,2023-12-10
823,231,411111 ** **** 0216,0216,Visa,credit,2026-05-31,3750.00,active,2022-05-24
824,86,222100 ** **** 7479,7479,Mastercard,debit,2028-02-29,,active,2024-02-19
825,490,555555 ** **** 6794,6794,Mastercard,debit,2025-06-30,,active,2021-06-11
826,291,411111 ** **** 4028,4028,Visa,debit,2025-06-30,,active,2021-06-15
827,178,400000 ** **** 9735,9735,Visa,credit,2026-03-31,7847.60,active,2022-03-07
828,491,371449 ** **** 3696,3696,American Express,debit,2029-04-30,,active,2025-04-21
829,165,545454 ** **** 4124,4124,Mastercard,debit,2029-04-30,,active,2025-04-07
830,532,222100 ** **** 8432,8432,Mastercard,debit,2028-10-31,,cancelled,2024-10-05
831,1064,400000 ** **** 5287,5287,Visa,debit,2028-11-30,,active,2024-11-01
832,718,545454 ** **** 8318,8318,Mastercard,credit,2025-10-31,2532.35,active,2021-10-24
833,304,222100 ** **** 9031,9031,Mastercard,debit,2026-10-31,,active,2022-10-11
834,579,411111 ** **** 6578,6578,Visa,debit,2025-11-30,,active,2021-11-14
835,357,555555 ** **** 1174,1174,Mastercard,debit,2029-03-31,,active,2025-03-25
836,441,411111 ** **** 8864,8864,Visa,debit,2029-04-30,,active,2025-04-24
837,56,400000 ** **** 4537,4537,Visa,debit,2027-07-31,,blocked,2023-07-12
838,4,411111 ** **** 7145,7145,Visa,credit,2027-09-30,4621.33,active,2023-09-21
839,733,400000 ** **** 4779,4779,Visa,debit,2029-04-30,,active,2025-04-27
840,518,222100 ** **** 8267,8267,Mastercard,debit,2026-04-30,,active,2022-04-07
841,229,424242 ** **** 6292,6292,Visa,debit,2026-01-31,,active,2022-01-03
842,239,222100 ** **** 0925,0925,Mastercard,debit,2027-03-31,,active,2023-03-14
843,312,555555 ** **** 2261,2261,Mastercard,credit,2029-01-31,3155.54,active,2025-01-07
844,1022,222100 ** **** 6200,6200,Mastercard,credit,2027-01-31,4638.22,active,2023-01-20
845,311,411111 ** **** 3906,3906,Visa,debit,2028-05-31,,active,2024-05-09
846,875,400000 ** **** 1417,1417,Visa,debit,2025-10-31,,active,2021-10-08
847,241,424242 ** **** 1985,1985,Visa,debit,2025-12-31,,active,2021-12-25
848,399,222100 ** **** 7064,7064,Mastercard,credit,2029-05-31,3750.00,active,2025-05-21
849,194,371449 ** **** 6955,6955,American Express,debit,2028-10-31,,active,2024-10-29
850,1008,411111 ** **** 0102,0102,Visa,credit,2026-02-28,3267.84,active,2022-02-19
