id,base_currency,quote_currency,rate_date,rate
1,EUR,CHF,2024-04-22,0.96
2,EUR,GBP,2024-04-22,0.85
3,EUR,JPY,2024-04-22,162.05
4,EUR,MXN,2024-04-22,18.63
5,EUR,USD,2024-04-22,1.09
6,EUR,CHF,2024-04-23,0.96
7,EUR,GBP,2024-04-23,0.86
8,EUR,JPY,2024-04-23,162.62
9,EUR,MXN,2024-04-23,18.62
10,EUR,USD,2024-04-23,1.09
11,EUR,CHF,2024-04-24,0.95
12,EUR,GBP,2024-04-24,0.85
13,EUR,JPY,2024-04-24,162.77
14,EUR,MXN,2024-04-24,18.63
15,EUR,USD,2024-04-24,1.08
16,EUR,CHF,2024-04-25,0.95
17,EUR,GBP,2024-04-25,0.85
18,EUR,JPY,2024-04-25,162.93
19,EUR,MXN,2024-04-25,18.71
20,EUR,USD,2024-04-25,1.08
21,EUR,CHF,2024-04-26,0.95
22,EUR,GBP,2024-04-26,0.85
23,EUR,JPY,2024-04-26,162.15
24,EUR,MXN,2024-04-26,18.84
25,EUR,USD,2024-04-26,1.08
26,EUR,CHF,2024-04-29,0.95
27,EUR,GBP,2024-04-29,0.84
28,EUR,JPY,2024-04-29,161.66
29,EUR,MXN,2024-04-29,18.87
30,EUR,USD,2024-04-29,1.08
31,EUR,CHF,2024-04-30,0.95
32,EUR,GBP,2024-04-30,0.84
33,EUR,JPY,2024-04-30,162.27
34,EUR,MXN,2024-04-30,18.81
35,EUR,USD,2024-04-30,1.07
36,EUR,CHF,2024-05-01,0.95
37,EUR,GBP,2024-05-01,0.84
38,EUR,JPY,2024-05-01,161.97
39,EUR,MXN,2024-05-01,18.63
40,EUR,USD,2024-05-01,1.07
41,EUR,CHF,2024-05-02,0.95
42,EUR,GBP,2024-05-02,0.83
43,EUR,JPY,2024-05-02,161.52
44,EUR,MXN,2024-05-02,18.62
45,EUR,USD,2024-05-02,1.08
46,EUR,CHF,2024-05-03,0.94
47,EUR,GBP,2024-05-03,0.83
48,EUR,JPY,2024-05-03,161.14
49,EUR,MXN,2024-05-03,18.63
50,EUR,USD,2024-05-03,1.08
51,EUR,CHF,2024-05-06,0.94
52,EUR,GBP,2024-05-06,0.82
53,EUR,JPY,2024-05-06,161.59
54,EUR,MXN,2024-05-06,18.61
55,EUR,USD,2024-05-06,1.09
56,EUR,CHF,2024-05-07,0.94
57,EUR,GBP,2024-05-07,0.82
58,EUR,JPY,2024-05-07,162.35
59,EUR,MXN,2024-05-07,18.64
60,EUR,USD,2024-05-07,1.08
61,EUR,CHF,2024-05-08,0.93
62,EUR,GBP,2024-05-08,0.82
63,EUR,JPY,2024-05-08,161.51
64,EUR,MXN,2024-05-08,18.67
65,EUR,USD,2024-05-08,1.09
66,EUR,CHF,2024-05-09,0.93
67,EUR,GBP,2024-05-09,0.82
68,EUR,JPY,2024-05-09,161.18
69,EUR,MXN,2024-05-09,18.72
70,EUR,USD,2024-05-09,1.09
71,EUR,CHF,2024-05-10,0.93
72,EUR,GBP,2024-05-10,0.82
73,EUR,JPY,2024-05-10,161.41
74,EUR,MXN,2024-05-10,18.66
75,EUR,USD,2024-05-10,1.09
76,EUR,CHF,2024-05-13,0.93
77,EUR,GBP,2024-05-13,0.82
78,EUR,JPY,2024-05-13,161.71
79,EUR,MXN,2024-05-13,18.61
80,EUR,USD,2024-05-13,1.10
81,EUR,CHF,2024-05-14,0.93
82,EUR,GBP,2024-05-14,0.82
83,EUR,JPY,2024-05-14,161.64
84,EUR,MXN,2024-05-14,18.52
85,EUR,USD,2024-05-14,1.09
86,EUR,CHF,2024-05-15,0.93
87,EUR,GBP,2024-05-15,0.83
88,EUR,JPY,2024-05-15,161.89
89,EUR,MXN,2024-05-15,18.55
90,EUR,USD,2024-05-15,1.09
91,EUR,CHF,2024-05-16,0.93
92,EUR,GBP,2024-05-16,0.83
93,EUR,JPY,2024-05-16,160.97
94,EUR,MXN,2024-05-16,18.53
95,EUR,USD,2024-05-16,1.09
96,EUR,CHF,2024-05-17,0.93
97,EUR,GBP,2024-05-17,0.84
98,EUR,JPY,2024-05-17,160.57
99,EUR,MXN,2024-05-17,18.61
100,EUR,USD,2024-05-17,1.08
101,EUR,CHF,2024-05-20,0.94
102,EUR,GBP,2024-05-20,0.83
103,EUR,JPY,2024-05-20,161.00
104,EUR,MXN,2024-05-20,18.63
105,EUR,USD,2024-05-20,1.08
106,EUR,CHF,2024-05-21,0.93
107,EUR,GBP,2024-05-21,0.84
108,EUR,JPY,2024-05-21,161.41
109,EUR,MXN,2024-05-21,18.52
110,EUR,USD,2024-05-21,1.08
111,EUR,CHF,2024-05-22,0.93
112,EUR,GBP,2024-05-22,0.84
113,EUR,JPY,2024-05-22,161.49
114,EUR,MXN,2024-05-22,18.56
115,EUR,USD,2024-05-22,1.08
116,EUR,CHF,2024-05-23,0.93
117,EUR,GBP,2024-05-23,0.84
118,EUR,JPY,2024-05-23,162.89
119,EUR,MXN,2024-05-23,18.55
120,EUR,USD,2024-05-23,1.09
121,EUR,CHF,2024-05-24,0.93
122,EUR,GBP,2024-05-24,0.84
123,EUR,JPY,2024-05-24,162.63
124,EUR,MXN,2024-05-24,18.56
125,EUR,USD,2024-05-24,1.09
126,EUR,CHF,2024-05-27,0.93
127,EUR,GBP,2024-05-27,0.84
128,EUR,JPY,2024-05-27,163.00
129,EUR,MXN,2024-05-27,18.54
130,EUR,USD,2024-05-27,1.09
131,EUR,CHF,2024-05-28,0.93
132,EUR,GBP,2024-05-28,0.84
133,EUR,JPY,2024-05-28,161.32
134,EUR,MXN,2024-05-28,18.57
135,EUR,USD,2024-05-28,1.09
136,EUR,CHF,2024-05-29,0.93
137,EUR,GBP,2024-05-29,0.84
138,EUR,JPY,2024-05-29,161.41
139,EUR,MXN,2024-05-29,18.55
140,EUR,USD,2024-05-29,1.09
141,EUR,CHF,2024-05-30,0.94
142,EUR,GBP,2024-05-30,0.84
143,EUR,JPY,2024-05-30,161.11
144,EUR,MXN,2024-05-30,18.61
145,EUR,USD,2024-05-30,1.09
146,EUR,CHF,2024-05-31,0.93
147,EUR,GBP,2024-05-31,0.84
148,EUR,JPY,2024-05-31,161.14
149,EUR,MXN,2024-05-31,18.78
150,EUR,USD,2024-05-31,1.10
151,EUR,CHF,2024-06-03,0.93
152,EUR,GBP,2024-06-03,0.84
153,EUR,JPY,2024-06-03,160.96
154,EUR,MXN,2024-06-03,18.83
155,EUR,USD,2024-06-03,1.10
156,EUR,CHF,2024-06-04,0.93
157,EUR,GBP,2024-06-04,0.84
158,EUR,JPY,2024-06-04,161.38
159,EUR,MXN,2024-06-04,18.67
160,EUR,USD,2024-06-04,1.10
161,EUR,CHF,2024-06-05,0.93
162,EUR,GBP,2024-06-05,0.84
163,EUR,JPY,2024-06-05,160.95
164,EUR,MXN,2024-06-05,18.67
165,EUR,USD,2024-06-05,1.10
166,EUR,CHF,2024-06-06,0.92
167,EUR,GBP,2024-06-06,0.85
168,EUR,JPY,2024-06-06,160.66
169,EUR,MXN,2024-06-06,18.65
170,EUR,USD,2024-06-06,1.10
171,EUR,CHF,2024-06-07,0.92
172,EUR,GBP,2024-06-07,0.84
173,EUR,JPY,2024-06-07,160.50
174,EUR,MXN,2024-06-07,18.53
175,EUR,USD,2024-06-07,1.11
176,EUR,CHF,2024-06-10,0.93
177,EUR,GBP,2024-06-10,0.85
178,EUR,JPY,2024-06-10,160.40
179,EUR,MXN,2024-06-10,18.57
180,EUR,USD,2024-06-10,1.10
181,EUR,CHF,2024-06-11,0.93
182,EUR,GBP,2024-06-11,0.85
183,EUR,JPY,2024-06-11,160.52
184,EUR,MXN,2024-06-11,18.54
185,EUR,USD,2024-06-11,1.10
186,EUR,CHF,2024-06-12,0.93
187,EUR,GBP,2024-06-12,0.85
188,EUR,JPY,2024-06-12,160.85
189,EUR,MXN,2024-06-12,18.44
190,EUR,USD,2024-06-12,1.10
191,EUR,CHF,2024-06-13,0.93
192,EUR,GBP,2024-06-13,0.86
193,EUR,JPY,2024-06-13,161.31
194,EUR,MXN,2024-06-13,18.60
195,EUR,USD,2024-06-13,1.11
196,EUR,CHF,2024-06-14,0.93
197,EUR,GBP,2024-06-14,0.85
198,EUR,JPY,2024-06-14,161.43
199,EUR,MXN,2024-06-14,18.54
200,EUR,USD,2024-06-14,1.11
201,EUR,CHF,2024-06-17,0.93
202,EUR,GBP,2024-06-17,0.85
203,EUR,JPY,2024-06-17,162.43
204,EUR,MXN,2024-06-17,18.50
205,EUR,USD,2024-06-17,1.11
206,EUR,CHF,2024-06-18,0.93
207,EUR,GBP,2024-06-18,0.85
208,EUR,JPY,2024-06-18,161.61
209,EUR,MXN,2024-06-18,18.50
210,EUR,USD,2024-06-18,1.11
211,EUR,CHF,2024-06-19,0.93
212,EUR,GBP,2024-06-19,0.85
213,EUR,JPY,2024-06-19,162.54
214,EUR,MXN,2024-06-19,18.43
215,EUR,USD,2024-06-19,1.11
216,EUR,CHF,2024-06-20,0.94
217,EUR,GBP,2024-06-20,0.85
218,EUR,JPY,2024-06-20,161.36
219,EUR,MXN,2024-06-20,18.54
220,EUR,USD,2024-06-20,1.11
221,EUR,CHF,2024-06-21,0.94
222,EUR,GBP,2024-06-21,0.85
223,EUR,JPY,2024-06-21,160.98
224,EUR,MXN,2024-06-21,18.58
225,EUR,USD,2024-06-21,1.11
226,EUR,CHF,2024-06-24,0.95
227,EUR,GBP,2024-06-24,0.85
228,EUR,JPY,2024-06-24,160.96
229,EUR,MXN,2024-06-24,18.55
230,EUR,USD,2024-06-24,1.11
231,EUR,CHF,2024-06-25,0.95
232,EUR,GBP,2024-06-25,0.86
233,EUR,JPY,2024-06-25,160.15
234,EUR,MXN,2024-06-25,18.58
235,EUR,USD,2024-06-25,1.11
236,EUR,CHF,2024-06-26,0.95
237,EUR,GBP,2024-06-26,0.86
238,EUR,JPY,2024-06-26,160.47
239,EUR,MXN,2024-06-26,18.61
240,EUR,USD,2024-06-26,1.11
241,EUR,CHF,2024-06-27,0.95
242,EUR,GBP,2024-06-27,0.85
243,EUR,JPY,2024-06-27,160.40
244,EUR,MXN,2024-06-27,18.60
245,EUR,USD,2024-06-27,1.12
246,EUR,CHF,2024-06-28,0.95
247,EUR,GBP,2024-06-28,0.85
248,EUR,JPY,2024-06-28,160.42
249,EUR,MXN,2024-06-28,18.54
250,EUR,USD,2024-06-28,1.12
251,EUR,CHF,2024-07-01,0.95
252,EUR,GBP,2024-07-01,0.85
253,EUR,JPY,2024-07-01,161.00
254,EUR,MXN,2024-07-01,18.65
255,EUR,USD,2024-07-01,1.12
256,EUR,CHF,2024-07-02,0.95
257,EUR,GBP,2024-07-02,0.86
258,EUR,JPY,2024-07-02,160.59
259,EUR,MXN,2024-07-02,18.59
260,EUR,USD,2024-07-02,1.12
261,EUR,CHF,2024-07-03,0.96
262,EUR,GBP,2024-07-03,0.86
263,EUR,JPY,2024-07-03,161.75
264,EUR,MXN,2024-07-03,18.53
265,EUR,USD,2024-07-03,1.13
266,EUR,CHF,2024-07-04,0.96
267,EUR,GBP,2024-07-04,0.86
268,EUR,JPY,2024-07-04,161.84
269,EUR,MXN,2024-07-04,18.67
270,EUR,USD,2024-07-04,1.13
271,EUR,CHF,2024-07-05,0.96
272,EUR,GBP,2024-07-05,0.86
273,EUR,JPY,2024-07-05,162.93
274,EUR,MXN,2024-07-05,18.52
275,EUR,USD,2024-07-05,1.12
276,EUR,CHF,2024-07-08,0.96
277,EUR,GBP,2024-07-08,0.87
278,EUR,JPY,2024-07-08,162.82
279,EUR,MXN,2024-07-08,18.51
280,EUR,USD,2024-07-08,1.12
281,EUR,CHF,2024-07-09,0.96
282,EUR,GBP,2024-07-09,0.86
283,EUR,JPY,2024-07-09,162.23
284,EUR,MXN,2024-07-09,18.57
285,EUR,USD,2024-07-09,1.13
286,EUR,CHF,2024-07-10,0.96
287,EUR,GBP,2024-07-10,0.86
288,EUR,JPY,2024-07-10,162.60
289,EUR,MXN,2024-07-10,18.51
290,EUR,USD,2024-07-10,1.12
291,EUR,CHF,2024-07-11,0.96
292,EUR,GBP,2024-07-11,0.86
293,EUR,JPY,2024-07-11,161.68
294,EUR,MXN,2024-07-11,18.43
295,EUR,USD,2024-07-11,1.13
296,EUR,CHF,2024-07-12,0.97
297,EUR,GBP,2024-07-12,0.86
298,EUR,JPY,2024-07-12,162.42
299,EUR,MXN,2024-07-12,18.52
300,EUR,USD,2024-07-12,1.12
301,EUR,CHF,2024-07-15,0.97
302,EUR,GBP,2024-07-15,0.86
303,EUR,JPY,2024-07-15,161.82
304,EUR,MXN,2024-07-15,18.50
305,EUR,USD,2024-07-15,1.12
306,EUR,CHF,2024-07-16,0.97
307,EUR,GBP,2024-07-16,0.86
308,EUR,JPY,2024-07-16,162.20
309,EUR,MXN,2024-07-16,18.42
310,EUR,USD,2024-07-16,1.12
311,EUR,CHF,2024-07-17,0.98
312,EUR,GBP,2024-07-17,0.87
313,EUR,JPY,2024-07-17,161.49
314,EUR,MXN,2024-07-17,18.38
315,EUR,USD,2024-07-17,1.12
316,EUR,CHF,2024-07-18,0.98
317,EUR,GBP,2024-07-18,0.86
318,EUR,JPY,2024-07-18,161.86
319,EUR,MXN,2024-07-18,18.43
320,EUR,USD,2024-07-18,1.12
321,EUR,CHF,2024-07-19,0.97
322,EUR,GBP,2024-07-19,0.87
323,EUR,JPY,2024-07-19,162.21
324,EUR,MXN,2024-07-19,18.30
325,EUR,USD,2024-07-19,1.12
326,EUR,CHF,2024-07-22,0.97
327,EUR,GBP,2024-07-22,0.87
328,EUR,JPY,2024-07-22,161.88
329,EUR,MXN,2024-07-22,18.25
330,EUR,USD,2024-07-22,1.11
331,EUR,CHF,2024-07-23,0.97
332,EUR,GBP,2024-07-23,0.87
333,EUR,JPY,2024-07-23,161.15
334,EUR,MXN,2024-07-23,18.18
335,EUR,USD,2024-07-23,1.11
336,EUR,CHF,2024-07-24,0.97
337,EUR,GBP,2024-07-24,0.87
338,EUR,JPY,2024-07-24,161.16
339,EUR,MXN,2024-07-24,18.16
340,EUR,USD,2024-07-24,1.11
341,EUR,CHF,2024-07-25,0.97
342,EUR,GBP,2024-07-25,0.88
343,EUR,JPY,2024-07-25,161.17
344,EUR,MXN,2024-07-25,18.20
345,EUR,USD,2024-07-25,1.11
346,EUR,CHF,2024-07-26,0.96
347,EUR,GBP,2024-07-26,0.88
348,EUR,JPY,2024-07-26,161.49
349,EUR,MXN,2024-07-26,18.10
350,EUR,USD,2024-07-26,1.11
351,EUR,CHF,2024-07-29,0.96
352,EUR,GBP,2024-07-29,0.88
353,EUR,JPY,2024-07-29,161.15
354,EUR,MXN,2024-07-29,18.18
355,EUR,USD,2024-07-29,1.10
356,EUR,CHF,2024-07-30,0.97
357,EUR,GBP,2024-07-30,0.88
358,EUR,JPY,2024-07-30,162.11
359,EUR,MXN,2024-07-30,18.22
360,EUR,USD,2024-07-30,1.10
361,EUR,CHF,2024-07-31,0.97
362,EUR,GBP,2024-07-31,0.88
363,EUR,JPY,2024-07-31,162.44
364,EUR,MXN,2024-07-31,18.17
365,EUR,USD,2024-07-31,1.10
366,EUR,CHF,2024-08-01,0.96
367,EUR,GBP,2024-08-01,0.88
368,EUR,JPY,2024-08-01,162.46
369,EUR,MXN,2024-08-01,18.06
370,EUR,USD,2024-08-01,1.11
371,EUR,CHF,2024-08-02,0.97
372,EUR,GBP,2024-08-02,0.89
373,EUR,JPY,2024-08-02,160.99
374,EUR,MXN,2024-08-02,18.10
375,EUR,USD,2024-08-02,1.11
376,EUR,CHF,2024-08-05,0.97
377,EUR,GBP,2024-08-05,0.89
378,EUR,JPY,2024-08-05,161.17
379,EUR,MXN,2024-08-05,18.14
380,EUR,USD,2024-08-05,1.11
381,EUR,CHF,2024-08-06,0.97
382,EUR,GBP,2024-08-06,0.89
383,EUR,JPY,2024-08-06,161.27
384,EUR,MXN,2024-08-06,18.08
385,EUR,USD,2024-08-06,1.11
386,EUR,CHF,2024-08-07,0.97
387,EUR,GBP,2024-08-07,0.89
388,EUR,JPY,2024-08-07,162.30
389,EUR,MXN,2024-08-07,18.13
390,EUR,USD,2024-08-07,1.11
391,EUR,CHF,2024-08-08,0.97
392,EUR,GBP,2024-08-08,0.89
393,EUR,JPY,2024-08-08,161.57
394,EUR,MXN,2024-08-08,18.09
395,EUR,USD,2024-08-08,1.11
396,EUR,CHF,2024-08-09,0.97
397,EUR,GBP,2024-08-09,0.89
398,EUR,JPY,2024-08-09,161.64
399,EUR,MXN,2024-08-09,18.06
400,EUR,USD,2024-08-09,1.11
401,EUR,CHF,2024-08-12,0.96
402,EUR,GBP,2024-08-12,0.90
403,EUR,JPY,2024-08-12,160.85
404,EUR,MXN,2024-08-12,18.14
405,EUR,USD,2024-08-12,1.10
406,EUR,CHF,2024-08-13,0.96
407,EUR,GBP,2024-08-13,0.89
408,EUR,JPY,2024-08-13,159.71
409,EUR,MXN,2024-08-13,18.19
410,EUR,USD,2024-08-13,1.09
411,EUR,CHF,2024-08-14,0.96
412,EUR,GBP,2024-08-14,0.89
413,EUR,JPY,2024-08-14,160.56
414,EUR,MXN,2024-08-14,18.15
415,EUR,USD,2024-08-14,1.09
416,EUR,CHF,2024-08-15,0.95
417,EUR,GBP,2024-08-15,0.89
418,EUR,JPY,2024-08-15,159.96
419,EUR,MXN,2024-08-15,18.12
420,EUR,USD,2024-08-15,1.08
421,EUR,CHF,2024-08-16,0.95
422,EUR,GBP,2024-08-16,0.89
423,EUR,JPY,2024-08-16,159.93
424,EUR,MXN,2024-08-16,18.05
425,EUR,USD,2024-08-16,1.08
426,EUR,CHF,2024-08-19,0.96
427,EUR,GBP,2024-08-19,0.89
428,EUR,JPY,2024-08-19,159.66
429,EUR,MXN,2024-08-19,17.82
430,EUR,USD,2024-08-19,1.09
431,EUR,CHF,2024-08-20,0.95
432,EUR,GBP,2024-08-20,0.89
433,EUR,JPY,2024-08-20,160.61
434,EUR,MXN,2024-08-20,17.75
435,EUR,USD,2024-08-20,1.08
436,EUR,CHF,2024-08-21,0.96
437,EUR,GBP,2024-08-21,0.89
438,EUR,JPY,2024-08-21,160.41
439,EUR,MXN,2024-08-21,17.81
440,EUR,USD,2024-08-21,1.09
441,EUR,CHF,2024-08-22,0.96
442,EUR,GBP,2024-08-22,0.88
443,EUR,JPY,2024-08-22,159.71
444,EUR,MXN,2024-08-22,17.76
445,EUR,USD,2024-08-22,1.09
446,EUR,CHF,2024-08-23,0.96
447,EUR,GBP,2024-08-23,0.88
448,EUR,JPY,2024-08-23,158.72
449,EUR,MXN,2024-08-23,17.70
450,EUR,USD,2024-08-23,1.09
451,EUR,CHF,2024-08-26,0.97
452,EUR,GBP,2024-08-26,0.88
453,EUR,JPY,2024-08-26,158.66
454,EUR,MXN,2024-08-26,17.68
455,EUR,USD,2024-08-26,1.09
456,EUR,CHF,2024-08-27,0.97
457,EUR,GBP,2024-08-27,0.87
458,EUR,JPY,2024-08-27,158.68
459,EUR,MXN,2024-08-27,17.71
460,EUR,USD,2024-08-27,1.08
461,EUR,CHF,2024-08-28,0.97
462,EUR,GBP,2024-08-28,0.87
463,EUR,JPY,2024-08-28,157.91
464,EUR,MXN,2024-08-28,17.71
465,EUR,USD,2024-08-28,1.08
466,EUR,CHF,2024-08-29,0.97
467,EUR,GBP,2024-08-29,0.87
468,EUR,JPY,2024-08-29,156.98
469,EUR,MXN,2024-08-29,17.66
470,EUR,USD,2024-08-29,1.08
471,EUR,CHF,2024-08-30,0.97
472,EUR,GBP,2024-08-30,0.87
473,EUR,JPY,2024-08-30,156.84
474,EUR,MXN,2024-08-30,17.69
475,EUR,USD,2024-08-30,1.08
476,EUR,CHF,2024-09-02,0.97
477,EUR,GBP,2024-09-02,0.87
478,EUR,JPY,2024-09-02,156.89
479,EUR,MXN,2024-09-02,17.69
480,EUR,USD,2024-09-02,1.08
481,EUR,CHF,2024-09-03,0.96
482,EUR,GBP,2024-09-03,0.87
483,EUR,JPY,2024-09-03,156.50
484,EUR,MXN,2024-09-03,17.90
485,EUR,USD,2024-09-03,1.08
486,EUR,CHF,2024-09-04,0.96
487,EUR,GBP,2024-09-04,0.87
488,EUR,JPY,2024-09-04,156.97
489,EUR,MXN,2024-09-04,17.89
490,EUR,USD,2024-09-04,1.08
491,EUR,CHF,2024-09-05,0.98
492,EUR,GBP,2024-09-05,0.86
493,EUR,JPY,2024-09-05,156.63
494,EUR,MXN,2024-09-05,17.88
495,EUR,USD,2024-09-05,1.08
496,EUR,CHF,2024-09-06,0.98
497,EUR,GBP,2024-09-06,0.86
498,EUR,JPY,2024-09-06,156.10
499,EUR,MXN,2024-09-06,17.90
500,EUR,USD,2024-09-06,1.08
501,EUR,CHF,2024-09-09,0.98
502,EUR,GBP,2024-09-09,0.87
503,EUR,JPY,2024-09-09,155.63
504,EUR,MXN,2024-09-09,17.88
505,EUR,USD,2024-09-09,1.07
506,EUR,CHF,2024-09-10,0.98
507,EUR,GBP,2024-09-10,0.87
508,EUR,JPY,2024-09-10,155.52
509,EUR,MXN,2024-09-10,17.80
510,EUR,USD,2024-09-10,1.07
511,EUR,CHF,2024-09-11,0.97
512,EUR,GBP,2024-09-11,0.87
513,EUR,JPY,2024-09-11,154.39
514,EUR,MXN,2024-09-11,17.78
515,EUR,USD,2024-09-11,1.07
516,EUR,CHF,2024-09-12,0.97
517,EUR,GBP,2024-09-12,0.87
518,EUR,JPY,2024-09-12,153.31
519,EUR,MXN,2024-09-12,17.82
520,EUR,USD,2024-09-12,1.07
521,EUR,CHF,2024-09-13,0.97
522,EUR,GBP,2024-09-13,0.87
523,EUR,JPY,2024-09-13,153.56
524,EUR,MXN,2024-09-13,17.74
525,EUR,USD,2024-09-13,1.08
526,EUR,CHF,2024-09-16,0.98
527,EUR,GBP,2024-09-16,0.87
528,EUR,JPY,2024-09-16,154.03
529,EUR,MXN,2024-09-16,17.72
530,EUR,USD,2024-09-16,1.07
531,EUR,CHF,2024-09-17,0.98
532,EUR,GBP,2024-09-17,0.86
533,EUR,JPY,2024-09-17,154.40
534,EUR,MXN,2024-09-17,17.70
535,EUR,USD,2024-09-17,1.08
536,EUR,CHF,2024-09-18,0.98
537,EUR,GBP,2024-09-18,0.86
538,EUR,JPY,2024-09-18,155.22
539,EUR,MXN,2024-09-18,17.77
540,EUR,USD,2024-09-18,1.08
541,EUR,CHF,2024-09-19,0.97
542,EUR,GBP,2024-09-19,0.86
543,EUR,JPY,2024-09-19,156.39
544,EUR,MXN,2024-09-19,17.81
545,EUR,USD,2024-09-19,1.07
546,EUR,CHF,2024-09-20,0.96
547,EUR,GBP,2024-09-20,0.86
548,EUR,JPY,2024-09-20,154.87
549,EUR,MXN,2024-09-20,17.92
550,EUR,USD,2024-09-20,1.07
551,EUR,CHF,2024-09-23,0.97
552,EUR,GBP,2024-09-23,0.87
553,EUR,JPY,2024-09-23,154.66
554,EUR,MXN,2024-09-23,17.92
555,EUR,USD,2024-09-23,1.07
556,EUR,CHF,2024-09-24,0.96
557,EUR,GBP,2024-09-24,0.87
558,EUR,JPY,2024-09-24,154.36
559,EUR,MXN,2024-09-24,17.91
560,EUR,USD,2024-09-24,1.07
561,EUR,CHF,2024-09-25,0.96
562,EUR,GBP,2024-09-25,0.87
563,EUR,JPY,2024-09-25,154.74
564,EUR,MXN,2024-09-25,17.89
565,EUR,USD,2024-09-25,1.06
566,EUR,CHF,2024-09-26,0.95
567,EUR,GBP,2024-09-26,0.87
568,EUR,JPY,2024-09-26,155.44
569,EUR,MXN,2024-09-26,17.97
570,EUR,USD,2024-09-26,1.06
571,EUR,CHF,2024-09-27,0.95
572,EUR,GBP,2024-09-27,0.87
573,EUR,JPY,2024-09-27,154.62
574,EUR,MXN,2024-09-27,18.10
575,EUR,USD,2024-09-27,1.07
576,EUR,CHF,2024-09-30,0.95
577,EUR,GBP,2024-09-30,0.87
578,EUR,JPY,2024-09-30,155.03
579,EUR,MXN,2024-09-30,18.09
580,EUR,USD,2024-09-30,1.07
581,EUR,CHF,2024-10-01,0.95
582,EUR,GBP,2024-10-01,0.87
583,EUR,JPY,2024-10-01,155.18
584,EUR,MXN,2024-10-01,18.15
585,EUR,USD,2024-10-01,1.07
586,EUR,CHF,2024-10-02,0.96
587,EUR,GBP,2024-10-02,0.87
588,EUR,JPY,2024-10-02,154.68
589,EUR,MXN,2024-10-02,18.07
590,EUR,USD,2024-10-02,1.06
591,EUR,CHF,2024-10-03,0.95
592,EUR,GBP,2024-10-03,0.87
593,EUR,JPY,2024-10-03,155.08
594,EUR,MXN,2024-10-03,17.99
595,EUR,USD,2024-10-03,1.07
596,EUR,CHF,2024-10-04,0.95
597,EUR,GBP,2024-10-04,0.87
598,EUR,JPY,2024-10-04,155.24
599,EUR,MXN,2024-10-04,18.02
600,EUR,USD,2024-10-04,1.07
601,EUR,CHF,2024-10-07,0.94
602,EUR,GBP,2024-10-07,0.87
603,EUR,JPY,2024-10-07,155.01
604,EUR,MXN,2024-10-07,18.05
605,EUR,USD,2024-10-07,1.07
606,EUR,CHF,2024-10-08,0.94
607,EUR,GBP,2024-10-08,0.87
608,EUR,JPY,2024-10-08,155.57
609,EUR,MXN,2024-10-08,17.97
610,EUR,USD,2024-10-08,1.07
611,EUR,CHF,2024-10-09,0.94
612,EUR,GBP,2024-10-09,0.87
613,EUR,JPY,2024-10-09,155.38
614,EUR,MXN,2024-10-09,17.99
615,EUR,USD,2024-10-09,1.07
616,EUR,CHF,2024-10-10,0.95
617,EUR,GBP,2024-10-10,0.87
618,EUR,JPY,2024-10-10,156.92
619,EUR,MXN,2024-10-10,17.80
620,EUR,USD,2024-10-10,1.07
621,EUR,CHF,2024-10-11,0.95
622,EUR,GBP,2024-10-11,0.88
623,EUR,JPY,2024-10-11,156.75
624,EUR,MXN,2024-10-11,17.82
625,EUR,USD,2024-10-11,1.07
626,EUR,CHF,2024-10-14,0.95
627,EUR,GBP,2024-10-14,0.87
628,EUR,JPY,2024-10-14,157.07
629,EUR,MXN,2024-10-14,17.74
630,EUR,USD,2024-10-14,1.08
631,EUR,CHF,2024-10-15,0.95
632,EUR,GBP,2024-10-15,0.88
633,EUR,JPY,2024-10-15,157.36
634,EUR,MXN,2024-10-15,17.77
635,EUR,USD,2024-10-15,1.07
636,EUR,CHF,2024-10-16,0.94
637,EUR,GBP,2024-10-16,0.87
638,EUR,JPY,2024-10-16,157.49
639,EUR,MXN,2024-10-16,17.81
640,EUR,USD,2024-10-16,1.08
641,EUR,CHF,2024-10-17,0.94
642,EUR,GBP,2024-10-17,0.87
643,EUR,JPY,2024-10-17,159.10
644,EUR,MXN,2024-10-17,17.84
645,EUR,USD,2024-10-17,1.08
646,EUR,CHF,2024-10-18,0.94
647,EUR,GBP,2024-10-18,0.87
648,EUR,JPY,2024-10-18,158.84
649,EUR,MXN,2024-10-18,17.81
650,EUR,USD,2024-10-18,1.08
651,EUR,CHF,2024-10-21,0.95
652,EUR,GBP,2024-10-21,0.87
653,EUR,JPY,2024-10-21,157.33
654,EUR,MXN,2024-10-21,17.81
655,EUR,USD,2024-10-21,1.08
656,EUR,CHF,2024-10-22,0.94
657,EUR,GBP,2024-10-22,0.86
658,EUR,JPY,2024-10-22,156.90
659,EUR,MXN,2024-10-22,17.83
660,EUR,USD,2024-10-22,1.08
661,EUR,CHF,2024-10-23,0.94
662,EUR,GBP,2024-10-23,0.87
663,EUR,JPY,2024-10-23,157.44
664,EUR,MXN,2024-10-23,17.95
665,EUR,USD,2024-10-23,1.07
666,EUR,CHF,2024-10-24,0.93
667,EUR,GBP,2024-10-24,0.87
668,EUR,JPY,2024-10-24,158.33
669,EUR,MXN,2024-10-24,17.97
670,EUR,USD,2024-10-24,1.08
671,EUR,CHF,2024-10-25,0.94
672,EUR,GBP,2024-10-25,0.87
673,EUR,JPY,2024-10-25,157.49
674,EUR,MXN,2024-10-25,17.98
675,EUR,USD,2024-10-25,1.08
676,EUR,CHF,2024-10-28,0.94
677,EUR,GBP,2024-10-28,0.87
678,EUR,JPY,2024-10-28,157.31
679,EUR,MXN,2024-10-28,18.03
680,EUR,USD,2024-10-28,1.07
681,EUR,CHF,2024-10-29,0.94
682,EUR,GBP,2024-10-29,0.87
683,EUR,JPY,2024-10-29,156.60
684,EUR,MXN,2024-10-29,18.02
685,EUR,USD,2024-10-29,1.07
686,EUR,CHF,2024-10-30,0.94
687,EUR,GBP,2024-10-30,0.87
688,EUR,JPY,2024-10-30,156.47
689,EUR,MXN,2024-10-30,18.01
690,EUR,USD,2024-10-30,1.07
691,EUR,CHF,2024-10-31,0.94
692,EUR,GBP,2024-10-31,0.86
693,EUR,JPY,2024-10-31,158.70
694,EUR,MXN,2024-10-31,17.99
695,EUR,USD,2024-10-31,1.07
696,EUR,CHF,2024-11-01,0.94
697,EUR,GBP,2024-11-01,0.86
698,EUR,JPY,2024-11-01,158.01
699,EUR,MXN,2024-11-01,17.95
700,EUR,USD,2024-11-01,1.08
701,EUR,CHF,2024-11-04,0.94
702,EUR,GBP,2024-11-04,0.87
703,EUR,JPY,2024-11-04,158.84
704,EUR,MXN,2024-11-04,17.91
705,EUR,USD,2024-11-04,1.09
706,EUR,CHF,2024-11-05,0.93
707,EUR,GBP,2024-11-05,0.87
708,EUR,JPY,2024-11-05,158.97
709,EUR,MXN,2024-11-05,17.78
710,EUR,USD,2024-11-05,1.08
711,EUR,CHF,2024-11-06,0.93
712,EUR,GBP,2024-11-06,0.87
713,EUR,JPY,2024-11-06,159.23
714,EUR,MXN,2024-11-06,17.81
715,EUR,USD,2024-11-06,1.08
716,EUR,CHF,2024-11-07,0.93
717,EUR,GBP,2024-11-07,0.88
718,EUR,JPY,2024-11-07,159.25
719,EUR,MXN,2024-11-07,17.82
720,EUR,USD,2024-11-07,1.08
721,EUR,CHF,2024-11-08,0.92
722,EUR,GBP,2024-11-08,0.87
723,EUR,JPY,2024-11-08,158.98
724,EUR,MXN,2024-11-08,17.84
725,EUR,USD,2024-11-08,1.08
726,EUR,CHF,2024-11-11,0.92
727,EUR,GBP,2024-11-11,0.88
728,EUR,JPY,2024-11-11,158.63
729,EUR,MXN,2024-11-11,17.84
730,EUR,USD,2024-11-11,1.08
731,EUR,CHF,2024-11-12,0.93
732,EUR,GBP,2024-11-12,0.88
733,EUR,JPY,2024-11-12,158.69
734,EUR,MXN,2024-11-12,17.78
735,EUR,USD,2024-11-12,1.08
736,EUR,CHF,2024-11-13,0.93
737,EUR,GBP,2024-11-13,0.88
738,EUR,JPY,2024-11-13,158.59
739,EUR,MXN,2024-11-13,17.74
740,EUR,USD,2024-11-13,1.08
741,EUR,CHF,2024-11-14,0.94
742,EUR,GBP,2024-11-14,0.88
743,EUR,JPY,2024-11-14,158.32
744,EUR,MXN,2024-11-14,17.75
745,EUR,USD,2024-11-14,1.08
746,EUR,CHF,2024-11-15,0.94
747,EUR,GBP,2024-11-15,0.88
748,EUR,JPY,2024-11-15,158.56
749,EUR,MXN,2024-11-15,17.72
750,EUR,USD,2024-11-15,1.08
751,EUR,CHF,2024-11-18,0.95
752,EUR,GBP,2024-11-18,0.88
753,EUR,JPY,2024-11-18,158.41
754,EUR,MXN,2024-11-18,17.79
755,EUR,USD,2024-11-18,1.08
756,EUR,CHF,2024-11-19,0.94
757,EUR,GBP,2024-11-19,0.88
758,EUR,JPY,2024-11-19,159.42
759,EUR,MXN,2024-11-19,17.73
760,EUR,USD,2024-11-19,1.09
761,EUR,CHF,2024-11-20,0.94
762,EUR,GBP,2024-11-20,0.88
763,EUR,JPY,2024-11-20,159.76
764,EUR,MXN,2024-11-20,17.76
765,EUR,USD,2024-11-20,1.09
766,EUR,CHF,2024-11-21,0.94
767,EUR,GBP,2024-11-21,0.88
768,EUR,JPY,2024-11-21,160.44
769,EUR,MXN,2024-11-21,17.80
770,EUR,USD,2024-11-21,1.10
771,EUR,CHF,2024-11-22,0.94
772,EUR,GBP,2024-11-22,0.88
773,EUR,JPY,2024-11-22,159.39
774,EUR,MXN,2024-11-22,17.83
775,EUR,USD,2024-11-22,1.10
776,EUR,CHF,2024-11-25,0.94
777,EUR,GBP,2024-11-25,0.88
778,EUR,JPY,2024-11-25,158.97
779,EUR,MXN,2024-11-25,17.83
780,EUR,USD,2024-11-25,1.10
781,EUR,CHF,2024-11-26,0.94
782,EUR,GBP,2024-11-26,0.88
783,EUR,JPY,2024-11-26,159.57
784,EUR,MXN,2024-11-26,17.88
785,EUR,USD,2024-11-26,1.10
786,EUR,CHF,2024-11-27,0.94
787,EUR,GBP,2024-11-27,0.88
788,EUR,JPY,2024-11-27,160.26
789,EUR,MXN,2024-11-27,17.88
790,EUR,USD,2024-11-27,1.10
791,EUR,CHF,2024-11-28,0.94
792,EUR,GBP,2024-11-28,0.88
793,EUR,JPY,2024-11-28,159.01
794,EUR,MXN,2024-11-28,17.98
795,EUR,USD,2024-11-28,1.10
796,EUR,CHF,2024-11-29,0.94
797,EUR,GBP,2024-11-29,0.88
798,EUR,JPY,2024-11-29,159.26
799,EUR,MXN,2024-11-29,17.91
800,EUR,USD,2024-11-29,1.11
801,EUR,CHF,2024-12-02,0.94
802,EUR,GBP,2024-12-02,0.88
803,EUR,JPY,2024-12-02,160.26
804,EUR,MXN,2024-12-02,17.85
805,EUR,USD,2024-12-02,1.10
806,EUR,CHF,2024-12-03,0.94
807,EUR,GBP,2024-12-03,0.89
808,EUR,JPY,2024-12-03,160.48
809,EUR,MXN,2024-12-03,17.75
810,EUR,USD,2024-12-03,1.10
811,EUR,CHF,2024-12-04,0.94
812,EUR,GBP,2024-12-04,0.88
813,EUR,JPY,2024-12-04,160.51
814,EUR,MXN,2024-12-04,17.70
815,EUR,USD,2024-12-04,1.10
816,EUR,CHF,2024-12-05,0.94
817,EUR,GBP,2024-12-05,0.89
818,EUR,JPY,2024-12-05,161.84
819,EUR,MXN,2024-12-05,17.77
820,EUR,USD,2024-12-05,1.09
821,EUR,CHF,2024-12-06,0.95
822,EUR,GBP,2024-12-06,0.89
823,EUR,JPY,2024-12-06,162.26
824,EUR,MXN,2024-12-06,17.86
825,EUR,USD,2024-12-06,1.09
826,EUR,CHF,2024-12-09,0.94
827,EUR,GBP,2024-12-09,0.89
828,EUR,JPY,2024-12-09,161.83
829,EUR,MXN,2024-12-09,18.02
830,EUR,USD,2024-12-09,1.09
831,EUR,CHF,2024-12-10,0.95
832,EUR,GBP,2024-12-10,0.89
833,EUR,JPY,2024-12-10,161.70
834,EUR,MXN,2024-12-10,18.11
835,EUR,USD,2024-12-10,1.09
836,EUR,CHF,2024-12-11,0.96
837,EUR,GBP,2024-12-11,0.89
838,EUR,JPY,2024-12-11,162.84
839,EUR,MXN,2024-12-11,18.09
840,EUR,USD,2024-12-11,1.09
841,EUR,CHF,2024-12-12,0.96
842,EUR,GBP,2024-12-12,0.88
843,EUR,JPY,2024-12-12,161.84
844,EUR,MXN,2024-12-12,17.93
845,EUR,USD,2024-12-12,1.09
846,EUR,CHF,2024-12-13,0.95
847,EUR,GBP,2024-12-13,0.88
848,EUR,JPY,2024-12-13,162.25
849,EUR,MXN,2024-12-13,18.08
850,EUR,USD,2024-12-13,1.10
851,EUR,CHF,2024-12-16,0.95
852,EUR,GBP,2024-12-16,0.88
853,EUR,JPY,2024-12-16,161.35
854,EUR,MXN,2024-12-16,17.90
855,EUR,USD,2024-12-16,1.09
856,EUR,CHF,2024-12-17,0.96
857,EUR,GBP,2024-12-17,0.88
858,EUR,JPY,2024-12-17,162.16
859,EUR,MXN,2024-12-17,17.99
860,EUR,USD,2024-12-17,1.09
861,EUR,CHF,2024-12-18,0.96
862,EUR,GBP,2024-12-18,0.89
863,EUR,JPY,2024-12-18,161.87
864,EUR,MXN,2024-12-18,18.07
865,EUR,USD,2024-12-18,1.08
866,EUR,CHF,2024-12-19,0.96
867,EUR,GBP,2024-12-19,0.89
868,EUR,JPY,2024-12-19,161.00
869,EUR,MXN,2024-12-19,18.04
870,EUR,USD,2024-12-19,1.07
871,EUR,CHF,2024-12-20,0.96
872,EUR,GBP,2024-12-20,0.89
873,EUR,JPY,2024-12-20,161.40
874,EUR,MXN,2024-12-20,18.24
875,EUR,USD,2024-12-20,1.07
876,EUR,CHF,2024-12-23,0.96
877,EUR,GBP,2024-12-23,0.89
878,EUR,JPY,2024-12-23,160.18
879,EUR,MXN,2024-12-23,18.31
880,EUR,USD,2024-12-23,1.07
881,EUR,CHF,2024-12-24,0.96
882,EUR,GBP,2024-12-24,0.89
883,EUR,JPY,2024-12-24,159.60
884,EUR,MXN,2024-12-24,18.43
885,EUR,USD,2024-12-24,1.07
886,EUR,CHF,2024-12-25,0.96
887,EUR,GBP,2024-12-25,0.89
888,EUR,JPY,2024-12-25,158.59
889,EUR,MXN,2024-12-25,18.39
890,EUR,USD,2024-12-25,1.07
891,EUR,CHF,2024-12-26,0.95
892,EUR,GBP,2024-12-26,0.89
893,EUR,JPY,2024-12-26,159.49
894,EUR,MXN,2024-12-26,18.48
895,EUR,USD,2024-12-26,1.07
896,EUR,CHF,2024-12-27,0.95
897,EUR,GBP,2024-12-27,0.89
898,EUR,JPY,2024-12-27,160.04
899,EUR,MXN,2024-12-27,18.51
900,EUR,USD,2024-12-27,1.08
901,EUR,CHF,2024-12-30,0.95
902,EUR,GBP,2024-12-30,0.88
903,EUR,JPY,2024-12-30,160.22
904,EUR,MXN,2024-12-30,18.55
905,EUR,USD,2024-12-30,1.08
906,EUR,CHF,2024-12-31,0.95
907,EUR,GBP,2024-12-31,0.89
908,EUR,JPY,2024-12-31,160.41
909,EUR,MXN,2024-12-31,18.53
910,EUR,USD,2024-12-31,1.07
911,EUR,CHF,2025-01-01,0.94
912,EUR,GBP,2025-01-01,0.89
913,EUR,JPY,2025-01-01,160.13
914,EUR,MXN,2025-01-01,18.53
915,EUR,USD,2025-01-01,1.08
916,EUR,CHF,2025-01-02,0.95
917,EUR,GBP,2025-01-02,0.89
918,EUR,JPY,2025-01-02,160.93
919,EUR,MXN,2025-01-02,18.54
920,EUR,USD,2025-01-02,1.08
921,EUR,CHF,2025-01-03,0.94
922,EUR,GBP,2025-01-03,0.88
923,EUR,JPY,2025-01-03,160.50
924,EUR,MXN,2025-01-03,18.48
925,EUR,USD,2025-01-03,1.08
926,EUR,CHF,2025-01-06,0.95
927,EUR,GBP,2025-01-06,0.88
928,EUR,JPY,2025-01-06,161.22
929,EUR,MXN,2025-01-06,18.40
930,EUR,USD,2025-01-06,1.08
931,EUR,CHF,2025-01-07,0.95
932,EUR,GBP,2025-01-07,0.88
933,EUR,JPY,2025-01-07,161.05
934,EUR,MXN,2025-01-07,18.44
935,EUR,USD,2025-01-07,1.08
936,EUR,CHF,2025-01-08,0.95
937,EUR,GBP,2025-01-08,0.88
938,EUR,JPY,2025-01-08,160.36
939,EUR,MXN,2025-01-08,18.49
940,EUR,USD,2025-01-08,1.08
941,EUR,CHF,2025-01-09,0.95
942,EUR,GBP,2025-01-09,0.89
943,EUR,JPY,2025-01-09,160.09
944,EUR,MXN,2025-01-09,18.57
945,EUR,USD,2025-01-09,1.08
946,EUR,CHF,2025-01-10,0.95
947,EUR,GBP,2025-01-10,0.89
948,EUR,JPY,2025-01-10,159.39
949,EUR,MXN,2025-01-10,18.63
950,EUR,USD,2025-01-10,1.09
951,EUR,CHF,2025-01-13,0.95
952,EUR,GBP,2025-01-13,0.89
953,EUR,JPY,2025-01-13,158.53
954,EUR,MXN,2025-01-13,18.69
955,EUR,USD,2025-01-13,1.08
956,EUR,CHF,2025-01-14,0.95
957,EUR,GBP,2025-01-14,0.89
958,EUR,JPY,2025-01-14,158.56
959,EUR,MXN,2025-01-14,18.68
960,EUR,USD,2025-01-14,1.09
961,EUR,CHF,2025-01-15,0.94
962,EUR,GBP,2025-01-15,0.89
963,EUR,JPY,2025-01-15,159.59
964,EUR,MXN,2025-01-15,18.61
965,EUR,USD,2025-01-15,1.09
966,EUR,CHF,2025-01-16,0.95
967,EUR,GBP,2025-01-16,0.88
968,EUR,JPY,2025-01-16,159.08
969,EUR,MXN,2025-01-16,18.80
970,EUR,USD,2025-01-16,1.09
971,EUR,CHF,2025-01-17,0.95
972,EUR,GBP,2025-01-17,0.88
973,EUR,JPY,2025-01-17,159.11
974,EUR,MXN,2025-01-17,18.74
975,EUR,USD,2025-01-17,1.09
976,EUR,CHF,2025-01-20,0.96
977,EUR,GBP,2025-01-20,0.88
978,EUR,JPY,2025-01-20,158.98
979,EUR,MXN,2025-01-20,18.70
980,EUR,USD,2025-01-20,1.09
981,EUR,CHF,2025-01-21,0.96
982,EUR,GBP,2025-01-21,0.89
983,EUR,JPY,2025-01-21,158.10
984,EUR,MXN,2025-01-21,18.69
985,EUR,USD,2025-01-21,1.10
986,EUR,CHF,2025-01-22,0.95
987,EUR,GBP,2025-01-22,0.89
988,EUR,JPY,2025-01-22,159.48
989,EUR,MXN,2025-01-22,18.83
990,EUR,USD,2025-01-22,1.10
991,EUR,CHF,2025-01-23,0.96
992,EUR,GBP,2025-01-23,0.89
993,EUR,JPY,2025-01-23,158.99
994,EUR,MXN,2025-01-23,19.02
995,EUR,USD,2025-01-23,1.10
996,EUR,CHF,2025-01-24,0.96
997,EUR,GBP,2025-01-24,0.89
998,EUR,JPY,2025-01-24,159.50
999,EUR,MXN,2025-01-24,19.04
1000,EUR,USD,2025-01-24,1.10
1001,EUR,CHF,2025-01-27,0.96
1002,EUR,GBP,2025-01-27,0.88
1003,EUR,JPY,2025-01-27,159.55
1004,EUR,MXN,2025-01-27,18.99
1005,EUR,USD,2025-01-27,1.10
1006,EUR,CHF,2025-01-28,0.95
1007,EUR,GBP,2025-01-28,0.88
1008,EUR,JPY,2025-01-28,159.70
1009,EUR,MXN,2025-01-28,18.89
1010,EUR,USD,2025-01-28,1.10
1011,EUR,CHF,2025-01-29,0.95
1012,EUR,GBP,2025-01-29,0.88
1013,EUR,JPY,2025-01-29,158.65
1014,EUR,MXN,2025-01-29,19.00
1015,EUR,USD,2025-01-29,1.09
1016,EUR,CHF,2025-01-30,0.95
1017,EUR,GBP,2025-01-30,0.88
1018,EUR,JPY,2025-01-30,159.19
1019,EUR,MXN,2025-01-30,19.00
1020,EUR,USD,2025-01-30,1.09
1021,EUR,CHF,2025-01-31,0.95
1022,EUR,GBP,2025-01-31,0.88
1023,EUR,JPY,2025-01-31,158.93
1024,EUR,MXN,2025-01-31,18.98
1025,EUR,USD,2025-01-31,1.09
1026,EUR,CHF,2025-02-03,0.96
1027,EUR,GBP,2025-02-03,0.89
1028,EUR,JPY,2025-02-03,159.92
1029,EUR,MXN,2025-02-03,19.07
1030,EUR,USD,2025-02-03,1.09
1031,EUR,CHF,2025-02-04,0.96
1032,EUR,GBP,2025-02-04,0.88
1033,EUR,JPY,2025-02-04,158.72
1034,EUR,MXN,2025-02-04,19.12
1035,EUR,USD,2025-02-04,1.09
1036,EUR,CHF,2025-02-05,0.95
1037,EUR,GBP,2025-02-05,0.89
1038,EUR,JPY,2025-02-05,158.36
1039,EUR,MXN,2025-02-05,19.06
1040,EUR,USD,2025-02-05,1.09
1041,EUR,CHF,2025-02-06,0.95
1042,EUR,GBP,2025-02-06,0.89
1043,EUR,JPY,2025-02-06,159.72
1044,EUR,MXN,2025-02-06,19.03
1045,EUR,USD,2025-02-06,1.09
1046,EUR,CHF,2025-02-07,0.95
1047,EUR,GBP,2025-02-07,0.89
1048,EUR,JPY,2025-02-07,159.32
1049,EUR,MXN,2025-02-07,19.09
1050,EUR,USD,2025-02-07,1.10
1051,EUR,CHF,2025-02-10,0.94
1052,EUR,GBP,2025-02-10,0.88
1053,EUR,JPY,2025-02-10,159.74
1054,EUR,MXN,2025-02-10,19.08
1055,EUR,USD,2025-02-10,1.10
1056,EUR,CHF,2025-02-11,0.94
1057,EUR,GBP,2025-02-11,0.88
1058,EUR,JPY,2025-02-11,160.05
1059,EUR,MXN,2025-02-11,19.06
1060,EUR,USD,2025-02-11,1.10
1061,EUR,CHF,2025-02-12,0.94
1062,EUR,GBP,2025-02-12,0.88
1063,EUR,JPY,2025-02-12,159.18
1064,EUR,MXN,2025-02-12,19.14
1065,EUR,USD,2025-02-12,1.09
1066,EUR,CHF,2025-02-13,0.94
1067,EUR,GBP,2025-02-13,0.88
1068,EUR,JPY,2025-02-13,159.34
1069,EUR,MXN,2025-02-13,19.09
1070,EUR,USD,2025-02-13,1.10
1071,EUR,CHF,2025-02-14,0.95
1072,EUR,GBP,2025-02-14,0.88
1073,EUR,JPY,2025-02-14,159.86
1074,EUR,MXN,2025-02-14,19.15
1075,EUR,USD,2025-02-14,1.09
1076,EUR,CHF,2025-02-17,0.95
1077,EUR,GBP,2025-02-17,0.88
1078,EUR,JPY,2025-02-17,159.24
1079,EUR,MXN,2025-02-17,19.11
1080,EUR,USD,2025-02-17,1.09
1081,EUR,CHF,2025-02-18,0.95
1082,EUR,GBP,2025-02-18,0.88
1083,EUR,JPY,2025-02-18,159.13
1084,EUR,MXN,2025-02-18,19.17
1085,EUR,USD,2025-02-18,1.09
1086,EUR,CHF,2025-02-19,0.94
1087,EUR,GBP,2025-02-19,0.88
1088,EUR,JPY,2025-02-19,158.09
1089,EUR,MXN,2025-02-19,19.26
1090,EUR,USD,2025-02-19,1.09
1091,EUR,CHF,2025-02-20,0.94
1092,EUR,GBP,2025-02-20,0.87
1093,EUR,JPY,2025-02-20,158.04
1094,EUR,MXN,2025-02-20,19.25
1095,EUR,USD,2025-02-20,1.08
1096,EUR,CHF,2025-02-21,0.94
1097,EUR,GBP,2025-02-21,0.88
1098,EUR,JPY,2025-02-21,157.82
1099,EUR,MXN,2025-02-21,19.32
1100,EUR,USD,2025-02-21,1.08
1101,EUR,CHF,2025-02-24,0.94
1102,EUR,GBP,2025-02-24,0.89
1103,EUR,JPY,2025-02-24,157.69
1104,EUR,MXN,2025-02-24,19.27
1105,EUR,USD,2025-02-24,1.08
1106,EUR,CHF,2025-02-25,0.94
1107,EUR,GBP,2025-02-25,0.88
1108,EUR,JPY,2025-02-25,157.99
1109,EUR,MXN,2025-02-25,19.20
1110,EUR,USD,2025-02-25,1.08
1111,EUR,CHF,2025-02-26,0.94
1112,EUR,GBP,2025-02-26,0.88
1113,EUR,JPY,2025-02-26,159.03
1114,EUR,MXN,2025-02-26,19.15
1115,EUR,USD,2025-02-26,1.09
1116,EUR,CHF,2025-02-27,0.94
1117,EUR,GBP,2025-02-27,0.89
1118,EUR,JPY,2025-02-27,159.79
1119,EUR,MXN,2025-02-27,19.15
1120,EUR,USD,2025-02-27,1.09
1121,EUR,CHF,2025-02-28,0.94
1122,EUR,GBP,2025-02-28,0.89
1123,EUR,JPY,2025-02-28,160.04
1124,EUR,MXN,2025-02-28,19.18
1125,EUR,USD,2025-02-28,1.09
1126,EUR,CHF,2025-03-03,0.94
1127,EUR,GBP,2025-03-03,0.89
1128,EUR,JPY,2025-03-03,159.48
1129,EUR,MXN,2025-03-03,19.09
1130,EUR,USD,2025-03-03,1.08
1131,EUR,CHF,2025-03-04,0.94
1132,EUR,GBP,2025-03-04,0.89
1133,EUR,JPY,2025-03-04,158.48
1134,EUR,MXN,2025-03-04,18.94
1135,EUR,USD,2025-03-04,1.08
1136,EUR,CHF,2025-03-05,0.93
1137,EUR,GBP,2025-03-05,0.89
1138,EUR,JPY,2025-03-05,159.71
1139,EUR,MXN,2025-03-05,18.82
1140,EUR,USD,2025-03-05,1.08
1141,EUR,CHF,2025-03-06,0.93
1142,EUR,GBP,2025-03-06,0.89
1143,EUR,JPY,2025-03-06,159.20
1144,EUR,MXN,2025-03-06,18.97
1145,EUR,USD,2025-03-06,1.08
1146,EUR,CHF,2025-03-07,0.94
1147,EUR,GBP,2025-03-07,0.89
1148,EUR,JPY,2025-03-07,159.31
1149,EUR,MXN,2025-03-07,18.86
1150,EUR,USD,2025-03-07,1.08
1151,EUR,CHF,2025-03-10,0.93
1152,EUR,GBP,2025-03-10,0.88
1153,EUR,JPY,2025-03-10,159.63
1154,EUR,MXN,2025-03-10,18.78
1155,EUR,USD,2025-03-10,1.08
1156,EUR,CHF,2025-03-11,0.93
1157,EUR,GBP,2025-03-11,0.89
1158,EUR,JPY,2025-03-11,159.67
1159,EUR,MXN,2025-03-11,18.79
1160,EUR,USD,2025-03-11,1.08
1161,EUR,CHF,2025-03-12,0.94
1162,EUR,GBP,2025-03-12,0.89
1163,EUR,JPY,2025-03-12,160.38
1164,EUR,MXN,2025-03-12,18.85
1165,EUR,USD,2025-03-12,1.08
1166,EUR,CHF,2025-03-13,0.93
1167,EUR,GBP,2025-03-13,0.88
1168,EUR,JPY,2025-03-13,160.63
1169,EUR,MXN,2025-03-13,18.89
1170,EUR,USD,2025-03-13,1.08
1171,EUR,CHF,2025-03-14,0.93
1172,EUR,GBP,2025-03-14,0.88
1173,EUR,JPY,2025-03-14,160.87
1174,EUR,MXN,2025-03-14,18.88
1175,EUR,USD,2025-03-14,1.08
1176,EUR,CHF,2025-03-17,0.92
1177,EUR,GBP,2025-03-17,0.88
1178,EUR,JPY,2025-03-17,161.35
1179,EUR,MXN,2025-03-17,18.86
1180,EUR,USD,2025-03-17,1.08
1181,EUR,CHF,2025-03-18,0.93
1182,EUR,GBP,2025-03-18,0.88
1183,EUR,JPY,2025-03-18,161.03
1184,EUR,MXN,2025-03-18,18.90
1185,EUR,USD,2025-03-18,1.08
1186,EUR,CHF,2025-03-19,0.93
1187,EUR,GBP,2025-03-19,0.88
1188,EUR,JPY,2025-03-19,160.87
1189,EUR,MXN,2025-03-19,18.87
1190,EUR,USD,2025-03-19,1.08
1191,EUR,CHF,2025-03-20,0.93
1192,EUR,GBP,2025-03-20,0.88
1193,EUR,JPY,2025-03-20,161.46
1194,EUR,MXN,2025-03-20,18.96
1195,EUR,USD,2025-03-20,1.08
1196,EUR,CHF,2025-03-21,0.94
1197,EUR,GBP,2025-03-21,0.88
1198,EUR,JPY,2025-03-21,162.37
1199,EUR,MXN,2025-03-21,18.93
1200,EUR,USD,2025-03-21,1.08
1201,EUR,CHF,2025-03-24,0.94
1202,EUR,GBP,2025-03-24,0.88
1203,EUR,JPY,2025-03-24,161.44
1204,EUR,MXN,2025-03-24,18.89
1205,EUR,USD,2025-03-24,1.09
1206,EUR,CHF,2025-03-25,0.94
1207,EUR,GBP,2025-03-25,0.88
1208,EUR,JPY,2025-03-25,161.32
1209,EUR,MXN,2025-03-25,18.86
1210,EUR,USD,2025-03-25,1.09
1211,EUR,CHF,2025-03-26,0.94
1212,EUR,GBP,2025-03-26,0.88
1213,EUR,JPY,2025-03-26,160.20
1214,EUR,MXN,2025-03-26,18.96
1215,EUR,USD,2025-03-26,1.09
1216,EUR,CHF,2025-03-27,0.93
1217,EUR,GBP,2025-03-27,0.89
1218,EUR,JPY,2025-03-27,159.56
1219,EUR,MXN,2025-03-27,19.05
1220,EUR,USD,2025-03-27,1.09
1221,EUR,CHF,2025-03-28,0.93
1222,EUR,GBP,2025-03-28,0.89
1223,EUR,JPY,2025-03-28,158.73
1224,EUR,MXN,2025-03-28,19.08
1225,EUR,USD,2025-03-28,1.09
1226,EUR,CHF,2025-03-31,0.94
1227,EUR,GBP,2025-03-31,0.89
1228,EUR,JPY,2025-03-31,158.16
1229,EUR,MXN,2025-03-31,19.08
1230,EUR,USD,2025-03-31,1.09
1231,EUR,CHF,2025-04-01,0.94
1232,EUR,GBP,2025-04-01,0.89
1233,EUR,JPY,2025-04-01,158.20
1234,EUR,MXN,2025-04-01,19.19
1235,EUR,USD,2025-04-01,1.10
1236,EUR,CHF,2025-04-02,0.94
1237,EUR,GBP,2025-04-02,0.90
1238,EUR,JPY,2025-04-02,158.12
1239,EUR,MXN,2025-04-02,19.24
1240,EUR,USD,2025-04-02,1.10
1241,EUR,CHF,2025-04-03,0.93
1242,EUR,GBP,2025-04-03,0.90
1243,EUR,JPY,2025-04-03,158.46
1244,EUR,MXN,2025-04-03,19.25
1245,EUR,USD,2025-04-03,1.10
1246,EUR,CHF,2025-04-04,0.93
1247,EUR,GBP,2025-04-04,0.89
1248,EUR,JPY,2025-04-04,158.52
1249,EUR,MXN,2025-04-04,19.07
1250,EUR,USD,2025-04-04,1.10
1251,EUR,CHF,2025-04-07,0.93
1252,EUR,GBP,2025-04-07,0.89
1253,EUR,JPY,2025-04-07,160.13
1254,EUR,MXN,2025-04-07,19.13
1255,EUR,USD,2025-04-07,1.10
1256,EUR,CHF,2025-04-08,0.93
1257,EUR,GBP,2025-04-08,0.89
1258,EUR,JPY,2025-04-08,160.68
1259,EUR,MXN,2025-04-08,19.05
1260,EUR,USD,2025-04-08,1.10
1261,EUR,CHF,2025-04-09,0.94
1262,EUR,GBP,2025-04-09,0.89
1263,EUR,JPY,2025-04-09,159.78
1264,EUR,MXN,2025-04-09,19.14
1265,EUR,USD,2025-04-09,1.10
1266,EUR,CHF,2025-04-10,0.94
1267,EUR,GBP,2025-04-10,0.89
1268,EUR,JPY,2025-04-10,160.64
1269,EUR,MXN,2025-04-10,19.00
1270,EUR,USD,2025-04-10,1.09
1271,EUR,CHF,2025-04-11,0.95
1272,EUR,GBP,2025-04-11,0.89
1273,EUR,JPY,2025-04-11,161.09
1274,EUR,MXN,2025-04-11,19.04
1275,EUR,USD,2025-04-11,1.09
1276,EUR,CHF,2025-04-14,0.95
1277,EUR,GBP,2025-04-14,0.89
1278,EUR,JPY,2025-04-14,162.17
1279,EUR,MXN,2025-04-14,19.05
1280,EUR,USD,2025-04-14,1.09
1281,EUR,CHF,2025-04-15,0.96
1282,EUR,GBP,2025-04-15,0.89
1283,EUR,JPY,2025-04-15,162.00
1284,EUR,MXN,2025-04-15,18.99
1285,EUR,USD,2025-04-15,1.09
1286,EUR,CHF,2025-04-16,0.96
1287,EUR,GBP,2025-04-16,0.89
1288,EUR,JPY,2025-04-16,162.70
1289,EUR,MXN,2025-04-16,19.09
1290,EUR,USD,2025-04-16,1.09
1291,EUR,CHF,2025-04-17,0.96
1292,EUR,GBP,2025-04-17,0.89
1293,EUR,JPY,2025-04-17,162.96
1294,EUR,MXN,2025-04-17,19.12
1295,EUR,USD,2025-04-17,1.09
1296,EUR,CHF,2025-04-18,0.96
1297,EUR,GBP,2025-04-18,0.88
1298,EUR,JPY,2025-04-18,163.56
1299,EUR,MXN,2025-04-18,19.20
1300,EUR,USD,2025-04-18,1.09
1301,EUR,CHF,2025-04-21,0.95
1302,EUR,GBP,2025-04-21,0.88
1303,EUR,JPY,2025-04-21,163.48
1304,EUR,MXN,2025-04-21,19.10
1305,EUR,USD,2025-04-21,1.09
1306,EUR,CHF,2025-04-22,0.95
1307,EUR,GBP,2025-04-22,0.88
1308,EUR,JPY,2025-04-22,163.74
1309,EUR,MXN,2025-04-22,19.36
1310,EUR,USD,2025-04-22,1.09
1311,EUR,CHF,2025-04-23,0.95
1312,EUR,GBP,2025-04-23,0.88
1313,EUR,JPY,2025-04-23,162.45
1314,EUR,MXN,2025-04-23,19.44
1315,EUR,USD,2025-04-23,1.09
1316,EUR,CHF,2025-04-24,0.95
1317,EUR,GBP,2025-04-24,0.88
1318,EUR,JPY,2025-04-24,162.15
1319,EUR,MXN,2025-04-24,19.38
1320,EUR,USD,2025-04-24,1.08
1321,EUR,CHF,2025-04-25,0.96
1322,EUR,GBP,2025-04-25,0.88
1323,EUR,JPY,2025-04-25,162.00
1324,EUR,MXN,2025-04-25,19.41
1325,EUR,USD,2025-04-25,1.08
1326,EUR,CHF,2025-04-28,0.96
1327,EUR,GBP,2025-04-28,0.88
1328,EUR,JPY,2025-04-28,160.88
1329,EUR,MXN,2025-04-28,19.42
1330,EUR,USD,2025-04-28,1.07
1331,EUR,CHF,2025-04-29,0.95
1332,EUR,GBP,2025-04-29,0.88
1333,EUR,JPY,2025-04-29,161.15
1334,EUR,MXN,2025-04-29,19.35
1335,EUR,USD,2025-04-29,1.07
1336,EUR,CHF,2025-04-30,0.95
1337,EUR,GBP,2025-04-30,0.88
1338,EUR,JPY,2025-04-30,161.20
1339,EUR,MXN,2025-04-30,19.31
1340,EUR,USD,2025-04-30,1.06
1341,EUR,CHF,2025-05-01,0.95
1342,EUR,GBP,2025-05-01,0.89
1343,EUR,JPY,2025-05-01,161.30
1344,EUR,MXN,2025-05-01,19.22
1345,EUR,USD,2025-05-01,1.06
1346,EUR,CHF,2025-05-02,0.95
1347,EUR,GBP,2025-05-02,0.89
1348,EUR,JPY,2025-05-02,161.37
1349,EUR,MXN,2025-05-02,19.21
1350,EUR,USD,2025-05-02,1.06
1351,EUR,CHF,2025-05-05,0.95
1352,EUR,GBP,2025-05-05,0.89
1353,EUR,JPY,2025-05-05,160.54
1354,EUR,MXN,2025-05-05,19.28
1355,EUR,USD,2025-05-05,1.06
1356,EUR,CHF,2025-05-06,0.96
1357,EUR,GBP,2025-05-06,0.90
1358,EUR,JPY,2025-05-06,161.61
1359,EUR,MXN,2025-05-06,19.24
1360,EUR,USD,2025-05-06,1.06
1361,EUR,CHF,2025-05-07,0.96
1362,EUR,GBP,2025-05-07,0.89
1363,EUR,JPY,2025-05-07,160.99
1364,EUR,MXN,2025-05-07,19.21
1365,EUR,USD,2025-05-07,1.06
1366,EUR,CHF,2025-05-08,0.96
1367,EUR,GBP,2025-05-08,0.89
1368,EUR,JPY,2025-05-08,160.93
1369,EUR,MXN,2025-05-08,19.19
1370,EUR,USD,2025-05-08,1.06
1371,EUR,CHF,2025-05-09,0.96
1372,EUR,GBP,2025-05-09,0.90
1373,EUR,JPY,2025-05-09,161.25
1374,EUR,MXN,2025-05-09,19.30
1375,EUR,USD,2025-05-09,1.06
1376,EUR,CHF,2025-05-12,0.96
1377,EUR,GBP,2025-05-12,0.90
1378,EUR,JPY,2025-05-12,161.19
1379,EUR,MXN,2025-05-12,19.37
1380,EUR,USD,2025-05-12,1.06
1381,EUR,CHF,2025-05-13,0.96
1382,EUR,GBP,2025-05-13,0.89
1383,EUR,JPY,2025-05-13,161.55
1384,EUR,MXN,2025-05-13,19.33
1385,EUR,USD,2025-05-13,1.06
1386,EUR,CHF,2025-05-14,0.96
1387,EUR,GBP,2025-05-14,0.90
1388,EUR,JPY,2025-05-14,161.32
1389,EUR,MXN,2025-05-14,19.16
1390,EUR,USD,2025-05-14,1.06
1391,EUR,CHF,2025-05-15,0.97
1392,EUR,GBP,2025-05-15,0.89
1393,EUR,JPY,2025-05-15,163.03
1394,EUR,MXN,2025-05-15,19.12
1395,EUR,USD,2025-05-15,1.06
1396,EUR,CHF,2025-05-16,0.97
1397,EUR,GBP,2025-05-16,0.89
1398,EUR,JPY,2025-05-16,163.80
1399,EUR,MXN,2025-05-16,19.13
1400,EUR,USD,2025-05-16,1.06
1401,EUR,CHF,2025-05-19,0.97
1402,EUR,GBP,2025-05-19,0.89
1403,EUR,JPY,2025-05-19,163.39
1404,EUR,MXN,2025-05-19,19.14
1405,EUR,USD,2025-05-19,1.07
1406,EUR,CHF,2025-05-20,0.97
1407,EUR,GBP,2025-05-20,0.89
1408,EUR,JPY,2025-05-20,163.89
1409,EUR,MXN,2025-05-20,19.04
1410,EUR,USD,2025-05-20,1.07
1411,EUR,CHF,2025-05-21,0.97
1412,EUR,GBP,2025-05-21,0.89
1413,EUR,JPY,2025-05-21,164.70
1414,EUR,MXN,2025-05-21,19.17
1415,EUR,USD,2025-05-21,1.07
1416,EUR,CHF,2025-05-22,0.97
1417,EUR,GBP,2025-05-22,0.90
1418,EUR,JPY,2025-05-22,164.44
1419,EUR,MXN,2025-05-22,19.13
1420,EUR,USD,2025-05-22,1.07
1421,EUR,CHF,2025-05-23,0.97
1422,EUR,GBP,2025-05-23,0.90
1423,EUR,JPY,2025-05-23,163.85
1424,EUR,MXN,2025-05-23,19.12
1425,EUR,USD,2025-05-23,1.07
1426,EUR,CHF,2025-05-26,0.97
1427,EUR,GBP,2025-05-26,0.90
1428,EUR,JPY,2025-05-26,163.80
1429,EUR,MXN,2025-05-26,19.01
1430,EUR,USD,2025-05-26,1.08
1431,EUR,CHF,2025-05-27,0.97
1432,EUR,GBP,2025-05-27,0.90
1433,EUR,JPY,2025-05-27,164.10
1434,EUR,MXN,2025-05-27,19.05
1435,EUR,USD,2025-05-27,1.08
1436,EUR,CHF,2025-05-28,0.97
1437,EUR,GBP,2025-05-28,0.90
1438,EUR,JPY,2025-05-28,163.27
1439,EUR,MXN,2025-05-28,19.03
1440,EUR,USD,2025-05-28,1.09
1441,EUR,CHF,2025-05-29,0.97
1442,EUR,GBP,2025-05-29,0.89
1443,EUR,JPY,2025-05-29,164.14
1444,EUR,MXN,2025-05-29,19.07
1445,EUR,USD,2025-05-29,1.09
1446,EUR,CHF,2025-05-30,0.97
1447,EUR,GBP,2025-05-30,0.90
1448,EUR,JPY,2025-05-30,164.35
1449,EUR,MXN,2025-05-30,19.11
1450,EUR,USD,2025-05-30,1.09
1451,EUR,CHF,2025-06-02,0.96
1452,EUR,GBP,2025-06-02,0.89
1453,EUR,JPY,2025-06-02,163.78
1454,EUR,MXN,2025-06-02,18.97
1455,EUR,USD,2025-06-02,1.08
1456,EUR,CHF,2025-06-03,0.96
1457,EUR,GBP,2025-06-03,0.89
1458,EUR,JPY,2025-06-03,163.42
1459,EUR,MXN,2025-06-03,18.94
1460,EUR,USD,2025-06-03,1.08
1461,EUR,CHF,2025-06-04,0.96
1462,EUR,GBP,2025-06-04,0.89
1463,EUR,JPY,2025-06-04,162.27
1464,EUR,MXN,2025-06-04,18.82
1465,EUR,USD,2025-06-04,1.08
1466,EUR,CHF,2025-06-05,0.96
1467,EUR,GBP,2025-06-05,0.89
1468,EUR,JPY,2025-06-05,163.36
1469,EUR,MXN,2025-06-05,18.88
1470,EUR,USD,2025-06-05,1.09
1471,EUR,CHF,2025-06-06,0.96
1472,EUR,GBP,2025-06-06,0.89
1473,EUR,JPY,2025-06-06,164.01
1474,EUR,MXN,2025-06-06,18.92
1475,EUR,USD,2025-06-06,1.08
1476,EUR,CHF,2025-06-09,0.96
1477,EUR,GBP,2025-06-09,0.88
1478,EUR,JPY,2025-06-09,163.98
1479,EUR,MXN,2025-06-09,18.94
1480,EUR,USD,2025-06-09,1.09
1481,EUR,CHF,2025-06-10,0.95
1482,EUR,GBP,2025-06-10,0.88
1483,EUR,JPY,2025-06-10,164.79
1484,EUR,MXN,2025-06-10,19.07
1485,EUR,USD,2025-06-10,1.10
1486,EUR,CHF,2025-06-11,0.95
1487,EUR,GBP,2025-06-11,0.88
1488,EUR,JPY,2025-06-11,164.21
1489,EUR,MXN,2025-06-11,19.11
1490,EUR,USD,2025-06-11,1.11
1491,EUR,CHF,2025-06-12,0.95
1492,EUR,GBP,2025-06-12,0.88
1493,EUR,JPY,2025-06-12,163.72
1494,EUR,MXN,2025-06-12,19.16
1495,EUR,USD,2025-06-12,1.10
1496,EUR,CHF,2025-06-13,0.95
1497,EUR,GBP,2025-06-13,0.89
1498,EUR,JPY,2025-06-13,164.59
1499,EUR,MXN,2025-06-13,19.13
1500,EUR,USD,2025-06-13,1.10
